Specified Values,Specified Attribute Names,mag_class,Fitness,Accuracy,Numerosity,Avg Match Set Size,TimeStamp GA,Iteration Initialized,Specificity,Deletion Probability,Correct Count,Match Count
"0.0, 7.0, 2.0","latitude, dmin_log, station_coverage",4.0,1.0,1.0,12,25.087616215928932,49933,13475,0.25,0.006505834669012145,386,386
"1.0, 6.0, 6.0, 4.0, 4.0, 2.0, 3.0, 0.0, 2.0, 0.0","longitude, latitude, absolute_longitude, dmin_log, rms_log, depth_signed_log, depthError_log, net_us, nst_log, east_west",0.0,1.0,1.0,1,7.0,41896,17612,0.8333333333333334,0.00015127265145186677,3,3
"6.0, 0.0, 5.0, 1.0, 3.0, 2.0","longitude, absolute_longitude, horizontalError_log, net_us, nst_log, station_coverage",2.0,1.0,1.0,1,4.333333333333333,43481,19197,0.5,9.364497470829848e-05,3,3
"1.0, 0.0, 5.0, 5.0, 5.0, 7.0, 5.0","longitude, latitude, dmin_log, rms_log, horizontalError_log, depth_signed_log, depthError_log",3.0,1.0,1.0,1,5.5600000000000005,47277,19365,0.5833333333333334,0.00012015370601033991,7,7
"4.0, 5.0, 2.0, 5.0, 6.0, 0.0","longitude, latitude, absolute_longitude, rms_log, depth_signed_log, east_west",1.0,1.0,1.0,1,4.666666666666667,44675,20391,0.5,0.00010084843430124452,3,3
"6.0, 1.0, 5.0, 5.0, 0.0, 3.0","longitude, absolute_longitude, rms_log, depth_signed_log, east_west, station_coverage",2.0,1.0,1.0,2,4.666666666666667,45724,21440,0.5,0.00020169686860248905,3,3
"6.0, 2.0, 1.0, 6.0, 6.0, 4.0, 0.0","longitude, latitude, absolute_longitude, dmin_log, horizontalError_log, nst_log, east_west",2.0,1.0,1.0,2,5.0,47071,22787,0.5833333333333334,0.00021610378778838112,2,2
"1.0, 4.0, 3.0, 6.0, 0.0, 0.0","absolute_longitude, dmin_log, depth_signed_log, depthError_log, net_us, east_west",0.0,1.0,1.0,1,8.6,48923,24639,0.5,0.00018584925749800775,5,5
"6.0, 5.0, 6.0, 0.0, 2.0","absolute_longitude, horizontalError_log, depthError_log, net_us, nst_log",2.0,1.0,1.0,1,9.666666666666666,49878,25594,0.4166666666666667,0.00020890032819543506,3,3
"5.0, 2.0, 0.0, 0.0","absolute_longitude, dmin_log, net_us, east_west",0.0,1.0,1.0,1,27.966767363369428,49990,26803,0.3333333333333333,0.0006043724359420609,143,143
"7.0, 5.0, 7.0, 7.0, 6.0, 0.0, 1.0, 2.0","longitude, latitude, absolute_longitude, dmin_log, rms_log, net_us, east_west, station_coverage",3.0,1.0,1.0,1,16.64774766592,48291,29566,0.6666666666666666,0.0003597641328750493,15,15
"7.0, 7.0, 6.0, 6.0, 0.0, 1.0","latitude, horizontalError_log, depth_signed_log, depthError_log, net_us, nst_log",0.0,0.13168724279835387,0.6666666666666666,1,9.0,41831,29689,0.5,0.00019449340900954301,2,3
"1.0, 0.0, 4.0, 4.0, 0.0, 2.0, 1.0","longitude, latitude, depth_signed_log, depthError_log, net_us, nst_log, station_coverage",2.0,1.0,1.0,1,8.5,41837,29695,0.5833333333333334,0.00018368821962012395,2,2
"5.0, 7.0, 2.0, 1.0","dmin_log, rms_log, depth_signed_log, net_us",3.0,0.1043582467665522,0.6363636363636364,2,5.6784384,47067,29805,0.3333333333333333,0.0002454264093925989,7,11
"4.0, 3.0, 3.0, 0.0, 3.0, 1.0, 0.0, 2.0","latitude, dmin_log, horizontalError_log, depth_signed_log, depthError_log, nst_log, east_west, station_coverage",1.0,1.0,1.0,1,9.5,42138,29996,0.6666666666666666,0.00020529859839896205,2,2
"6.0, 0.0, 2.0, 3.0, 3.0, 0.0, 0.0, 6.0","longitude, absolute_longitude, dmin_log, horizontalError_log, depthError_log, net_us, east_west, station_coverage",1.0,1.0,1.0,1,3.5,43250,31108,0.6666666666666666,7.563632572593339e-05,2,2
"6.0, 5.0, 5.0, 5.0, 1.0, 0.0, 1.0","absolute_longitude, rms_log, depth_signed_log, depthError_log, net_us, east_west, station_coverage",2.0,1.0,1.0,2,9.0,43382,31240,0.5833333333333334,0.00038898681801908603,3,3
"2.0, 4.0, 5.0, 3.0, 3.0, 6.0","longitude, latitude, dmin_log, rms_log, depthError_log, nst_log",2.0,1.0,1.0,2,7.25,44119,31747,0.5,0.00031335049229315264,4,4
"1.0, 6.0, 6.0, 7.0, 6.0, 0.0, 7.0","longitude, latitude, absolute_longitude, dmin_log, horizontalError_log, net_us, nst_log",3.0,1.0,1.0,1,19.0748242257707,49528,31773,0.5833333333333334,0.00041221417665866225,20,20
"2.0, 0.0, 5.0","absolute_longitude, east_west, station_coverage",0.0,0.15711276683241135,0.690625,3,18.291385194053298,49923,32908,0.25,0.0011858512872993691,221,320
"7.0, 6.0, 4.0","longitude, horizontalError_log, station_coverage",4.0,1.0,1.0,1,24.92667749739406,49865,33516,0.25,0.0005386749424166261,121,121
"1.0, 0.0, 3.0","longitude, net_us, nst_log",1.0,0.2503403425672665,0.7580645161290323,2,14.631935412067953,49953,33520,0.25,0.0006324033330445663,94,124
"6.0, 3.0, 4.0, 0.0, 4.0","longitude, latitude, depth_signed_log, net_us, station_coverage",2.0,1.0,1.0,1,4.0,45903,33761,0.4166666666666667,8.644151511535244e-05,2,2
"1.0, 3.0, 5.0, 1.0","longitude, dmin_log, depth_signed_log, nst_log",0.0,1.0,1.0,1,7.666666666666667,46196,34054,0.3333333333333333,0.00016567957063775887,3,3
"6.0, 1.0, 0.0","latitude, net_us, east_west",3,0.0723117517418705,0.5913461538461539,2,10.398830427992968,49794,34532,0.25,0.0052013405933489815,123,208
"1.0, 4.0, 5.0, 0.0, 2.0, 2.0","absolute_longitude, horizontalError_log, depthError_log, net_us, nst_log, station_coverage",2.0,1.0,1.0,2,3.75,47199,34551,0.5,0.00016207784084128584,4,4
"7.0, 5.0, 6.0, 6.0, 1.0, 7.0, 1.0, 7.0","longitude, dmin_log, rms_log, horizontalError_log, net_us, nst_log, east_west, station_coverage",4.0,1.0,1.0,1,9.333333333333334,47042,34900,0.6666666666666666,0.00020169686860248905,3,3
"3.0, 2.0, 3.0, 0.0, 0.0, 6.0, 0.0, 7.0","latitude, absolute_longitude, rms_log, depthError_log, net_us, nst_log, east_west, station_coverage",2.0,1.0,1.0,1,15.142387199999998,48981,34911,0.6666666666666666,0.0003272327230078298,11,11
"1.0, 4.0, 0.0, 2.0, 2.0","absolute_longitude, horizontalError_log, net_us, nst_log, station_coverage",2.0,1.0,1.0,2,4.75,48222,35057,0.4166666666666667,0.00020529859839896205,4,4
"6.0, 5.0, 1.0, 3.0, 1.0, 2.0, 0.0, 7.0, 0.0","longitude, latitude, absolute_longitude, dmin_log, rms_log, horizontalError_log, depth_signed_log, depthError_log, east_west",1.0,1.0,1.0,1,6.75,48096,35068,0.75,0.00014587005675715725,4,4
"5.0, 0.0, 7.0, 6.0, 5.0, 0.0, 3.0","latitude, dmin_log, rms_log, horizontalError_log, depthError_log, net_us, station_coverage",2.0,1.0,1.0,1,4.5,47449,35307,0.5833333333333334,9.724670450477151e-05,2,2
"5.0, 3.0, 3.0, 1.0, 7.0","latitude, dmin_log, rms_log, depth_signed_log, depthError_log",1.0,0.03125,0.5,1,13.5,47805,35663,0.4166666666666667,0.0002917401135143145,2,4
"6.0, 1.0, 3.0, 1.0, 2.0, 0.0, 7.0, 0.0","longitude, absolute_longitude, dmin_log, rms_log, horizontalError_log, depth_signed_log, depthError_log, east_west",1.0,1.0,1.0,1,7.5,48096,35954,0.6666666666666666,0.00016207784084128584,2,2
"2.0, 0.0, 2.0, 3.0","longitude, net_us, nst_log, station_coverage",1.0,0.8007081039652487,0.9565217391304348,1,23.547061486616297,49900,35966,0.3333333333333333,0.000508860917854369,66,69
"6.0, 0.0, 2.0, 4.0, 2.0, 0.0","longitude, absolute_longitude, dmin_log, depth_signed_log, depthError_log, net_us",1.0,0.2373046875,0.75,1,7.75,48288,36146,0.5,0.00016748043553599536,3,4
"7.0, 5.0, 7.0, 6.0, 2.0","absolute_longitude, dmin_log, horizontalError_log, depthError_log, station_coverage",2.0,0.13168724279835387,0.6666666666666666,1,13.25024,48395,36253,0.4166666666666667,0.0002863427053105119,6,9
"4.0, 2.0, 2.0, 4.0, 2.0, 1.0, 0.0, 0.0, 2.0","longitude, latitude, absolute_longitude, rms_log, depth_signed_log, depthError_log, net_us, east_west, station_coverage",0.0,1.0,1.0,1,6.5,48558,36416,0.75,0.00014046746206244773,2,2
"7.0, 1.0, 5.0","longitude, net_us, station_coverage",4,0.28397280003203734,0.7774193548387097,1,17.98818148554242,49935,36418,0.25,0.0003887314154450545,241,310
"3.0, 7.0, 0.0, 0.0, 7.0","absolute_longitude, depth_signed_log, net_us, east_west, station_coverage",2.0,1.0,1.0,1,10.0,48798,36656,0.4166666666666667,0.00021610378778838112,1,1
"5.0, 7.0, 6.0, 6.0, 5.0, 2.0","absolute_longitude, dmin_log, horizontalError_log, depth_signed_log, nst_log, station_coverage",2.0,1.0,1.0,2,9.25,49650,36737,0.5,0.00039979200740850507,4,4
"4.0, 3.0, 4.0, 0.0, 0.0, 5.0","longitude, absolute_longitude, rms_log, depth_signed_log, net_us, station_coverage",2.0,1.0,1.0,2,12.5,48958,36816,0.5,0.0005402594694709527,2,2
"2.0, 4.0, 4.0, 4.0, 2.0, 0.0","longitude, latitude, absolute_longitude, dmin_log, depthError_log, net_us",1,0.0009765625,0.25,1,9.006778879999999,49560,36845,0.5,0.00019463990317403928,3,12
"1.0, 6.0, 3.0, 3.0, 7.0, 0.0, 1.0","absolute_longitude, dmin_log, horizontalError_log, depth_signed_log, depthError_log, east_west, station_coverage",3.0,1.0,1.0,1,9.472,49948,36897,0.5833333333333334,0.00020469350779315457,7,7
"5.0, 0.0, 5.0","absolute_longitude, east_west, station_coverage",1.0,0.3483753995828605,0.8098591549295775,3,28.625219238620218,49748,36960,0.25,0.0018558054911216005,115,142
"5.0, 4.0, 0.0, 0.0","latitude, depthError_log, nst_log, station_coverage",0.0,0.5838253956189982,0.8979591836734694,1,19.53151319445371,49204,37062,0.3333333333333333,0.000422083398256019,44,49
"0.0, 6.0, 6.0, 0.0","longitude, rms_log, depth_signed_log, east_west",2.0,0.1583729228427086,0.6917293233082706,1,25.413734172127867,49970,37104,0.3333333333333333,0.000549200421644385,92,133
"0.0, 5.0, 1.0, 0.0, 1.0","latitude, depthError_log, net_us, east_west, station_coverage",4.0,0.7835261664684589,0.9523809523809523,3,15.737298814253139,49524,37382,0.4166666666666667,0.0010202669649953106,20,21
"5.0, 4.0, 7.0, 6.0, 5.0, 4.0, 0.0","latitude, absolute_longitude, dmin_log, horizontalError_log, depthError_log, nst_log, east_west",4.0,1.0,1.0,2,7.5200000000000005,49592,37450,0.5833333333333334,0.0003250200968337252,6,6
"5.0, 4.0, 0.0, 0.0, 0.0","latitude, horizontalError_log, nst_log, east_west, station_coverage",0.0,0.17831521367830508,0.7083333333333334,1,20.965475278284238,49671,37529,0.4166666666666667,0.00045307186204208874,51,72
"6.0, 6.0, 5.0, 5.0, 7.0, 1.0, 2.0","longitude, dmin_log, horizontalError_log, depth_signed_log, depthError_log, nst_log, station_coverage",1.0,1.0,1.0,2,6.0,49717,37575,0.5833333333333334,0.00025932454534605733,2,2
"4.0, 1.0, 0.0, 0.0, 0.0, 4.0","longitude, rms_log, horizontalError_log, net_us, east_west, station_coverage",0.0,0.670176922268936,0.9230769230769231,1,16.799249614356437,49890,37659,0.5,0.0003630381473664927,24,26
"4.0, 1.0, 2.0, 2.0, 0.0","longitude, rms_log, horizontalError_log, nst_log, east_west",0.0,0.03125,0.5,1,12.925964865535999,49840,37698,0.4166666666666667,0.00027933499682618616,8,16
"6.0, 1.0, 4.0, 1.0","latitude, dmin_log, horizontalError_log, nst_log",0.0,1.0,1.0,2,11.208,49892,37750,0.3333333333333333,0.00048441825070643513,7,7
"1.0, 6.0, 0.0, 4.0","longitude, absolute_longitude, net_us, nst_log",1.0,0.2770383778382806,0.7735849056603774,4,18.418836870548425,49946,37787,0.3333333333333333,0.0015921521657527226,82,106
"4.0, 5.0, 5.0, 0.0, 3.0, 2.0","longitude, rms_log, horizontalError_log, net_us, nst_log, station_coverage",2.0,1.0,1.0,1,5.0,38156,38156,0.5,0.00010805189389419056,1,1
"5.0, 4.0, 7.0, 4.0, 0.0, 2.0","latitude, absolute_longitude, dmin_log, nst_log, east_west, station_coverage",4.0,1.0,1.0,1,7.75,49592,38199,0.5,0.00016748043553599536,4,4
"7.0, 0.0, 2.0, 3.0, 5.0, 0.0","longitude, latitude, dmin_log, horizontalError_log, depth_signed_log, net_us",2.0,1.0,1.0,2,18.914099200000003,49241,38343,0.5,0.0008174816959450379,12,12
"6.0, 7.0, 1.0, 4.0, 1.0, 2.0","latitude, absolute_longitude, dmin_log, horizontalError_log, nst_log, station_coverage",0.0,0.1,1.0,1,4.0,38428,38428,0.5,8.644151511535244e-05,0,0
"2.0, 1.0, 4.0, 0.0, 5.0, 0.0, 7.0, 0.0, 7.0","latitude, absolute_longitude, dmin_log, horizontalError_log, depth_signed_log, depthError_log, nst_log, east_west, station_coverage",2.0,0.03125,0.5,1,25.5,38577,38577,0.75,0.0005510646588603718,1,2
"1.0, 0.0, 3.0, 7.0","latitude, dmin_log, depth_signed_log, nst_log",2.0,0.004115226337448558,0.3333333333333333,1,15.940628803420163,49343,38582,0.3333333333333333,0.0003444830264147666,6,18
"7.0, 0.0, 0.0","longitude, absolute_longitude, net_us",3.0,0.17782560602870742,0.7079439252336449,2,20.226628614837246,49956,38649,0.25,0.000874210211571037,303,428
"5.0, 3.0, 6.0, 1.0, 0.0, 2.0","horizontalError_log, depth_signed_log, depthError_log, net_us, east_west, station_coverage",2.0,1.0,1.0,1,4.0,38833,38833,0.5,8.644151511535244e-05,1,1
"3.0, 0.0","longitude, net_us",0.0,0.07551275352800609,0.5964912280701754,2,19.831476688608625,49996,38903,0.16666666666666666,0.00949892428851899,578,969
"0.0, 5.0, 7.0, 3.0, 2.0, 0.0, 0.0, 1.0, 1.0","longitude, latitude, absolute_longitude, horizontalError_log, depth_signed_log, depthError_log, net_us, nst_log, station_coverage",1.0,1.0,1.0,1,3.0,39069,39069,0.75,6.483113633651433e-05,1,1
"7.0, 7.0, 5.0","rms_log, depthError_log, station_coverage",4,0.3699992524594304,0.819672131147541,2,22.802679879529254,49935,39124,0.25,0.0009855490987384355,50,61
"7.0, 5.0, 6.0, 0.0","latitude, absolute_longitude, depthError_log, net_us",1.0,0.1738322545975252,0.7047353760445683,1,27.252315814385433,49980,39140,0.3333333333333333,0.0005889328673493893,253,359
"7.0, 7.0, 1.0, 1.0, 4.0","longitude, depth_signed_log, net_us, east_west, station_coverage",4.0,1.0,1.0,2,30.579327404682765,49796,39185,0.4166666666666667,0.0013216616960345982,93,93
"7.0, 6.0, 5.0, 4.0","latitude, rms_log, horizontalError_log, nst_log",1.0,0.48045708347045346,0.8636363636363636,1,22.738473315101167,49536,39250,0.3333333333333333,0.0004913870211918389,38,44
"1.0, 7.0, 5.0, 5.0, 5.0, 0.0","longitude, latitude, absolute_longitude, dmin_log, depthError_log, east_west",2.0,0.004115226337448558,0.3333333333333333,1,17.8107776,46729,39317,0.5,0.00038489765028164525,4,12
"1.0, 6.0, 6.0, 0.0, 1.0","longitude, latitude, absolute_longitude, net_us, nst_log",0.0,0.45647910258498414,0.8548387096774194,3,14.646868897751366,49161,39630,0.4166666666666667,0.0009495731544131702,53,62
"3.0, 4.0, 2.0","latitude, horizontalError_log, nst_log",1.0,0.014458261438686257,0.42857142857142855,1,10.8,43962,39641,0.25,0.0002333920908114516,3,7
"1.0, 4.0, 5.0, 0.0, 2.0","absolute_longitude, dmin_log, depth_signed_log, net_us, station_coverage",2.0,0.001903968584518355,0.2857142857142857,1,16.056,48263,39694,0.4166666666666667,0.0003469762416730247,2,7
"5.0, 7.0, 5.0, 6.0, 0.0, 7.0","dmin_log, rms_log, depthError_log, nst_log, east_west, station_coverage",2,0.007415771484375,0.375,2,10.6336,49629,39765,0.5,0.00045959224756530586,3,8
"3.0, 2.0, 0.0, 2.0","absolute_longitude, horizontalError_log, net_us, nst_log",0.0,0.18109265572580094,0.7105263157894737,1,16.784557307727347,49840,39777,0.3333333333333333,0.00036272064105510323,27,38
"5.0, 2.0, 0.0, 0.0","longitude, latitude, net_us, east_west",0.0,0.19634838348503159,0.7221135029354208,2,20.704719628641136,49977,39791,0.3333333333333333,0.0008948736673691587,369,511
"6.0, 0.0, 3.0, 1.0, 5.0, 0.0","longitude, absolute_longitude, rms_log, depth_signed_log, depthError_log, station_coverage",1.0,1.0,1.0,1,3.0,40202,40202,0.5,6.483113633651433e-05,1,1
"3.0, 3.0, 5.0, 0.0, 3.0, 3.0","latitude, rms_log, depth_signed_log, net_us, nst_log, station_coverage",2.0,1.0,1.0,1,4.0,40423,40423,0.5,8.644151511535244e-05,1,1
"4.0, 5.0, 3.0, 5.0, 6.0, 2.0, 0.0","latitude, dmin_log, rms_log, horizontalError_log, depth_signed_log, depthError_log, net_us",2.0,0.1,1.0,1,7.0,40449,40449,0.5833333333333334,0.00015127265145186677,0,0
"4.0, 2.0, 0.0, 2.0, 0.0","longitude, absolute_longitude, net_us, nst_log, east_west",0.0,0.2373046875,0.75,1,14.508670138890071,49585,40693,0.4166666666666667,0.0003135378572786322,33,44
"1.0, 6.0","net_us, nst_log",4.0,0.15526766786910254,0.6889952153110048,1,18.743100950948268,49962,40700,0.16666666666666666,0.00040504551103999286,288,418
"6.0, 0.0, 0.0, 7.0, 6.0, 6.0, 6.0","longitude, latitude, absolute_longitude, rms_log, horizontalError_log, depthError_log, nst_log",4.0,1.0,1.0,1,9.2,48164,40701,0.5833333333333334,0.0001988154847653106,5,5
"7.0, 0.0, 5.0, 5.0, 0.0","rms_log, depth_signed_log, depthError_log, nst_log, east_west",3.0,0.3276800000000001,0.8,1,13.442816,47819,40707,0.4166666666666667,0.0002905043456142254,8,10
"2.0, 7.0, 6.0, 6.0","longitude, rms_log, nst_log, station_coverage",3.0,0.0007211993883891124,0.23529411764705882,1,14.899611838054401,47698,40755,0.3333333333333333,0.00032198625547801593,4,17
"6.0, 4.0, 1.0, 5.0, 7.0, 7.0, 0.0, 5.0, 1.0, 7.0","longitude, latitude, absolute_longitude, dmin_log, rms_log, horizontalError_log, depth_signed_log, depthError_log, net_us, station_coverage",3.0,1.0,1.0,1,7.0,43376,40766,0.8333333333333334,0.00015127265145186677,1,1
"6.0, 2.0, 4.0, 5.0, 7.0, 1.0, 0.0, 4.0","longitude, latitude, dmin_log, depth_signed_log, depthError_log, net_us, east_west, station_coverage",3.0,1.0,1.0,1,3.6666666666666665,41710,40780,0.6666666666666666,7.92380555224064e-05,3,3
"0.0, 4.0, 5.0, 2.0, 0.0","absolute_longitude, dmin_log, depth_signed_log, depthError_log, east_west",2.0,1.0,1.0,1,9.5,48418,40806,0.4166666666666667,0.00020529859839896205,2,2
"4.0, 6.0, 5.0, 5.0","absolute_longitude, dmin_log, horizontalError_log, depthError_log",2.0,0.010240000000000003,0.4,1,9.4,48938,40822,0.3333333333333333,0.00020313756052107825,2,5
"6.0, 2.0, 4.0, 5.0, 1.0, 4.0, 0.0, 4.0","longitude, latitude, dmin_log, depth_signed_log, net_us, nst_log, east_west, station_coverage",3.0,1.0,1.0,1,3.0,41710,40962,0.6666666666666666,6.483113633651433e-05,1,1
"3.0, 4.0, 1.0, 0.0","rms_log, depthError_log, nst_log, east_west",0.0,0.1043582467665522,0.6363636363636364,1,10.351895949369672,49019,40966,0.3333333333333333,0.00022370839254499855,14,22
"1.0, 7.0","net_us, station_coverage",5.0,0.4255617086366763,0.8429319371727748,1,33.96593043229137,49998,41008,0.16666666666666666,0.0007340166222174811,805,955
"0.0, 7.0, 1.0, 0.0, 4.0","absolute_longitude, depth_signed_log, net_us, east_west, station_coverage",4.0,0.427630752325058,0.84375,1,17.340137749852506,49317,41032,0.4166666666666667,0.00037472694485154225,27,32
"6.0, 4.0, 7.0, 5.0, 1.0","latitude, dmin_log, horizontalError_log, nst_log, east_west",2.0,0.1,1.0,1,5.0,41084,41084,0.4166666666666667,0.00010805189389419056,0,0
"2.0, 4.0, 4.0, 2.0, 2.0, 0.0","longitude, latitude, dmin_log, horizontalError_log, depthError_log, net_us",3.0,1.0,1.0,2,7.75,48987,41093,0.5,0.0003349608710719907,4,4
"7.0, 3.0, 5.0, 7.0, 7.0, 5.0, 1.0, 6.0","longitude, latitude, absolute_longitude, rms_log, horizontalError_log, depthError_log, east_west, station_coverage",4.0,1.0,1.0,1,9.0,49921,41141,0.6666666666666666,0.00019449340900954301,4,4
"7.0, 1.0, 4.0, 4.0, 1.0","latitude, dmin_log, horizontalError_log, depthError_log, nst_log",0.0,1.0,1.0,1,7.0,49414,41143,0.4166666666666667,0.00015127265145186677,2,2
"0.0, 7.0, 0.0, 2.0","absolute_longitude, depthError_log, net_us, station_coverage",3.0,1.0,1.0,1,23.31620419371008,49140,41192,0.3333333333333333,0.0005038720043108085,18,18
"5.0, 7.0, 7.0, 6.0, 0.0","latitude, absolute_longitude, dmin_log, depth_signed_log, east_west",3.0,0.012558674125514407,0.4166666666666667,1,12.28893952,48562,41247,0.4166666666666667,0.00026556863781743297,5,12
"7.0, 3.0, 7.0, 7.0, 5.0, 1.0, 6.0","longitude, latitude, rms_log, horizontalError_log, depthError_log, east_west, station_coverage",4.0,1.0,1.0,1,18.8,49921,41259,0.5833333333333334,0.0004062751210421565,5,5
"5.0, 3.0, 0.0","latitude, horizontalError_log, nst_log",0.0,0.3276800000000001,0.8,2,17.626457563717562,49992,41328,0.25,0.000761828848962105,44,55
"1.0, 1.0, 1.0, 0.0, 0.0","longitude, dmin_log, depthError_log, net_us, east_west",1.0,0.07775999999999998,0.6,1,18.16302258176,49604,41347,0.4166666666666667,0.0003925097977604237,9,15
"7.0, 0.0, 7.0, 0.0","longitude, absolute_longitude, depth_signed_log, net_us",3.0,0.7241964340209961,0.9375,3,21.08351495087922,49956,41389,0.3333333333333333,0.001366868232233389,75,80
"2.0, 0.0, 1.0","dmin_log, net_us, nst_log",0.0,0.18183912073024103,0.7111111111111111,1,15.052289822948447,49497,41398,0.25,0.000325285684562766,64,90
"2.0, 5.0, 4.0, 3.0, 0.0, 2.0","longitude, latitude, absolute_longitude, horizontalError_log, net_us, nst_log",0.0,1.0,1.0,1,3.0,41417,41417,0.5,6.483113633651433e-05,1,1
"7.0, 7.0, 7.0, 6.0, 7.0, 0.0, 1.0, 2.0","longitude, absolute_longitude, dmin_log, rms_log, horizontalError_log, net_us, east_west, station_coverage",3.0,1.0,1.0,1,15.84,48291,41510,0.6666666666666666,0.00034230839985679567,6,6
"7.0, 7.0, 6.0, 5.0, 1.0, 4.0, 1.0, 1.0","longitude, dmin_log, horizontalError_log, depthError_log, net_us, nst_log, east_west, station_coverage",2.0,0.0003200000000000001,0.2,1,21.2,41642,41642,0.6666666666666666,0.00045814003011136794,1,5
"6.0, 0.0","latitude, nst_log",0.0,0.5565290974125173,0.8894009216589862,1,24.63546949009713,49958,41649,0.16666666666666666,0.0005323818270755087,193,217
"0.0, 4.0, 4.0, 1.0, 0.0, 1.0","absolute_longitude, dmin_log, horizontalError_log, depth_signed_log, east_west, station_coverage",2.0,1.0,1.0,1,6.0,41715,41715,0.5,0.00012966227267302867,1,1
"0.0, 0.0, 7.0, 5.0, 0.0","longitude, latitude, dmin_log, depth_signed_log, east_west",5.0,0.09626205418649088,0.6261682242990654,1,33.107804625831704,49995,41855,0.4166666666666667,0.0007154721984999917,67,107
"1.0, 3.0, 2.0, 0.0, 0.0, 5.0","absolute_longitude, depth_signed_log, depthError_log, net_us, east_west, station_coverage",1.0,0.401877572016461,0.8333333333333334,1,17.36,49994,41889,0.5,0.0003751561756006296,5,6
"4.0, 0.0","depthError_log, nst_log",0.0,0.4196570410303201,0.8405797101449275,2,30.065394082652297,49978,41909,0.16666666666666666,0.0012994491085223082,174,207
"3.0, 4.0, 3.0, 3.0, 0.0, 1.0","longitude, latitude, absolute_longitude, horizontalError_log, net_us, nst_log",0.0,0.6472278485082303,0.9166666666666666,1,25.279747567633574,49816,41971,0.5,0.000546304920369973,22,24
"4.0, 4.0, 3.0, 7.0, 5.0, 7.0, 0.0","longitude, latitude, absolute_longitude, rms_log, horizontalError_log, depthError_log, net_us",2.0,1.0,1.0,1,8.0,41998,41998,0.5833333333333334,0.00017288303023070488,1,1
"2.0, 1.0, 0.0","absolute_longitude, rms_log, net_us",0.0,0.18396480545028823,0.7127659574468085,1,17.86956142188227,49923,42033,0.25,0.0003861679909385888,67,94
"2.0, 7.0, 5.0, 4.0, 3.0, 0.0, 4.0","longitude, latitude, horizontalError_log, depth_signed_log, nst_log, east_west, station_coverage",1.0,0.1,1.0,1,9.0,42072,42072,0.5833333333333334,0.00019449340900954301,0,0
"0.0, 7.0, 7.0, 6.0, 7.0, 0.0, 2.0","longitude, absolute_longitude, dmin_log, rms_log, horizontalError_log, east_west, station_coverage",3.0,0.000541922809869769,0.2222222222222222,1,19.6752,48000,42110,0.5833333333333334,0.00042518852454939563,2,9
"1.0, 6.0, 6.0, 0.0","longitude, horizontalError_log, depthError_log, east_west",1.0,0.1352270205243666,0.6702127659574468,1,19.501227851127453,49953,42134,0.3333333333333333,0.00042142892051529144,63,94
"1.0, 6.0, 5.0, 0.0","absolute_longitude, rms_log, horizontalError_log, east_west",2.0,1.0,1.0,1,6.0,46030,42201,0.3333333333333333,0.00012966227267302867,1,1
"2.0, 3.0, 2.0, 0.0","longitude, dmin_log, horizontalError_log, net_us",1.0,0.023078380428451596,0.47058823529411764,1,12.8064545988608,48858,42228,0.3333333333333333,0.00027675233469537516,8,17
"0.0, 4.0, 4.0, 0.0, 0.0, 0.0","longitude, horizontalError_log, depth_signed_log, depthError_log, net_us, east_west",2.0,1.0,1.0,1,2.0,42260,42260,0.5,4.322075755767622e-05,1,1
"1.0, 1.0, 0.0, 0.0","longitude, latitude, net_us, east_west",1.0,0.0874685803534242,0.6142857142857143,2,12.054581422454177,49929,42261,0.3333333333333333,0.0005210081411191598,43,70
"4.0, 6.0, 0.0, 5.0","horizontalError_log, depth_signed_log, net_us, station_coverage",1.0,0.06131088332242518,0.8714285714285714,1,20.09190574564596,42261,42261,0.3333333333333333,0.000434193693552123,0,0
"7.0, 5.0, 4.0, 6.0, 7.0, 0.0","rms_log, horizontalError_log, depth_signed_log, depthError_log, nst_log, east_west",3.0,1.0,1.0,1,20.666666666666668,49195,42285,0.5,0.0004466144947626543,3,3
"7.0, 6.0, 7.0, 2.0, 6.0, 0.0, 7.0","latitude, absolute_longitude, rms_log, depth_signed_log, depthError_log, east_west, station_coverage",2.0,1.0,1.0,1,10.0,42290,42290,0.5833333333333334,0.00021610378778838112,1,1
"7.0, 6.0, 0.0, 0.0","absolute_longitude, dmin_log, net_us, east_west",2.0,0.296368534706749,0.7840909090909091,3,29.10096784105239,49970,42307,0.3333333333333333,0.0018866488136277868,138,176
"7.0, 5.0, 1.0, 6.0, 2.0","rms_log, depth_signed_log, net_us, nst_log, station_coverage",2.0,1.0,1.0,1,15.0,42374,42374,0.4166666666666667,0.0003241556816825717,1,1
"6.0, 5.0, 7.0, 0.0, 7.0, 0.0","latitude, absolute_longitude, depth_signed_log, net_us, nst_log, east_west",3.0,3.0517578125e-05,0.125,1,14.985792974848,44219,42381,0.5,0.00032384866248771644,2,16
"6.0, 1.0, 4.0, 2.0, 2.0, 3.0, 0.0","longitude, latitude, dmin_log, rms_log, horizontalError_log, depth_signed_log, net_us",2.0,1.0,1.0,1,15.5,48240,42387,0.5833333333333334,0.0003349608710719907,2,2
"1.0, 2.0, 0.0, 1.0","dmin_log, rms_log, net_us, nst_log",0.0,0.18593443208187066,0.7142857142857143,2,15.104000000000001,48567,42400,0.3333333333333333,0.0006528063221511417,5,7
"4.0, 3.0, 2.0, 4.0, 0.0, 4.0","longitude, rms_log, horizontalError_log, depth_signed_log, net_us, station_coverage",1.0,0.03125,0.5,1,13.5,45982,42435,0.5,0.0002917401135143145,2,4
"3.0, 0.0","horizontalError_log, nst_log",0.0,0.40426118082042745,0.834319526627219,1,22.842891214683476,49992,42471,0.16666666666666666,0.0004936435315531033,141,169
"2.0, 1.0, 0.0, 0.0, 5.0","longitude, rms_log, net_us, east_west, station_coverage",1.0,0.02094302882090425,0.46153846153846156,1,14.718654464,49605,42488,0.4166666666666667,0.00031807569808187645,6,13
"7.0, 0.0, 6.0, 1.0, 3.0","longitude, absolute_longitude, horizontalError_log, east_west, station_coverage",4,1.0,1.0,1,13.2,49077,42493,0.4166666666666667,0.0002852569998806631,5,5
"6.0, 7.0, 0.0","dmin_log, horizontalError_log, net_us",2.0,0.11446775609378736,0.6482412060301508,1,29.674134278111513,49970,42512,0.25,0.0006412692816840937,129,199
"4.0, 3.0, 2.0, 2.0, 5.0","longitude, absolute_longitude, rms_log, depth_signed_log, nst_log",1.0,0.051562500000000004,0.75,1,6.0,42577,42577,0.4166666666666667,0.00012966227267302867,0,0
"7.0, 0.0, 5.0, 5.0","rms_log, depth_signed_log, depthError_log, nst_log",3.0,0.18593443208187066,0.7142857142857143,1,12.767999999999999,47819,42604,0.3333333333333333,0.00027592131624820497,5,7
"7.0, 1.0, 5.0, 1.0, 7.0, 6.0","longitude, latitude, depth_signed_log, net_us, nst_log, station_coverage",4.0,0.2935778904262872,0.782608695652174,1,22.77911323846954,49457,42612,0.5,0.0004922652653293725,18,23
"0.0, 5.0, 5.0, 5.0, 6.0, 1.0, 0.0","longitude, latitude, dmin_log, depth_signed_log, depthError_log, net_us, east_west",2.0,1.0,1.0,1,2.0,42685,42685,0.5833333333333334,4.322075755767622e-05,1,1
"5.0, 7.0, 1.0","latitude, absolute_longitude, net_us",3.0,0.3447430578590623,0.8081632653061225,1,24.700902663548415,49928,42798,0.25,0.0005337958627384925,198,245
"5.0, 1.0, 3.0, 1.0, 5.0, 7.0, 0.0, 7.0","longitude, absolute_longitude, dmin_log, horizontalError_log, depth_signed_log, nst_log, east_west, station_coverage",2.0,0.03125,0.5,1,15.5,42809,42809,0.6666666666666666,0.0003349608710719907,1,2
"4.0, 0.0, 1.0","absolute_longitude, rms_log, nst_log",0.0,0.5371442581559338,0.8831168831168831,1,34.1982769175428,49945,42818,0.25,0.0007390377177716961,68,77
"0.0, 0.0, 4.0, 0.0","longitude, net_us, nst_log, east_west",2.0,0.4234790289079717,0.8421052631578947,2,26.493400758235005,49970,42854,0.3333333333333333,0.0011450648510500305,64,76
"1.0, 6.0, 0.0, 0.0","longitude, depthError_log, nst_log, station_coverage",0.0,0.670176922268936,0.9230769230769231,1,29.835181056,49949,42881,0.3333333333333333,0.0006447495635553752,12,13
"5.0, 1.0, 7.0","latitude, net_us, station_coverage",5,0.07307706433667734,0.5925925925925926,1,18.160994577890587,49893,42928,0.25,0.00039246597182864077,16,27
"3.0, 4.0, 0.0, 1.0, 0.0","longitude, latitude, rms_log, nst_log, east_west",0.0,0.642256844035455,0.9152542372881356,5,33.47905616149484,49945,42930,0.4166666666666667,0.003617475424039487,108,118
"1.0, 0.0, 0.0, 0.0","dmin_log, net_us, nst_log, east_west",0.0,0.512908935546875,0.875,2,30.03605866880546,49992,42955,0.3333333333333333,0.00129818120971258,133,152
"7.0, 6.0, 7.0, 7.0","longitude, rms_log, depth_signed_log, depthError_log",4,0.15631529758058382,0.689922480620155,2,25.10382415588991,49952,43043,0.3333333333333333,0.0010850062976122538,89,129
"0.0, 6.0, 6.0, 6.0, 5.0","longitude, latitude, absolute_longitude, dmin_log, nst_log",1,0.0,0.0,1,10.367999999999999,43054,43054,0.4166666666666667,0.0002240564071789935,0,7
"1.0, 2.0","latitude, horizontalError_log",1.0,0.15160585946331886,0.6857142857142857,2,13.716591426262585,49719,43055,0.16666666666666666,0.0005928414725521955,48,70
"0.0, 5.0, 7.0, 6.0, 6.0, 5.0, 1.0, 4.0","longitude, latitude, absolute_longitude, dmin_log, horizontalError_log, depthError_log, net_us, nst_log",3,0.46266436603796024,0.8571428571428571,2,19.053619712,49858,43056,0.6666666666666666,0.0008235118781685126,12,14
"7.0, 4.0, 5.0, 5.0, 0.0, 6.0, 7.0","latitude, dmin_log, horizontalError_log, depth_signed_log, net_us, nst_log, station_coverage",2.0,1.0,1.0,1,8.0,43060,43060,0.5833333333333334,0.00017288303023070488,1,1
"2.0, 6.0, 5.0, 7.0, 6.0, 7.0, 0.0, 0.0, 4.0","longitude, latitude, absolute_longitude, dmin_log, rms_log, depthError_log, net_us, east_west, station_coverage",2.0,1.0,1.0,1,13.0,43063,43063,0.75,0.00028093492412489547,1,1
"1.0, 0.0, 4.0, 0.0","longitude, latitude, horizontalError_log, net_us",1.0,0.6151933057514417,0.9074074074074074,4,19.86899957908312,49946,43105,0.3333333333333333,0.001717506427442245,49,54
"7.0, 0.0, 3.0","latitude, net_us, nst_log",1.0,0.5324833739703814,0.881578947368421,2,21.504615825654874,49972,43184,0.25,0.0009294457869715966,67,76
"7.0, 0.0, 5.0, 0.0","longitude, absolute_longitude, dmin_log, east_west",3.0,0.21613090194838855,0.7361111111111112,2,17.09850856882263,49956,43190,0.3333333333333333,0.0007390104934509324,53,72
"1.0, 2.0, 0.0, 0.0","latitude, horizontalError_log, depthError_log, net_us",3,0.0,0.0,1,14.0,43196,43196,0.3333333333333333,0.00030254530290373355,0,2
"0.0, 0.0, 6.0, 0.0","latitude, absolute_longitude, dmin_log, net_us",3.0,0.9010717106140631,0.979381443298969,2,23.13399836702717,49937,43209,0.3333333333333333,0.000999868934760959,95,97
"7.0, 7.0, 5.0, 3.0, 1.0","longitude, absolute_longitude, depthError_log, nst_log, east_west",3.0,1.0,1.0,1,26.527037439999997,48415,43216,0.4166666666666667,0.00057325932695882,13,13
"4.0, 0.0, 0.0, 1.0","longitude, net_us, east_west, station_coverage",0.0,0.18593443208187066,0.7142857142857143,2,15.224811565328327,49411,43243,0.3333333333333333,0.0006580278895263607,35,49
"4.0, 6.0, 0.0, 2.0","dmin_log, horizontalError_log, net_us, station_coverage",1.0,0.13168724279835387,0.6666666666666666,1,18.666666666666668,46730,43268,0.3333333333333333,0.0004033937372049781,2,3
"0.0, 3.0, 4.0, 4.0, 2.0, 5.0, 0.0, 0.0, 1.0","longitude, dmin_log, rms_log, horizontalError_log, depth_signed_log, depthError_log, net_us, east_west, station_coverage",0.0,1.0,1.0,1,2.0,43270,43270,0.75,4.322075755767622e-05,1,1
"6.0, 4.0, 4.0, 0.0, 0.0, 0.0","longitude, dmin_log, rms_log, depth_signed_log, net_us, east_west",1.0,0.00012860082304526745,0.16666666666666666,1,13.6987776,48653,43290,0.5,0.0002960357727430629,2,12
"0.0, 7.0, 7.0, 7.0, 5.0, 5.0, 5.0, 0.0","longitude, dmin_log, rms_log, horizontalError_log, depth_signed_log, depthError_log, nst_log, east_west",4.0,0.095367431640625,0.625,1,15.904,48808,43402,0.6666666666666666,0.0003436914640986413,5,8
"4.0, 3.0, 3.0, 4.0","longitude, latitude, absolute_longitude, depthError_log",1.0,0.023078380428451596,0.47058823529411764,1,12.1721543204864,49234,43407,0.3333333333333333,0.0002630448654201819,8,17
"2.0, 4.0, 4.0, 3.0, 1.0, 6.0, 6.0","longitude, latitude, absolute_longitude, depth_signed_log, depthError_log, nst_log, station_coverage",0.0,0.010240000000000003,0.4,1,18.8,48943,43424,0.5833333333333334,0.0004062751210421565,2,5
"0.0, 6.0, 3.0, 7.0, 0.0","latitude, absolute_longitude, depthError_log, nst_log, east_west",3.0,0.13168724279835387,0.6666666666666666,1,18.68896,46977,43462,0.4166666666666667,0.00040387550458255433,6,9
"1.0, 6.0, 2.0, 0.0","longitude, dmin_log, nst_log, east_west",1.0,0.43375716751999094,0.8461538461538461,1,13.822734848,49048,43501,0.3333333333333333,0.00029871453582472525,11,13
"0.0, 6.0, 1.0, 5.0","latitude, rms_log, net_us, station_coverage",4,1.0,1.0,3,22.819821210089973,49836,43502,0.3333333333333333,0.0014794349400462246,36,36
"2.0, 7.0, 5.0, 0.0, 2.0","longitude, latitude, depth_signed_log, net_us, nst_log",1.0,0.512908935546875,0.875,1,19.7088,49133,43504,0.4166666666666667,0.00042591463327636456,7,8
"2.0, 0.0, 7.0, 0.0, 4.0","depthError_log, net_us, nst_log, east_west, station_coverage",2.0,0.03125,0.5,2,20.0,49959,43506,0.4166666666666667,0.0008644151511535245,1,2
"4.0, 3.0, 6.0, 0.0","longitude, absolute_longitude, dmin_log, east_west",1.0,1.0,1.0,1,6.333333333333333,49548,43513,0.3333333333333333,0.0001368657322659747,3,3
"0.0, 7.0, 1.0, 2.0","latitude, dmin_log, net_us, station_coverage",4,1.0,1.0,3,25.087618106036082,49933,43528,0.3333333333333333,0.001626458789790831,68,68
"4.0, 1.0, 3.0, 2.0, 0.0, 0.0","latitude, absolute_longitude, rms_log, horizontalError_log, depth_signed_log, east_west",3.0,0.03125,0.5,3,10.24,49143,43534,0.5,0.0006638708360859068,3,6
"1.0, 0.0, 6.0, 0.0, 0.0","longitude, latitude, absolute_longitude, net_us, east_west",1.0,0.10853622982115722,0.6413793103448275,1,15.614959264098397,49981,43547,0.4166666666666667,0.0003374451843132936,93,145
"4.0, 4.0, 3.0, 5.0","absolute_longitude, horizontalError_log, depth_signed_log, station_coverage",2.0,1.0,1.0,1,9.0,43564,43564,0.3333333333333333,0.00019449340900954301,1,1
"7.0, 6.0, 0.0","absolute_longitude, dmin_log, net_us",2.0,0.16529662857527172,0.6976744186046512,1,28.477770311197833,49970,43580,0.25,0.0006154154032017357,120,172
"0.0, 6.0, 7.0, 0.0","longitude, latitude, depthError_log, net_us",2.0,0.4419204985941842,0.8493150684931506,1,24.099713914856157,49970,43588,0.3333333333333333,0.000520803946161677,62,73
"5.0, 7.0, 7.0, 7.0, 0.0, 0.0","dmin_log, horizontalError_log, depth_signed_log, depthError_log, net_us, east_west",1.0,0.06504222973314074,0.5789473684210527,1,19.04023811755213,49440,43593,0.5,0.000411466757759573,11,19
"5.0, 3.0, 4.0, 1.0, 0.0","absolute_longitude, rms_log, depthError_log, nst_log, east_west",0.0,1.0,1.0,1,7.0,44774,43614,0.4166666666666667,0.00015127265145186677,2,2
"6.0, 0.0, 3.0, 4.0, 0.0, 6.0","longitude, dmin_log, horizontalError_log, depth_signed_log, net_us, station_coverage",1.0,0.46266436603796024,0.8571428571428571,2,12.504,49633,43624,0.5,0.0005404323525011835,6,7
"1.0, 0.0, 0.0","longitude, nst_log, east_west",0.0,0.8573935107793603,0.9696969696969697,1,33.20639507954793,49990,43669,0.25,0.0007176027755487769,128,132
"1.0, 6.0, 7.0, 5.0, 5.0, 5.0","longitude, dmin_log, rms_log, horizontalError_log, depth_signed_log, nst_log",2.0,1.0,1.0,1,10.0,43684,43684,0.5,0.00021610378778838112,1,1
"5.0, 7.0, 0.0, 1.0","latitude, horizontalError_log, net_us, east_west",3.0,0.1463054829007025,0.6808510638297872,1,26.30229949192232,49910,43717,0.3333333333333333,0.0005684026547748825,64,94
"1.0, 6.0, 6.0, 7.0, 6.0, 0.0","longitude, latitude, absolute_longitude, dmin_log, horizontalError_log, net_us",3.0,0.670176922268936,0.9230769230769231,1,17.270903296,49528,43719,0.5,0.00037323076207924357,12,13
"5.0, 6.0, 1.0, 7.0, 1.0, 6.0","latitude, absolute_longitude, net_us, nst_log, east_west, station_coverage",5.0,0.06754356352880661,0.5833333333333334,1,21.77174016,48786,43765,0.5,0.0004704955515320415,7,12
"0.0, 5.0, 4.0, 6.0, 0.0, 0.0, 0.0","longitude, horizontalError_log, depth_signed_log, depthError_log, net_us, east_west, station_coverage",1.0,0.004115226337448558,0.3333333333333333,1,17.0,43779,43779,0.5833333333333334,0.0003673764392402479,1,3
"2.0, 4.0, 7.0","longitude, absolute_longitude, depthError_log",1.0,0.01734152991583261,0.4444444444444444,1,11.213759999999999,47229,43796,0.25,0.00024233360113498363,4,9
"5.0, 5.0, 0.0, 1.0, 0.0","latitude, dmin_log, net_us, nst_log, east_west",2.0,0.0,0.0,1,9.92173568,43822,43822,0.4166666666666667,0.0002144124661883129,0,12
"0.0, 0.0, 6.0","latitude, absolute_longitude, dmin_log",3.0,0.1055374240189117,0.6377952755905512,1,21.420387745083865,49937,43905,0.25,0.0004629026927608443,81,127
"4.0, 1.0, 6.0, 4.0, 5.0, 4.0, 0.0, 5.0","latitude, absolute_longitude, dmin_log, rms_log, depthError_log, nst_log, east_west, station_coverage",2.0,1.0,1.0,2,5.0,48753,43976,0.6666666666666666,0.00021610378778838112,2,2
"0.0, 7.0, 6.0, 0.0","longitude, dmin_log, rms_log, net_us",2.0,0.08250009529139642,0.6071428571428571,1,14.003748973983695,49966,44027,0.3333333333333333,0.00030262631965155323,17,28
"7.0, 0.0, 7.0, 7.0, 1.0, 1.0","longitude, absolute_longitude, depth_signed_log, depthError_log, net_us, east_west",4.0,0.3666478320532007,0.8181818181818182,1,21.071412030078868,49952,44041,0.5,0.0004553611953749705,27,33
"4.0, 0.0, 0.0, 1.0","dmin_log, depth_signed_log, net_us, station_coverage",1.0,0.07775999999999998,0.6,3,14.6,49755,44064,0.3333333333333333,0.0009465345905131092,3,5
"7.0, 4.0, 6.0, 1.0, 0.0, 1.0","longitude, horizontalError_log, depth_signed_log, nst_log, east_west, station_coverage",2.0,1.0,1.0,1,13.0,46906,44145,0.5,0.00028093492412489547,2,2
"0.0, 6.0, 0.0","absolute_longitude, dmin_log, net_us",3.0,0.8959286206856907,0.9782608695652174,1,24.117001289982245,49937,44169,0.25,0.0005211775328862437,90,92
"4.0, 6.0, 7.0, 0.0, 6.0","dmin_log, rms_log, depth_signed_log, net_us, nst_log",3.0,0.010240000000000003,0.4,1,9.8,49167,44179,0.4166666666666667,0.0002117817120326135,2,5
"5.0, 1.0, 1.0, 4.0","depthError_log, net_us, east_west, station_coverage",4.0,1.0,1.0,3,24.333649978122498,49962,44182,0.3333333333333333,0.001577578179296679,46,46
"7.0, 0.0, 3.0, 6.0","longitude, latitude, depth_signed_log, nst_log",3.0,1.0,1.0,1,21.0,47662,44233,0.3333333333333333,0.0004538179543556003,2,2
"7.0, 5.0, 7.0, 6.0, 6.0","longitude, latitude, absolute_longitude, dmin_log, depth_signed_log",3.0,1.0,1.0,2,17.0,49910,44235,0.4166666666666667,0.0007347528784804958,5,5
"6.0, 1.0, 0.0, 6.0, 7.0, 0.0","longitude, latitude, absolute_longitude, horizontalError_log, nst_log, east_west",3.0,1.0,1.0,1,8.0,44237,44237,0.5,0.00017288303023070488,1,1
"7.0, 7.0, 7.0, 1.0","longitude, dmin_log, horizontalError_log, station_coverage",3.0,0.13168724279835387,0.6666666666666666,1,28.256939020128943,49750,44276,0.3333333333333333,0.0006106431553555171,52,78
"7.0, 7.0, 1.0, 4.0","longitude, dmin_log, net_us, station_coverage",4.0,0.7033476514967727,0.9320388349514563,1,21.025556827232762,49962,44288,0.3333333333333333,0.0004543702470724857,96,103
"7.0, 6.0, 2.0, 1.0, 1.0","longitude, rms_log, nst_log, east_west, station_coverage",3.0,0.5904900000000001,0.9,1,31.82357517532401,49741,44314,0.4166666666666667,0.0006877195136355813,27,30
"0.0, 6.0, 6.0, 7.0, 1.0, 2.0","longitude, absolute_longitude, dmin_log, rms_log, net_us, station_coverage",3.0,0.0009765625,0.25,1,12.25,46301,44324,0.5,0.0002647271400407669,1,4
"0.0, 7.0, 6.0, 0.0","longitude, absolute_longitude, dmin_log, net_us",2.0,0.24650145932538278,0.7557251908396947,2,29.100967841052704,49970,44326,0.3333333333333333,0.0012577658757518713,99,131
"6.0, 0.0, 4.0, 0.0, 5.0","longitude, dmin_log, rms_log, net_us, station_coverage",1.0,0.1590361251087416,0.6923076923076923,1,20.129688576,49994,44361,0.4166666666666667,0.00043501019482741033,9,13
"6.0, 7.0, 5.0, 0.0, 0.0, 6.0","absolute_longitude, rms_log, horizontalError_log, net_us, east_west, station_coverage",3.0,0.03125,0.5,1,15.0,47184,44422,0.5,0.0003241556816825717,1,2
"0.0, 7.0, 1.0, 3.0","absolute_longitude, dmin_log, net_us, station_coverage",4.0,1.0,1.0,2,22.061916264077325,49462,44425,0.3333333333333333,0.0009535327341074401,35,35
"3.0, 1.0, 1.0, 5.0, 0.0, 0.0, 5.0","latitude, absolute_longitude, depth_signed_log, depthError_log, net_us, east_west, station_coverage",1.0,0.006092699470458736,0.5714285714285714,1,19.976,44477,44477,0.5833333333333334,0.0004316889264860701,0,0
"7.0, 7.0, 5.0, 1.0, 3.0, 1.0, 2.0","longitude, absolute_longitude, depthError_log, net_us, nst_log, east_west, station_coverage",3.0,1.0,1.0,1,20.887999999999998,48348,44493,0.5833333333333334,0.00045139759193237044,7,7
"5.0, 1.0, 1.0","latitude, net_us, east_west",3.0,0.06256472372210835,0.574468085106383,1,26.410986234051464,49917,44499,0.25,0.0005707514164405312,108,188
"3.0, 3.0, 0.0, 0.0, 7.0, 7.0","latitude, absolute_longitude, dmin_log, net_us, nst_log, station_coverage",3.0,0.10979242280002384,0.6428571428571429,1,16.1267657728,49848,44527,0.5,0.0003485055168278099,9,14
"1.0, 6.0, 0.0, 1.0","longitude, latitude, net_us, nst_log",0.0,0.3666478320532007,0.8181818181818182,1,14.64534011514012,49161,44582,0.3333333333333333,0.00031649134723309055,36,44
"6.0, 6.0, 1.0, 1.0","latitude, absolute_longitude, dmin_log, nst_log",0.0,1.0,1.0,1,15.333333333333334,48075,44582,0.3333333333333333,0.00033135914127551774,3,3
"2.0, 2.0, 1.0, 0.0","latitude, rms_log, horizontalError_log, east_west",0.0,0.6552182189430005,0.918918918918919,1,22.175632257560842,49977,44612,0.3333333333333333,0.00047922381274611073,34,37
"7.0, 6.0, 7.0, 5.0, 1.0","absolute_longitude, dmin_log, depth_signed_log, depthError_log, net_us",3,0.43375716751999094,0.8461538461538461,2,16.50572374685237,49858,44666,0.4166666666666667,0.0007133898843766855,22,26
"7.0, 1.0, 6.0, 5.0","longitude, net_us, nst_log, station_coverage",4.0,0.818708915307767,0.9607843137254902,1,25.02030394033934,49874,44698,0.3333333333333333,0.0005406982453123888,49,51
"3.0, 0.0, 0.0, 1.0","longitude, dmin_log, rms_log, nst_log",0.0,0.5470911036624267,0.8863636363636364,2,31.474602540549082,49916,44723,0.3333333333333333,0.001360356165629292,39,44
"7.0, 7.0, 2.0","latitude, dmin_log, station_coverage",1.0,0.0009765625,0.25,1,13.5,48928,44730,0.25,0.0002917401135143145,1,4
"1.0, 4.0, 0.0, 0.0","longitude, horizontalError_log, nst_log, east_west",0.0,1.0,1.0,2,31.517158607382004,49990,44738,0.3333333333333333,0.001362195471076486,39,39
"4.0, 3.0, 4.0, 1.0, 6.0, 0.0, 0.0","longitude, dmin_log, rms_log, horizontalError_log, depth_signed_log, net_us, east_west",2.0,1.0,1.0,1,23.0,44809,44809,0.5833333333333334,0.0004970387119132766,1,1
"7.0, 7.0, 0.0, 1.0, 0.0","absolute_longitude, dmin_log, net_us, nst_log, station_coverage",2.0,0.14995078952820548,0.6842105263157895,1,14.23308384436224,49920,44811,0.4166666666666667,0.0003075823330676293,13,19
"6.0, 3.0, 0.0, 0.0","latitude, depth_signed_log, nst_log, east_west",0,0.48045708347045346,0.8636363636363636,1,26.06867624779265,49032,44814,0.3333333333333333,0.0005633539679776994,19,22
"1.0, 0.0, 3.0, 4.0, 6.0, 0.0","longitude, latitude, rms_log, horizontalError_log, depth_signed_log, net_us",1.0,0.7514188428254499,0.9444444444444444,1,25.198222804746237,49946,44827,0.5,0.0005445431393641227,17,18
"0.0, 4.0, 1.0, 2.0","latitude, depthError_log, net_us, station_coverage",4.0,1.0,1.0,1,21.75,49362,44841,0.3333333333333333,0.0004700257384397289,4,4
"2.0, 4.0, 3.0, 5.0, 0.0, 0.0","dmin_log, rms_log, horizontalError_log, depth_signed_log, depthError_log, net_us",2.0,1.0,1.0,1,15.25,49241,44868,0.5,0.0003295582763772812,4,4
"1.0, 1.0, 2.0, 0.0, 0.0","longitude, latitude, rms_log, horizontalError_log, east_west",1.0,1.0,1.0,1,12.5,49201,44881,0.4166666666666667,0.0002701297347354764,2,2
"7.0, 6.0, 0.0","dmin_log, depth_signed_log, net_us",3.0,0.10737418240000002,0.64,1,20.17456688207786,49741,44901,0.25,0.0004359800320207055,32,50
"5.0, 7.0, 7.0, 0.0, 0.0","dmin_log, depth_signed_log, depthError_log, net_us, east_west",1.0,0.10049355861780968,0.631578947368421,2,21.165855082512387,49440,44915,0.4166666666666667,0.0009148042910221769,12,19
"5.0, 6.0, 7.0, 2.0, 1.0","latitude, dmin_log, rms_log, nst_log, east_west",2.0,1.0,1.0,1,11.0,44953,44953,0.4166666666666667,0.00023771416656721923,1,1
"6.0, 6.0, 6.0, 1.0, 7.0, 0.0","latitude, absolute_longitude, rms_log, net_us, nst_log, east_west",3,0.2373046875,0.75,1,15.9264,48577,44957,0.5,0.0003441755365832873,6,8
"1.0, 1.0, 6.0, 1.0, 0.0","longitude, latitude, absolute_longitude, dmin_log, east_west",1.0,0.28462802079628785,0.7777777777777778,1,17.9536,49604,44971,0.4166666666666667,0.00038798409644374797,7,9
"5.0, 1.0, 3.0, 0.0, 3.0, 0.0, 3.0","longitude, latitude, depthError_log, net_us, nst_log, east_west, station_coverage",0.0,1.0,1.0,1,2.0,44978,44978,0.5833333333333334,4.322075755767622e-05,1,1
"7.0, 0.0, 6.0, 0.0","longitude, absolute_longitude, dmin_log, net_us",3.0,0.8532151877880096,0.96875,1,24.320647099062512,49937,45004,0.3333333333333333,0.0005255783959571911,62,64
"2.0, 0.0, 4.0, 0.0, 3.0","horizontalError_log, net_us, nst_log, east_west, station_coverage",1.0,0.004115226337448558,0.3333333333333333,1,13.49472,47941,45018,0.4166666666666667,0.00029162601071436225,3,9
"0.0, 7.0, 5.0, 1.0, 2.0","latitude, dmin_log, depth_signed_log, net_us, station_coverage",4,1.0,1.0,2,27.685058090798677,49489,45021,0.4166666666666667,0.0011965691837125922,22,22
"6.0, 0.0, 4.0, 0.0, 0.0, 5.0","longitude, dmin_log, rms_log, net_us, east_west, station_coverage",1.0,0.20346349914002398,0.7272727272727273,1,19.892710400000002,49994,45066,0.5,0.00042988900668173224,8,11
"5.0, 1.0, 3.0, 7.0, 0.0, 7.0","longitude, absolute_longitude, dmin_log, nst_log, east_west, station_coverage",1.0,0.019403791345598595,0.45454545454545453,2,21.348569599999998,49475,45074,0.5,0.0009227013508847768,5,11
"0.0, 7.0, 7.0, 1.0, 7.0","latitude, dmin_log, depth_signed_log, net_us, station_coverage",5.0,0.407911661774615,0.835820895522388,1,31.978924445477922,49998,45083,0.4166666666666667,0.0006910766702066234,112,134
"5.0, 1.0, 5.0","depthError_log, net_us, station_coverage",4.0,0.15563440872163395,0.6893203883495146,1,19.43455636329552,49874,45130,0.25,0.0004199881244094947,71,103
"2.0, 5.0, 6.0, 0.0","longitude, absolute_longitude, rms_log, east_west",1.0,0.1381412888330443,0.6730769230769231,1,25.096548237828106,49925,45139,0.3333333333333333,0.0005423459134608475,105,156
"3.0, 4.0, 3.0, 1.0, 3.0, 1.0, 0.0, 0.0","latitude, absolute_longitude, dmin_log, rms_log, depth_signed_log, depthError_log, net_us, east_west",0.0,0.004115226337448558,0.3333333333333333,1,15.666666666666666,49043,45144,0.6666666666666666,0.00033856260086846375,1,3
"0.0, 5.0, 4.0, 0.0, 0.0","absolute_longitude, dmin_log, rms_log, net_us, east_west",3.0,0.01183710753970294,0.4117647058823529,1,16.6720384909312,49382,45147,0.4166666666666667,0.0003602890668043918,7,17
"7.0, 6.0, 0.0, 2.0","absolute_longitude, depthError_log, net_us, station_coverage",2.0,0.17831521367830508,0.7083333333333334,1,28.478071549594993,49441,45151,0.3333333333333333,0.000615421913077601,17,24
"6.0, 1.0","latitude, net_us",3,0.10578583493405276,0.638095238095238,1,15.216729848344233,49860,45162,0.16666666666666666,0.0003288392957979707,67,105
"7.0, 7.0, 0.0, 0.0, 1.0, 0.0","longitude, dmin_log, depthError_log, net_us, nst_log, station_coverage",2.0,0.46266436603796024,0.8571428571428571,1,18.392000000000003,48371,45164,0.5,0.0003974580865003906,6,7
"1.0, 0.0, 6.0","longitude, net_us, nst_log",1.0,0.06092699470458736,0.5714285714285714,1,13.401329254386804,49981,45176,0.25,0.00028960780132722294,40,70
"1.0, 5.0, 0.0, 6.0","absolute_longitude, depth_signed_log, east_west, station_coverage",5.0,0.040386107340619246,0.5263157894736842,1,20.82470898453709,49743,45181,0.3333333333333333,0.00045002984911491966,10,19
"7.0, 7.0, 1.0, 2.0","dmin_log, depth_signed_log, net_us, station_coverage",4,0.5792642820741052,0.896551724137931,1,24.19320355429515,49933,45204,0.3333333333333333,0.0005228242926818506,26,29
"5.0, 3.0, 0.0","longitude, rms_log, net_us",0.0,0.207532640200251,0.7301587301587301,1,20.559383880707315,49985,45208,0.25,0.0004442960731216237,92,126
"3.0, 2.0, 3.0, 0.0, 1.0, 0.0, 0.0, 3.0, 0.0","latitude, absolute_longitude, dmin_log, horizontalError_log, depth_signed_log, depthError_log, net_us, nst_log, east_west",1.0,0.0003200000000000001,0.2,1,20.4,45210,45210,0.75,0.0004408517270882974,1,5
"4.0, 3.0, 5.0","longitude, absolute_longitude, horizontalError_log",1.0,0.010240000000000003,0.4,1,8.2,49548,45212,0.25,0.0001772051059864725,2,5
"6.0, 4.0, 4.0, 4.0, 0.0, 4.0","longitude, dmin_log, rms_log, depth_signed_log, net_us, nst_log",0.0,0.03125,0.5,2,15.48,46564,45215,0.5,0.0006690573269928279,3,6
"0.0, 7.0, 1.0, 3.0, 2.0","latitude, dmin_log, net_us, nst_log, station_coverage",4,1.0,1.0,1,24.93092323704832,49933,45237,0.4166666666666667,0.0005387666944587509,18,18
"7.0, 0.0, 7.0, 7.0, 7.0, 5.0","longitude, latitude, dmin_log, depth_signed_log, depthError_log, station_coverage",4,1.0,1.0,1,25.067321344,49636,45250,0.5,0.0005417143092146932,14,14
"7.0, 5.0, 1.0, 4.0","longitude, depthError_log, net_us, station_coverage",4.0,1.0,1.0,3,24.33311995442728,49962,45286,0.3333333333333333,0.0015775438172582325,36,36
"1.0, 5.0, 0.0, 1.0","rms_log, depth_signed_log, net_us, nst_log",0.0,0.13168724279835387,0.6666666666666666,1,10.48,49456,45301,0.3333333333333333,0.00022647676960222343,4,6
"2.0, 1.0, 0.0","latitude, absolute_longitude, east_west",0.0,0.20098226665734673,0.7254901960784313,1,22.170649682252492,49977,45302,0.25,0.0004791161374064032,74,102
"0.0, 7.0, 1.0, 1.0, 0.0","longitude, absolute_longitude, dmin_log, rms_log, east_west",1.0,0.001903968584518355,0.2857142857142857,1,21.375999999999998,46449,45323,0.4166666666666667,0.0004619434567764434,2,7
"5.0, 2.0, 1.0, 3.0, 0.0","longitude, latitude, absolute_longitude, rms_log, east_west",0.0,0.401877572016461,0.8333333333333334,1,25.7290694685152,49913,45324,0.4166666666666667,0.0005560149368416524,25,30
"6.0, 1.0, 4.0, 3.0, 6.0","longitude, latitude, rms_log, depth_signed_log, nst_log",2.0,0.0012620658543943514,0.2631578947368421,2,11.656837580587009,49695,45348,0.4166666666666667,0.0005038173509597602,5,19
"1.0, 1.0, 3.0","net_us, east_west, station_coverage",4.0,0.28462802079628785,0.7777777777777778,1,15.248247481986615,49964,45356,0.25,0.00032952040379919523,70,90
"5.0, 1.0, 0.0, 0.0, 7.0, 0.0, 7.0","longitude, absolute_longitude, horizontalError_log, net_us, nst_log, east_west, station_coverage",1.0,0.08356049390158359,0.6086956521739131,1,22.747896102502267,49619,45357,0.5833333333333334,0.0004915906511967292,14,23
"6.0, 0.0, 2.0, 4.0, 2.0, 0.0, 6.0","longitude, absolute_longitude, dmin_log, depth_signed_log, depthError_log, net_us, station_coverage",0,0.013168724279835387,0.6666666666666666,1,6.333333333333333,45360,45360,0.5833333333333334,0.0001368657322659747,0,0
"1.0, 3.0, 2.0, 2.0","rms_log, depth_signed_log, nst_log, station_coverage",1.0,0.3276800000000001,0.8,1,11.0,48809,45381,0.3333333333333333,0.00023771416656721923,4,5
"7.0, 4.0, 1.0, 7.0, 7.0","dmin_log, depthError_log, net_us, nst_log, station_coverage",5.0,1.0,1.0,4,50.914812698244546,49995,45383,0.4166666666666667,0.004401153551450644,109,109
"5.0, 7.0, 6.0","absolute_longitude, depth_signed_log, depthError_log",1.0,0.08356049390158359,0.6086956521739131,1,27.20405689047066,49980,45389,0.25,0.0005878899737241319,70,115
"0.0, 0.0, 4.0, 0.0, 2.0","longitude, net_us, nst_log, east_west, station_coverage",2.0,0.46266436603796024,0.8571428571428571,1,24.583029659725252,49943,45405,0.4166666666666667,0.0005312485824780745,24,28
"5.0, 2.0, 3.0, 3.0, 0.0","longitude, latitude, rms_log, nst_log, east_west",5,0.0,0.0,1,17.6,45406,45406,0.4166666666666667,0.0003803426665075508,0,5
"7.0, 7.0, 1.0, 4.0","longitude, depth_signed_log, east_west, station_coverage",4.0,0.7737809374999998,0.95,2,29.827506831377143,49796,45410,0.3333333333333333,0.0012891674413088828,38,40
"6.0, 0.0, 0.0, 7.0, 6.0, 6.0, 6.0, 6.0","longitude, latitude, absolute_longitude, rms_log, horizontalError_log, depth_signed_log, depthError_log, nst_log",4.0,1.0,1.0,2,8.333333333333334,48164,45427,0.6666666666666666,0.0003601729796473019,3,3
"5.0, 2.0, 4.0, 2.0","longitude, dmin_log, rms_log, depth_signed_log",1.0,0.03125,0.5,1,18.68,46868,45440,0.3333333333333333,0.0004036818755886959,3,6
"7.0, 0.0, 0.0, 5.0, 0.0, 0.0","longitude, latitude, absolute_longitude, dmin_log, net_us, east_west",3.0,0.20612659768312552,0.7291666666666666,1,17.09858662249332,49956,45466,0.5,0.00036950693349485484,35,48
"5.0, 6.0, 5.0, 2.0, 2.0, 0.0, 3.0","absolute_longitude, rms_log, horizontalError_log, depth_signed_log, nst_log, east_west, station_coverage",1.0,1.0,1.0,1,16.666666666666668,48491,45495,0.5833333333333334,0.0003601729796473019,3,3
"3.0, 0.0, 0.0, 1.0","longitude, rms_log, net_us, nst_log",0.0,0.4820200524924855,0.8641975308641975,1,33.47838726933459,49945,45501,0.3333333333333333,0.0007234806297949522,70,81
"0.0, 7.0, 4.0, 0.0, 0.0","longitude, absolute_longitude, horizontalError_log, nst_log, east_west",0.0,0.3423062904086167,0.8070175438596491,2,24.824382821827747,49837,45506,0.4166666666666667,0.0010729286314611593,46,57
"3.0, 5.0, 1.0, 4.0, 0.0, 0.0","absolute_longitude, rms_log, depth_signed_log, depthError_log, net_us, east_west",2.0,1.0,1.0,1,10.0,45507,45507,0.5,0.00021610378778838112,1,1
"4.0, 0.0, 0.0, 0.0, 4.0","longitude, horizontalError_log, net_us, east_west, station_coverage",0.0,0.6590815232000001,0.92,1,20.642386545266742,49890,45526,0.4166666666666667,0.00044608979214240575,23,25
"2.0, 6.0, 7.0, 2.0, 0.0","longitude, dmin_log, rms_log, depth_signed_log, net_us",2.0,0.0003200000000000001,0.2,1,15.179072,49551,45527,0.4166666666666667,0.00032802549543125577,2,10
"4.0, 2.0, 0.0, 6.0","longitude, absolute_longitude, east_west, station_coverage",1.0,0.13168724279835387,0.6666666666666666,1,19.966941793735877,49467,45551,0.3333333333333333,0.0004314931752176456,32,48
"3.0, 2.0, 0.0, 2.0","absolute_longitude, depth_signed_log, depthError_log, nst_log",1.0,0.004115226337448558,0.3333333333333333,1,11.666666666666666,45556,45556,0.3333333333333333,0.00025212108575311127,1,3
"0.0, 7.0, 7.0, 1.0, 0.0, 6.0","latitude, depth_signed_log, depthError_log, net_us, east_west, station_coverage",4.0,1.0,1.0,1,18.131924480000002,49253,45566,0.5,0.0003918377560020873,12,12
"4.0, 1.0, 7.0, 7.0","depthError_log, net_us, nst_log, station_coverage",5.0,1.0,1.0,5,50.89977128258844,49995,45593,0.3333333333333333,0.005499816685864813,114,114
"0.0, 5.0, 7.0, 1.0, 3.0","latitude, absolute_longitude, depth_signed_log, east_west, station_coverage",4.0,1.0,1.0,1,12.0,48916,45610,0.4166666666666667,0.00025932454534605733,1,1
"3.0, 3.0, 2.0, 4.0, 5.0","latitude, absolute_longitude, horizontalError_log, nst_log, station_coverage",1.0,0.03125,0.5,1,11.0,45899,45618,0.4166666666666667,0.00023771416656721923,1,2
"6.0, 2.0, 1.0","latitude, dmin_log, rms_log",0.0,0.534824985896467,0.8823529411764706,1,21.3193573236736,49815,45620,0.25,0.00046071938708598285,15,17
"7.0, 5.0, 4.0, 0.0, 0.0","longitude, dmin_log, horizontalError_log, net_us, east_west",3.0,0.04158799090330928,0.5294117647058824,1,18.909368056217602,49956,45628,0.4166666666666667,0.00040863860616332414,9,17
"1.0, 5.0, 0.0, 0.0","longitude, absolute_longitude, net_us, nst_log",0.0,1.0,1.0,5,35.05506884085083,49990,45632,0.3333333333333333,0.0037877665788451594,61,61
"7.0, 0.0, 4.0, 7.0, 1.0","longitude, absolute_longitude, dmin_log, depth_signed_log, nst_log",2.0,0.03125,0.5,1,22.25,47086,45637,0.4166666666666667,0.000480830927829148,2,4
"3.0, 0.0, 0.0","longitude, depth_signed_log, net_us",0.0,0.10135100721691906,0.6326530612244898,1,24.900819593989635,49987,45646,0.25,0.0005381161433296298,93,147
"7.0, 5.0, 7.0, 1.0, 3.0","longitude, latitude, absolute_longitude, net_us, nst_log",3.0,0.401877572016461,0.8333333333333334,1,30.13010432,49750,45668,0.4166666666666667,0.0006511229670011065,10,12
"7.0, 1.0, 1.0","longitude, net_us, station_coverage",3.0,0.17703971667429347,0.7073170731707317,1,25.01750417578365,49917,45680,0.25,0.0005406377413398488,58,82
"7.0, 5.0, 7.0, 7.0, 7.0, 3.0, 1.0","longitude, latitude, absolute_longitude, dmin_log, rms_log, nst_log, station_coverage",3.0,1.0,1.0,1,25.44,49750,45690,0.5833333333333334,0.0005497680361336416,6,6
"7.0, 7.0, 0.0, 1.0","absolute_longitude, dmin_log, net_us, east_west",3.0,0.3137972914145376,0.7931034482758621,1,26.906825326506834,49741,45690,0.3333333333333333,0.0005814666870418471,46,58
"5.0, 0.0, 4.0, 2.0","rms_log, net_us, nst_log, station_coverage",2.0,0.0006544696506532578,0.23076923076923078,1,23.246606848,48433,45703,0.3333333333333333,0.0005023679793080119,3,13
"7.0, 7.0, 7.0, 1.0, 3.0","longitude, absolute_longitude, dmin_log, net_us, nst_log",3.0,0.708245596707819,0.9333333333333333,1,32.41614884864,49750,45718,0.4166666666666667,0.0007005252551703073,14,15
"7.0, 6.0, 4.0, 1.0, 7.0, 7.0","longitude, rms_log, depthError_log, net_us, nst_log, station_coverage",5.0,1.0,1.0,1,49.47197550264499,49895,45721,0.5,0.0010691081295495582,35,35
"0.0, 3.0, 0.0, 0.0","rms_log, depth_signed_log, nst_log, station_coverage",0.0,1.0,1.0,1,28.0,48217,45726,0.3333333333333333,0.0006050906058074671,2,2
"2.0, 4.0, 1.0, 0.0, 0.0","longitude, absolute_longitude, rms_log, net_us, east_west",1.0,0.12523325760000004,0.66,2,14.544248539350841,49926,45746,0.4166666666666667,0.0006286134399778692,33,50
"7.0, 1.0, 6.0, 4.0, 0.0, 1.0, 0.0, 0.0","longitude, rms_log, depth_signed_log, depthError_log, net_us, nst_log, east_west, station_coverage",2.0,1.0,1.0,1,18.0,45764,45764,0.6666666666666666,0.00038898681801908603,1,1
"7.0, 6.0, 1.0, 3.0","longitude, horizontalError_log, east_west, station_coverage",4.0,0.1134276198236865,0.6470588235294118,1,16.857473918853913,49683,45765,0.3333333333333333,0.00036429639664081753,22,34
"7.0, 7.0, 1.0, 5.0","longitude, dmin_log, net_us, station_coverage",4,0.2373046875,0.75,2,17.694500637498145,49935,45767,0.3333333333333333,0.0007647697221574547,69,92
"7.0, 5.0, 0.0","latitude, dmin_log, east_west",1.0,0.061999626696567875,0.5734265734265734,1,20.665328662289987,49980,45782,0.25,0.0004465855799812665,82,143
"3.0, 0.0, 0.0, 7.0, 7.0","latitude, dmin_log, net_us, nst_log, station_coverage",3.0,0.08825375108068294,0.6153846153846154,1,16.28111616,49848,45793,0.4166666666666667,0.00035184108715986226,8,13
"7.0, 0.0, 0.0, 2.0, 1.0, 3.0, 6.0, 1.0, 0.0, 0.0","longitude, latitude, absolute_longitude, dmin_log, rms_log, horizontalError_log, depth_signed_log, depthError_log, net_us, east_west",2.0,1.0,1.0,1,8.0,45802,45802,0.8333333333333334,0.00017288303023070488,1,1
"4.0, 1.0","longitude, station_coverage",0.0,0.1991161489782947,0.7241379310344828,1,15.231878652389687,49411,45835,0.16666666666666666,0.00032916666719143934,21,29
"5.0, 6.0, 7.0, 1.0, 7.0, 6.0","latitude, horizontalError_log, depthError_log, net_us, nst_log, station_coverage",4.0,1.0,1.0,1,20.0,48611,45838,0.5,0.00043220757557676224,2,2
"3.0, 0.0, 5.0, 0.0","absolute_longitude, horizontalError_log, nst_log, east_west",0.0,0.00041152263374485585,0.3333333333333333,1,11.666666666666666,45855,45855,0.3333333333333333,0.00025212108575311127,0,0
"1.0, 4.0, 3.0, 7.0","latitude, horizontalError_log, depth_signed_log, nst_log",2.0,0.0,0.0,1,13.5,45861,45861,0.3333333333333333,0.0002917401135143145,0,2
"7.0, 0.0, 4.0, 4.0, 0.0, 0.0, 0.0","longitude, absolute_longitude, dmin_log, depthError_log, nst_log, east_west, station_coverage",2.0,1.0,1.0,2,16.0,49332,45863,0.5833333333333334,0.0006915321209228195,4,4
"0.0, 0.0, 4.0, 2.0, 0.0","absolute_longitude, dmin_log, rms_log, nst_log, east_west",0.0,0.46266436603796024,0.8571428571428571,1,14.943999999999999,49835,45878,0.4166666666666667,0.0003229455004709567,6,7
"0.0, 5.0, 7.0, 4.0, 1.0, 2.0, 0.0","longitude, latitude, absolute_longitude, rms_log, depth_signed_log, nst_log, east_west",0.0,1.0,1.0,1,1.0,45879,45879,0.5833333333333334,2.161037877883811e-05,1,1
"7.0, 0.0, 0.0, 7.0, 7.0, 1.0, 0.0","longitude, latitude, absolute_longitude, depth_signed_log, depthError_log, net_us, east_west",4,0.46266436603796024,0.8571428571428571,1,25.230322688,49452,45880,0.5833333333333334,0.0005452368299999929,12,14
"7.0, 5.0, 7.0, 0.0, 7.0, 7.0, 6.0, 0.0, 4.0, 1.0","longitude, latitude, absolute_longitude, dmin_log, horizontalError_log, depth_signed_log, depthError_log, net_us, nst_log, east_west",2.0,1.0,1.0,1,8.0,45884,45884,0.8333333333333334,0.00017288303023070488,1,1
"2.0, 2.0, 2.0, 0.0, 0.0, 4.0","latitude, rms_log, depthError_log, net_us, east_west, station_coverage",0.0,1.0,1.0,1,22.04,49005,45888,0.5,0.000476292748285592,6,6
"0.0, 6.0, 6.0, 0.0","absolute_longitude, dmin_log, depth_signed_log, station_coverage",3.0,1.0,1.0,1,27.408319999999996,49834,45906,0.3333333333333333,0.0005923041768916041,9,9
"7.0, 5.0, 7.0, 7.0, 6.0, 1.0","longitude, latitude, absolute_longitude, dmin_log, horizontalError_log, station_coverage",3.0,0.638865843993574,0.9142857142857143,1,32.20347699246122,49917,45911,0.5,0.0006959293358026853,32,35
"2.0, 0.0, 0.0, 5.0","absolute_longitude, net_us, east_west, station_coverage",0.0,0.19349176319999997,0.72,1,18.291384811030404,49923,45938,0.3333333333333333,0.00039528375415585323,54,75
"4.0, 2.0, 2.0, 0.0, 0.0, 4.0","longitude, absolute_longitude, rms_log, horizontalError_log, east_west, station_coverage",0.0,0.6903615309097401,0.9285714285714286,1,24.8294725632,48915,45950,0.5,0.0005365743069695204,13,14
"7.0, 0.0, 3.0, 7.0, 6.0, 5.0, 1.0, 7.0","longitude, latitude, absolute_longitude, dmin_log, horizontalError_log, depth_signed_log, east_west, station_coverage",5.0,0.7835261664684589,0.9523809523809523,1,56.11665532913522,49764,45955,0.6666666666666666,0.0012127021774641163,40,42
"6.0, 1.0, 0.0, 4.0, 0.0, 0.0, 5.0","longitude, latitude, dmin_log, rms_log, net_us, east_west, station_coverage",1.0,0.13168724279835387,0.6666666666666666,1,20.29248,49994,45963,0.5833333333333334,0.0004385281791619968,6,9
"0.0, 0.0, 0.0","dmin_log, nst_log, east_west",0.0,0.18593443208187066,0.7142857142857143,1,20.908898784363153,49445,45965,0.25,0.00045184922257847544,15,21
"0.0, 6.0, 0.0","longitude, latitude, nst_log",0.0,0.4253729392515024,0.8428571428571429,3,23.87798717958886,49837,45975,0.25,0.001548037042281467,59,70
"6.0, 0.0, 0.0, 5.0, 7.0, 7.0","longitude, latitude, absolute_longitude, dmin_log, depth_signed_log, depthError_log",4.0,1.0,1.0,1,16.0,48961,45980,0.5,0.00034576606046140976,1,1
"3.0, 3.0, 0.0, 6.0","longitude, dmin_log, net_us, station_coverage",1.0,0.0,0.0,1,21.0,45993,45993,0.3333333333333333,0.0004538179543556003,0,1
"0.0, 6.0, 6.0, 6.0, 1.0","longitude, latitude, absolute_longitude, dmin_log, net_us",1,0.0,0.0,1,11.092882287001599,46014,46014,0.4166666666666667,0.00023972138797116854,0,17
"7.0, 1.0, 6.0, 5.0","dmin_log, net_us, nst_log, station_coverage",4.0,0.8045874964262903,0.9574468085106383,1,24.266365804874347,49851,46015,0.3333333333333333,0.0005244053566291795,45,47
"0.0, 6.0, 6.0, 7.0, 5.0, 1.0, 2.0","longitude, dmin_log, horizontalError_log, depth_signed_log, depthError_log, net_us, station_coverage",3,0.401877572016461,0.8333333333333334,2,17.72,49045,46016,0.5833333333333334,0.0007658718239220226,5,6
"2.0, 7.0, 0.0, 3.0","longitude, depthError_log, net_us, nst_log",2.0,0.0,0.0,1,8.0,46017,46017,0.3333333333333333,0.00017288303023070488,0,1
"2.0, 2.0, 1.0, 0.0, 5.0, 0.0","latitude, absolute_longitude, horizontalError_log, net_us, nst_log, east_west",0.0,0.2935778904262872,0.782608695652174,1,18.2700603131367,49779,46022,0.5,0.0003948229236791017,18,23
"1.0, 6.0, 0.0","longitude, horizontalError_log, east_west",1.0,0.07775999999999998,0.6,1,19.57820599051323,49953,46050,0.25,0.00042309244726510827,51,85
"3.0, 1.0, 1.0, 0.0, 7.0","latitude, rms_log, depthError_log, east_west, station_coverage",1.0,0.2373046875,0.75,1,9.25,48536,46060,0.4166666666666667,0.00019989600370425253,3,4
"5.0, 2.0, 0.0, 0.0","latitude, dmin_log, net_us, nst_log",0.0,0.5904900000000001,0.9,1,18.974912,49951,46070,0.3333333333333333,0.0004100550356151206,9,10
"1.0, 7.0, 4.0, 1.0, 1.0","latitude, horizontalError_log, depthError_log, east_west, station_coverage",4.0,1.0,1.0,1,15.0,49975,46094,0.4166666666666667,0.0003241556816825717,3,3
"0.0, 6.0","absolute_longitude, dmin_log",3.0,0.07655630808455853,0.5981308411214953,1,21.54377554181258,49937,46132,0.16666666666666666,0.0004655691497848381,64,107
"1.0, 6.0, 0.0","longitude, absolute_longitude, nst_log",0.0,0.5549289573066435,0.8888888888888888,1,24.8663973498597,49958,46151,0.25,0.0005373722655955644,24,27
"1.0, 7.0, 0.0, 0.0","longitude, latitude, nst_log, east_west",0.0,0.910773841955349,0.9814814814814815,2,34.84070966608334,49990,46164,0.3333333333333333,0.0015058418656151745,53,54
"4.0, 3.0, 4.0, 4.0","longitude, absolute_longitude, horizontalError_log, depthError_log",1.0,0.03125,0.5,1,8.0,49234,46165,0.3333333333333333,0.00017288303023070488,1,2
"4.0, 4.0, 4.0, 2.0, 5.0, 0.0","longitude, latitude, depth_signed_log, depthError_log, nst_log, east_west",2.0,1.0,1.0,1,4.0,46179,46179,0.5,8.644151511535244e-05,1,1
"0.0, 7.0, 6.0, 7.0, 2.0, 1.0","longitude, absolute_longitude, dmin_log, depthError_log, nst_log, station_coverage",1.0,5.949901826619859e-05,0.14285714285714285,1,27.544,46209,46209,0.5,0.000595236273084317,1,7
"1.0, 0.0, 0.0, 0.0, 0.0","dmin_log, net_us, nst_log, east_west, station_coverage",0.0,0.5256672404724864,0.8793103448275862,1,33.47520561904936,49978,46216,0.4166666666666667,0.0007234118731271466,51,58
"7.0, 0.0, 6.0, 5.0, 0.0","longitude, absolute_longitude, dmin_log, rms_log, net_us",3.0,0.5904900000000001,0.9,1,22.610989336579276,49627,46232,0.4166666666666667,0.0004886320441277476,18,20
"1.0, 6.0, 0.0","net_us, nst_log, east_west",4.0,0.07584482317163513,0.5970149253731343,1,19.393496846284048,49960,46233,0.25,0.00041910081269440065,40,67
"7.0, 0.0, 3.0, 2.0, 0.0","longitude, absolute_longitude, rms_log, depthError_log, station_coverage",2.0,0.003125,0.5,1,16.5,46244,46244,0.4166666666666667,0.00035657124985082885,0,0
"6.0, 5.0, 0.0, 1.0, 0.0","latitude, dmin_log, net_us, nst_log, east_west",0.0,0.05292214940134466,0.5555555555555556,1,14.88192,48140,46252,0.4166666666666667,0.00032160392815636644,5,9
"3.0, 4.0, 0.0, 7.0","latitude, rms_log, net_us, station_coverage",2.0,0.004115226337448558,0.3333333333333333,1,12.879999999999999,47451,46269,0.3333333333333333,0.00027834167867143484,2,6
"2.0, 2.0, 3.0, 2.0, 1.0, 3.0, 4.0, 0.0","latitude, absolute_longitude, dmin_log, rms_log, horizontalError_log, depth_signed_log, nst_log, east_west",0.0,0.0835088461134468,0.9615384615384616,1,26.687432704,46270,46270,0.6666666666666666,0.0005767255293681918,0,0
"5.0, 4.0, 4.0, 0.0, 0.0","latitude, dmin_log, depthError_log, net_us, east_west",0.0,0.004115226337448558,0.3333333333333333,1,11.615359999999999,49019,46278,0.4166666666666667,0.00025101232925256505,3,9
"5.0, 7.0, 5.0, 1.0","latitude, absolute_longitude, horizontalError_log, net_us",3.0,0.3066820026178275,0.7894736842105263,1,13.908059714191358,49866,46279,0.3333333333333333,0.0003005584385023742,15,19
"6.0, 6.0, 7.0, 0.0","absolute_longitude, rms_log, nst_log, east_west",3.0,0.08825375108068294,0.6153846153846154,1,17.882153472,49528,46282,0.3333333333333333,0.00038644010991123505,8,13
"4.0, 3.0, 6.0","longitude, latitude, station_coverage",1.0,0.14539335680000004,0.68,1,16.931907652153413,49162,46289,0.25,0.00036590493781134276,17,25
"3.0, 3.0, 1.0, 0.0, 7.0, 5.0","rms_log, horizontalError_log, depthError_log, net_us, nst_log, station_coverage",2.0,1.0,1.0,1,25.0,46302,46302,0.5,0.0005402594694709527,1,1
"5.0, 6.0, 6.0, 0.0","dmin_log, rms_log, depthError_log, net_us",1.0,0.15359020233154297,0.6875,1,27.036987590254313,49823,46328,0.3333333333333333,0.0005842795428641412,33,48
"3.0, 3.0, 2.0, 0.0, 0.0, 7.0, 7.0","latitude, absolute_longitude, depth_signed_log, depthError_log, net_us, nst_log, station_coverage",3.0,0.5549289573066435,0.8888888888888888,1,16.30176,49848,46375,0.5833333333333334,0.000352287208361712,8,9
"3.0, 4.0","horizontalError_log, depthError_log",0.0,0.11993729605996366,0.654320987654321,1,21.047125237995083,49985,46380,0.16666666666666666,0.00045483634859871697,53,81
"3.0, 4.0, 1.0, 0.0, 0.0, 0.0, 7.0, 7.0","longitude, latitude, rms_log, horizontalError_log, depthError_log, net_us, nst_log, station_coverage",2.0,0.512908935546875,0.875,1,13.8592,49993,46388,0.6666666666666666,0.00029950256157167316,7,8
"1.0, 5.0, 4.0, 4.0, 0.0, 5.0, 0.0, 6.0","longitude, rms_log, horizontalError_log, depthError_log, net_us, nst_log, east_west, station_coverage",2.0,0.1,1.0,1,9.5,46393,46393,0.6666666666666666,0.00020529859839896205,0,0
"6.0, 7.0, 1.0, 0.0","latitude, absolute_longitude, net_us, east_west",3,0.13168724279835387,0.6666666666666666,1,10.85834496,49794,46398,0.3333333333333333,0.00023465294749688777,8,12
"6.0, 7.0, 7.0, 1.0, 6.0","rms_log, depth_signed_log, depthError_log, net_us, station_coverage",4.0,0.16806999999999994,0.7,1,22.677184,49450,46405,0.4166666666666667,0.0004900625358774072,7,10
"0.0, 6.0, 6.0, 0.0","latitude, absolute_longitude, depth_signed_log, net_us",1.0,0.13168724279835387,0.6666666666666666,1,18.033484659753448,49981,46406,0.3333333333333333,0.0003897104341996385,36,54
"7.0, 6.0, 0.0, 0.0, 2.0","absolute_longitude, horizontalError_log, net_us, east_west, station_coverage",2.0,1.0,1.0,2,25.615360000000003,49969,46407,0.4166666666666667,0.0011071152643125973,9,9
"6.0, 7.0, 5.0, 5.0, 0.0, 7.0","absolute_longitude, rms_log, horizontalError_log, depthError_log, net_us, nst_log",3.0,0.13168724279835387,0.6666666666666666,1,15.666666666666666,48977,46418,0.5,0.00033856260086846375,2,3
"7.0, 0.0, 0.0, 2.0","absolute_longitude, net_us, east_west, station_coverage",2.0,0.06754356352880661,0.5833333333333334,1,24.872848595205163,49969,46475,0.3333333333333333,0.000537511679451075,14,24
"1.0, 7.0, 5.0, 7.0, 7.0, 0.0","longitude, rms_log, horizontalError_log, depth_signed_log, nst_log, east_west",3.0,0.5734249721032963,0.8947368421052632,1,23.539813858672638,49845,46476,0.5,0.0005087042938692585,17,19
"5.0, 4.0, 4.0, 2.0, 0.0, 7.0","longitude, dmin_log, rms_log, depth_signed_log, net_us, station_coverage",3.0,0.03125,0.5,2,21.0,48634,46494,0.5,0.0009076359087112006,1,2
"0.0, 3.0, 3.0, 0.0","absolute_longitude, horizontalError_log, depth_signed_log, net_us",3,2.2537480887159762e-05,0.11764705882352941,1,15.12117540864,47662,46496,0.3333333333333333,0.00032677432816196256,2,17
"6.0, 6.0, 5.0, 6.0, 0.0, 0.0","absolute_longitude, dmin_log, rms_log, depthError_log, net_us, east_west",2.0,0.014458261438686257,0.42857142857142855,2,11.616,48623,46501,0.5,0.000502052319789967,3,7
"4.0, 3.0, 2.0, 0.0, 0.0, 3.0, 0.0, 4.0","longitude, latitude, absolute_longitude, horizontalError_log, net_us, nst_log, east_west, station_coverage",0.0,1.0,1.0,1,22.152,49890,46502,0.6666666666666666,0.00047871311070882185,8,8
"0.0, 7.0, 1.0, 4.0","latitude, dmin_log, net_us, station_coverage",4.0,0.32079621201964487,0.7966101694915254,2,19.294347678029617,49960,46505,0.3333333333333333,0.0008339163232256312,47,59
"7.0, 5.0, 7.0, 6.0, 1.0, 1.0","longitude, latitude, absolute_longitude, rms_log, net_us, east_west",3.0,0.5277319168,0.88,2,32.17691251063545,49562,46522,0.5,0.0013907105345767337,22,25
"7.0, 5.0, 7.0, 7.0, 1.0","longitude, latitude, absolute_longitude, depthError_log, station_coverage",3.0,0.49717673529828965,0.8695652173913043,1,35.7881533799057,49750,46540,0.4166666666666667,0.0007733955503349176,20,23
"0.0, 7.0, 1.0, 0.0, 1.0","latitude, rms_log, net_us, east_west, station_coverage",4.0,1.0,1.0,1,17.0,48019,46544,0.4166666666666667,0.0003673764392402479,1,1
"0.0, 2.0","rms_log, horizontalError_log",0.0,0.25270905019898543,0.759493670886076,1,27.264586730921383,49982,46545,0.16666666666666666,0.0005891980465036946,60,79
"5.0, 7.0, 5.0, 7.0, 7.0, 4.0, 3.0","latitude, absolute_longitude, rms_log, depth_signed_log, depthError_log, nst_log, station_coverage",2.0,1.0,1.0,1,20.0,46549,46549,0.5833333333333334,0.00043220757557676224,1,1
"2.0, 0.0, 2.0, 0.0, 3.0","longitude, net_us, nst_log, east_west, station_coverage",1.0,0.7835261664684589,0.9523809523809523,2,23.490116711689748,49900,46550,0.4166666666666667,0.0010152606393974612,20,21
"2.0, 2.0, 2.0, 1.0, 0.0, 0.0","latitude, absolute_longitude, rms_log, horizontalError_log, net_us, east_west",0.0,0.43375716751999094,0.8461538461538461,1,24.071224832000002,49751,46554,0.5,0.0005201882862900938,11,13
"7.0, 0.0, 7.0, 1.0","longitude, absolute_longitude, depthError_log, station_coverage",3.0,1.0,1.0,2,18.42528,49657,46556,0.3333333333333333,0.0007963545598123006,9,9
"3.0, 1.0, 1.0, 0.0, 0.0","latitude, horizontalError_log, depthError_log, net_us, east_west",1.0,0.07775999999999998,0.6,1,21.108906639491074,49909,46562,0.4166666666666667,0.0004561714680865328,12,20
"5.0, 3.0, 1.0","longitude, latitude, horizontalError_log",1.0,0.2149341667858102,0.7352941176470589,1,27.278128921356732,49944,46562,0.25,0.0005894906983684977,25,34
"6.0, 4.0, 4.0, 4.0, 4.0, 0.0, 4.0","longitude, dmin_log, rms_log, horizontalError_log, depth_signed_log, net_us, nst_log",0.0,0.0,0.0,1,12.0,46564,46564,0.5833333333333334,0.00025932454534605733,0,2
"4.0, 0.0, 0.0","horizontalError_log, net_us, nst_log",0.0,0.17018672393742432,0.7017543859649122,1,28.814482377900998,49990,46601,0.25,0.0006226918785025965,80,114
"2.0, 0.0, 4.0","absolute_longitude, east_west, station_coverage",0.0,0.17831521367830508,0.7083333333333334,1,19.30113756221211,49907,46617,0.25,0.00041710489358186373,34,48
"1.0, 3.0, 2.0, 0.0, 5.0","absolute_longitude, depth_signed_log, depthError_log, east_west, station_coverage",1.0,0.2373046875,0.75,1,16.0,49994,46627,0.4166666666666667,0.00034576606046140976,3,4
"7.0, 6.0, 6.0, 6.0, 0.0, 0.0","longitude, dmin_log, depth_signed_log, depthError_log, net_us, east_west",3.0,1.0,1.0,1,20.8,49937,46630,0.5,0.00044949587859983276,7,7
"5.0, 1.0, 3.0, 4.0, 0.0, 0.0","latitude, dmin_log, horizontalError_log, depthError_log, net_us, east_west",0.0,0.1,1.0,1,18.304000000000002,46639,46639,0.5,0.0003955563731678528,0,0
"5.0, 3.0, 0.0","longitude, dmin_log, east_west",0.0,0.08825375108068294,0.6153846153846154,1,19.23862663759663,49985,46641,0.25,0.00041575400882310783,40,65
"5.0, 2.0, 3.0","longitude, absolute_longitude, station_coverage",0.0,0.3276800000000001,0.8,1,21.8,49556,46650,0.25,0.00047110625737867084,4,5
"4.0, 0.0","latitude, rms_log",0.0,0.15282454980799515,0.6868131868131868,1,30.158546562618262,49963,46652,0.16666666666666666,0.0006517376146374067,125,182
"7.0, 6.0, 5.0, 0.0, 4.0","latitude, rms_log, horizontalError_log, net_us, nst_log",1.0,0.48894551440329226,0.8666666666666667,1,23.026632560640003,49536,46655,0.4166666666666667,0.0004976142516365574,13,15
"7.0, 5.0, 0.0, 3.0","latitude, depthError_log, net_us, nst_log",1.0,0.512908935546875,0.875,1,15.6688,49947,46656,0.3333333333333333,0.00033860870300985856,7,8
"0.0, 2.0, 0.0","longitude, depth_signed_log, depthError_log",2.0,1.0,1.0,2,10.333333333333334,49780,46658,0.25,0.0004466144947626543,3,3
"7.0, 5.0, 7.0, 0.0, 3.0, 1.0","longitude, latitude, absolute_longitude, net_us, nst_log, east_west",3.0,1.0,1.0,1,19.16,49630,46660,0.5,0.0004140548574025382,6,6
"2.0, 2.0, 1.0, 0.0","latitude, rms_log, nst_log, east_west",0.0,1.0,1.0,2,22.333333333333332,49099,46665,0.3333333333333333,0.0009652635854547689,3,3
"6.0, 7.0, 5.0, 1.0","latitude, dmin_log, depthError_log, net_us",3,0.28462802079628785,0.7777777777777778,1,17.55276959875072,49669,46674,0.3333333333333333,0.00037932199964667735,14,18
"2.0, 0.0, 6.0, 0.0, 5.0","horizontalError_log, net_us, nst_log, east_west, station_coverage",1.0,0.0009765625,0.25,1,16.75,48519,46678,0.4166666666666667,0.00036197384454553835,1,4
"6.0, 0.0, 2.0, 3.0, 0.0, 0.0","longitude, dmin_log, rms_log, horizontalError_log, net_us, east_west",1.0,0.03125,0.5,1,13.37952,49633,46681,0.5,0.00028913649507904005,5,10
"0.0, 7.0, 7.0, 0.0, 5.0","latitude, depth_signed_log, depthError_log, east_west, station_coverage",4.0,0.2373046875,0.75,1,22.094142619648,49897,46683,0.4166666666666667,0.0004774627908042638,12,16
"0.0, 7.0, 7.0, 5.0","longitude, rms_log, depthError_log, station_coverage",4,1.0,1.0,1,21.6,49851,46683,0.3333333333333333,0.0004667841816229032,5,5
"1.0, 6.0, 5.0, 0.0, 1.0","longitude, latitude, dmin_log, net_us, nst_log",0.0,0.010240000000000003,0.4,1,14.6,48140,46694,0.4166666666666667,0.0003155115301710364,2,5
"5.0, 6.0, 0.0, 3.0","latitude, horizontalError_log, net_us, station_coverage",1.0,0.0,0.0,1,12.016,46700,46700,0.3333333333333333,0.0002596703114065187,0,7
"0.0, 2.0, 4.0, 5.0, 3.0, 0.0, 0.0","latitude, dmin_log, horizontalError_log, depth_signed_log, depthError_log, net_us, station_coverage",1.0,0.03125,0.5,1,15.5,46704,46704,0.5833333333333334,0.0003349608710719907,1,2
"7.0, 5.0, 7.0, 6.0, 7.0","longitude, latitude, absolute_longitude, depth_signed_log, depthError_log",3.0,1.0,1.0,2,29.071647914393598,49910,46723,0.4166666666666667,0.0012564986463101293,17,17
"7.0, 6.0, 0.0, 0.0, 0.0","longitude, rms_log, depthError_log, net_us, station_coverage",2.0,1.0,1.0,1,27.0,47488,46728,0.4166666666666667,0.000583480227028629,1,1
"5.0, 6.0, 5.0, 7.0, 7.0, 0.0","dmin_log, rms_log, horizontalError_log, depth_signed_log, nst_log, east_west",2.0,0.16806999999999994,0.7,1,24.817728,49718,46729,0.5,0.0005363205025101763,7,10
"4.0, 2.0, 1.0, 0.0, 4.0","longitude, absolute_longitude, horizontalError_log, east_west, station_coverage",0.0,0.07775999999999998,0.6,1,18.597952,49751,46742,0.4166666666666667,0.0004019087872306498,6,10
"1.0, 0.0, 5.0, 6.0, 0.0","longitude, latitude, dmin_log, depth_signed_log, net_us",1.0,0.03125,0.5,1,21.240000000000002,49501,46755,0.4166666666666667,0.0004590044452625215,3,6
"7.0, 7.0, 5.0, 1.0, 5.0","horizontalError_log, depth_signed_log, depthError_log, net_us, station_coverage",4,0.16806999999999994,0.7,1,20.210112,49812,46757,0.4166666666666667,0.00043674817548274144,7,10
"3.0, 3.0, 0.0, 1.0, 6.0","latitude, rms_log, horizontalError_log, depth_signed_log, station_coverage",1.0,0.13168724279835387,0.6666666666666666,1,22.68,48904,46762,0.4166666666666667,0.0004901233907040484,4,6
"1.0, 0.0, 6.0","depth_signed_log, depthError_log, station_coverage",3,0.0,0.0,1,22.6,46790,46790,0.25,0.0004883945604017414,0,6
"5.0, 2.0, 3.0, 0.0, 6.0","dmin_log, rms_log, depthError_log, net_us, nst_log",2.0,9.765625e-05,0.25,1,17.5,46799,46799,0.4166666666666667,0.00037818162862966693,0,0
"6.0, 3.0, 4.0, 0.0, 7.0","longitude, horizontalError_log, depth_signed_log, net_us, station_coverage",2,0.00041152263374485585,0.3333333333333333,1,12.333333333333334,46808,46808,0.4166666666666667,0.0002665280049390034,0,0
"0.0, 0.0, 1.0, 0.0","rms_log, net_us, nst_log, east_west",0.0,0.44724361444718236,0.8513513513513513,2,29.527407219915226,49982,46816,0.3333333333333333,0.0012761969087587346,63,74
"1.0, 5.0, 1.0","latitude, depthError_log, net_us",4,0.24622492641704344,0.7555555555555555,1,22.42109351171981,49874,46825,0.25,0.00048452832342401464,34,45
"3.0, 1.0, 1.0, 0.0, 0.0","latitude, absolute_longitude, depth_signed_log, depthError_log, net_us",1.0,0.06092699470458736,0.5714285714285714,1,27.666620723199998,49944,46835,0.4166666666666667,0.0005978861533588039,8,14
"7.0, 6.0, 7.0, 7.0, 3.0","longitude, rms_log, depth_signed_log, depthError_log, station_coverage",4.0,1.0,1.0,1,22.8,49376,46837,0.4166666666666667,0.000492716636157509,5,5
"2.0, 4.0, 1.0, 3.0, 0.0","longitude, absolute_longitude, rms_log, depth_signed_log, net_us",1.0,0.2373046875,0.75,1,16.55740825388974,49926,46844,0.4166666666666667,0.0003578118639624178,15,20
"1.0, 3.0, 0.0","dmin_log, horizontalError_log, east_west",0.0,0.2373046875,0.75,1,21.11769188876054,49992,46864,0.25,0.00045636132065091247,39,52
"6.0, 6.0, 0.0, 5.0","absolute_longitude, depth_signed_log, net_us, station_coverage",1.0,0.004115226337448558,0.3333333333333333,1,17.199488000000002,49981,46870,0.3333333333333333,0.0003716874504820808,4,12
"0.0, 7.0, 0.0","absolute_longitude, depth_signed_log, net_us",3.0,0.670176922268936,0.9230769230769231,2,19.538055365445558,49956,46876,0.25,0.0008444495540983776,36,39
"1.0, 6.0, 3.0, 3.0, 0.0, 2.0","longitude, absolute_longitude, dmin_log, depthError_log, east_west, station_coverage",2.0,0.03125,0.5,1,21.5,46881,46881,0.5,0.0004646231437450194,1,2
"0.0, 7.0, 6.0, 1.0, 3.0","latitude, dmin_log, depthError_log, net_us, station_coverage",4.0,1.0,1.0,2,17.416,49964,46905,0.4166666666666667,0.0007527327136244891,7,7
"5.0, 1.0, 0.0, 7.0, 7.0","longitude, absolute_longitude, net_us, nst_log, station_coverage",1.0,0.06092699470458736,0.5714285714285714,1,19.724308665562564,49884,46914,0.4166666666666667,0.0004262497814135259,12,21
"0.0, 5.0, 1.0, 1.0","latitude, depthError_log, net_us, station_coverage",4.0,1.0,1.0,1,16.689600000000002,49988,46922,0.3333333333333333,0.0003606685776672966,8,8
"7.0, 5.0, 1.0, 3.0, 0.0, 1.0","horizontalError_log, depthError_log, net_us, nst_log, east_west, station_coverage",4.0,1.0,1.0,1,27.0,48127,46922,0.5,0.000583480227028629,1,1
"0.0, 7.0, 0.0, 1.0, 0.0","longitude, absolute_longitude, net_us, nst_log, station_coverage",1.0,0.000541922809869769,0.2222222222222222,2,17.94358524837888,49387,46927,0.4166666666666667,0.0007755353477356791,4,18
"0.0, 0.0, 1.0, 3.0, 0.0","latitude, absolute_longitude, rms_log, horizontalError_log, station_coverage",1.0,0.0014458261438686259,0.42857142857142855,1,9.776,46931,46931,0.4166666666666667,0.00021126306294192137,0,0
"3.0, 2.0, 0.0, 0.0, 6.0, 0.0, 7.0","latitude, absolute_longitude, depthError_log, net_us, nst_log, east_west, station_coverage",2.0,0.3276800000000001,0.8,1,15.0,48981,46946,0.5833333333333334,0.0003241556816825717,4,5
"4.0, 4.0, 2.0, 3.0, 4.0, 1.0, 2.0","latitude, absolute_longitude, dmin_log, horizontalError_log, depthError_log, nst_log, station_coverage",1.0,1.0,1.0,1,10.0,46948,46948,0.5833333333333334,0.00021610378778838112,1,1
"1.0, 0.0, 4.0, 6.0, 3.0, 0.0","longitude, latitude, horizontalError_log, depth_signed_log, depthError_log, net_us",1.0,1.0,1.0,1,21.52,49829,46949,0.5,0.0004650553513205962,6,6
"5.0, 3.0, 4.0, 1.0, 0.0","latitude, rms_log, depthError_log, nst_log, east_west",0.0,1.0,1.0,1,7.5,49019,46959,0.4166666666666667,0.00016207784084128584,2,2
"5.0, 3.0, 1.0, 1.0, 0.0","longitude, latitude, absolute_longitude, horizontalError_log, net_us",1.0,0.21208362139917689,0.7333333333333333,1,27.27988911735009,49944,46970,0.4166666666666667,0.0005895287368706391,22,30
"7.0, 7.0, 0.0, 0.0, 0.0","longitude, dmin_log, depthError_log, net_us, station_coverage",2.0,0.2373046875,0.75,2,22.5,48371,46973,0.4166666666666667,0.000972467045047715,3,4
"2.0, 3.0, 0.0, 4.0","absolute_longitude, dmin_log, east_west, station_coverage",0.0,0.2567458542283846,0.7619047619047619,1,23.98043946520412,49159,46989,0.3333333333333333,0.0005182263801260591,16,21
"7.0, 6.0, 7.0, 0.0, 0.0","absolute_longitude, dmin_log, depthError_log, net_us, east_west",2.0,0.3173112237881989,0.7948717948717948,2,30.617101198787953,49970,46992,0.4166666666666667,0.001323294308031652,31,39
"1.0, 0.0, 4.0, 4.0, 0.0","longitude, latitude, horizontalError_log, depthError_log, net_us",1.0,1.0,1.0,2,22.74528,49946,47009,0.4166666666666667,0.0009830682324614619,9,9
"7.0, 1.0, 6.0","longitude, net_us, nst_log",4.0,0.2558354088543162,0.7613636363636364,1,19.340666806440133,49962,47010,0.25,0.0004179591355224725,67,88
"4.0, 2.0, 4.0, 3.0, 6.0","longitude, latitude, dmin_log, depth_signed_log, nst_log",1.0,0.03125,0.5,1,12.5,49628,47012,0.4166666666666667,0.0002701297347354764,1,2
"1.0, 6.0, 7.0, 6.0, 0.0, 4.0","longitude, absolute_longitude, dmin_log, horizontalError_log, net_us, station_coverage",3.0,1.0,1.0,1,25.0,49528,47020,0.5,0.0005402594694709527,2,2
"1.0, 1.0, 4.0, 0.0, 0.0","longitude, latitude, horizontalError_log, net_us, east_west",1.0,0.014458261438686257,0.42857142857142855,1,14.552000000000001,48379,47027,0.4166666666666667,0.00031447423198965223,3,7
"5.0, 7.0, 6.0, 1.0","latitude, absolute_longitude, horizontalError_log, net_us",3.0,0.34486232960503455,0.8082191780821918,2,26.308817783830257,49928,47043,0.3333333333333333,0.0011370870350640083,59,73
"0.0, 2.0, 0.0, 1.0, 0.0","rms_log, horizontalError_log, net_us, nst_log, east_west",0.0,0.3276800000000001,0.8,1,31.584927394133803,49982,47046,0.4166666666666667,0.0006825622446893317,28,35
"3.0, 2.0, 0.0, 0.0, 0.0, 6.0, 0.0, 7.0","latitude, absolute_longitude, horizontalError_log, depthError_log, net_us, nst_log, east_west, station_coverage",2.0,0.2373046875,0.75,1,16.75,48981,47053,0.6666666666666666,0.00036197384454553835,3,4
"6.0, 6.0, 1.0, 0.0","latitude, absolute_longitude, net_us, east_west",3,0.05292214940134466,0.5555555555555556,1,12.092065297571452,49760,47059,0.3333333333333333,0.00026131411129896284,15,27
"2.0, 5.0, 7.0, 5.0, 6.0, 0.0, 7.0, 0.0","longitude, absolute_longitude, rms_log, horizontalError_log, depthError_log, net_us, nst_log, east_west",2.0,0.004115226337448558,0.3333333333333333,1,28.32128,48498,47066,0.6666666666666666,0.0006120335883015323,3,9
"6.0, 2.0, 1.0, 6.0, 6.0, 7.0, 4.0, 0.0","longitude, latitude, absolute_longitude, dmin_log, horizontalError_log, depthError_log, nst_log, east_west",2.0,0.1,1.0,1,5.0,47071,47071,0.6666666666666666,0.00010805189389419056,0,0
"1.0, 4.0, 0.0, 2.0","rms_log, depth_signed_log, net_us, station_coverage",0.0,0.021383667234526327,0.7315592903828197,1,14.995863681392729,47072,47072,0.3333333333333333,0.0003240662942707186,0,0
"2.0, 3.0, 4.0","absolute_longitude, horizontalError_log, depthError_log",0.0,0.03125,0.5,1,20.5,49985,47072,0.25,0.0004430127649661813,1,2
"5.0, 3.0, 3.0, 2.0, 4.0, 0.0","latitude, dmin_log, horizontalError_log, depth_signed_log, depthError_log, net_us",1.0,0.03125,0.5,1,14.5,47076,47076,0.5,0.00031335049229315264,1,2
"5.0, 2.0, 2.0, 0.0, 3.0","absolute_longitude, depth_signed_log, nst_log, east_west, station_coverage",1.0,0.03125,0.5,1,22.0,48491,47083,0.4166666666666667,0.00047542833313443845,1,2
"2.0, 5.0, 0.0, 2.0, 3.0","longitude, horizontalError_log, net_us, nst_log, station_coverage",1.0,1.0,1.0,2,21.86016,49487,47083,0.4166666666666667,0.0009448126755320115,9,9
"4.0, 3.0, 4.0, 0.0, 0.0","longitude, absolute_longitude, dmin_log, net_us, east_west",1.0,0.019403791345598595,0.45454545454545453,2,12.030963199999999,49755,47084,0.4166666666666667,0.0005199873436525245,5,11
"7.0, 0.0, 7.0, 7.0, 7.0","longitude, latitude, dmin_log, nst_log, station_coverage",5.0,0.46266436603796024,0.8571428571428571,1,41.97834085063402,49998,47092,0.4166666666666667,0.0009071678462893744,126,147
"7.0, 7.0, 1.0, 6.0, 5.0","dmin_log, rms_log, net_us, nst_log, station_coverage",4,0.620921323059155,0.9090909090909091,1,24.318202012680583,49851,47102,0.4166666666666667,0.0005255255567143308,20,22
"7.0, 7.0, 3.0","longitude, dmin_log, station_coverage",4.0,0.26150027784488145,0.7647058823529411,1,15.452923953890089,49964,47117,0.25,0.0003339435398841455,39,51
"0.0, 6.0, 0.0, 2.0","latitude, dmin_log, net_us, station_coverage",2,0.0,0.0,1,20.554332159999998,47129,47129,0.3333333333333333,0.0004441869035236537,0,12
"2.0, 4.0, 1.0, 0.0, 0.0, 5.0","longitude, absolute_longitude, rms_log, net_us, east_west, station_coverage",1.0,0.2373046875,0.75,1,14.5,49605,47135,0.5,0.00031335049229315264,3,4
"1.0, 1.0, 1.0, 0.0, 0.0","longitude, latitude, dmin_log, net_us, east_west",1.0,0.2373046875,0.75,1,18.056,49604,47138,0.4166666666666667,0.00039019699923070094,6,8
"1.0, 7.0, 5.0, 0.0, 0.0, 0.0","longitude, latitude, absolute_longitude, net_us, nst_log, east_west",0.0,1.0,1.0,1,35.05488313633506,49990,47149,0.5,0.0007575493026241051,45,45
"4.0, 4.0, 3.0, 2.0, 0.0, 0.0, 5.0, 0.0","latitude, dmin_log, rms_log, horizontalError_log, depth_signed_log, net_us, nst_log, east_west",2.0,0.0009765625,0.25,1,9.25,47151,47151,0.6666666666666666,0.00019989600370425253,1,4
"5.0, 7.0, 7.0, 1.0","latitude, absolute_longitude, depthError_log, net_us",3.0,0.22733534048886378,0.7435897435897436,1,23.37900392403568,49928,47167,0.3333333333333333,0.0005052291302703536,29,39
"2.0, 2.0, 0.0, 4.0, 0.0","latitude, rms_log, net_us, nst_log, east_west",1,1.859344320818706e-06,0.07142857142857142,1,22.028489216,48133,47171,0.4166666666666667,0.0004760439958833106,1,14
"6.0, 4.0, 1.0, 3.0, 2.0, 0.0, 0.0","longitude, latitude, absolute_longitude, rms_log, horizontalError_log, depth_signed_log, east_west",3.0,0.03125,0.5,1,11.25,49143,47176,0.5833333333333334,0.00024311676126192875,2,4
"7.0, 0.0, 7.0, 5.0, 7.0, 1.0, 7.0","longitude, latitude, dmin_log, depth_signed_log, nst_log, east_west, station_coverage",5.0,0.8033111840304636,0.9571428571428572,1,53.498231791342704,49902,47183,0.5833333333333334,0.0011561170530089947,67,70
"1.0, 6.0, 7.0, 5.0, 7.0, 0.0, 7.0, 0.0","longitude, absolute_longitude, rms_log, horizontalError_log, depth_signed_log, net_us, nst_log, east_west",3.0,0.6472278485082303,0.9166666666666666,1,23.130629120000002,49666,47184,0.6666666666666666,0.0004998616566760229,11,12
"6.0, 0.0, 0.0, 4.0, 3.0","longitude, absolute_longitude, dmin_log, horizontalError_log, nst_log",0.0,0.401877572016461,0.8333333333333334,1,15.144972800000001,49997,47193,0.4166666666666667,0.00032728859880320045,10,12
"5.0, 1.0, 1.0, 4.0, 4.0, 0.0, 2.0, 0.0, 4.0","longitude, latitude, absolute_longitude, dmin_log, rms_log, depth_signed_log, nst_log, east_west, station_coverage",1.0,1.0,1.0,1,2.0,47205,47205,0.75,4.322075755767622e-05,1,1
"4.0, 2.0, 3.0, 0.0, 5.0","dmin_log, horizontalError_log, depthError_log, east_west, station_coverage",1.0,0.03125,0.5,1,22.0,48344,47212,0.4166666666666667,0.00047542833313443845,1,2
"4.0, 3.0, 5.0, 0.0, 5.0","dmin_log, depthError_log, nst_log, east_west, station_coverage",1.0,0.07775999999999998,0.6,1,19.0,48344,47212,0.4166666666666667,0.0004105971967979241,3,5
"7.0, 0.0, 5.0, 5.0, 0.0","longitude, absolute_longitude, dmin_log, rms_log, east_west",3.0,0.2373046875,0.75,1,19.5,49272,47216,0.4166666666666667,0.0004214023861873432,3,4
"7.0, 7.0, 6.0, 6.0, 1.0, 1.0","longitude, absolute_longitude, rms_log, depthError_log, net_us, station_coverage",3.0,1.0,1.0,1,21.0,48009,47217,0.5,0.0004538179543556003,1,1
"3.0, 3.0, 3.0, 3.0, 3.0, 1.0, 7.0","longitude, latitude, absolute_longitude, dmin_log, rms_log, depthError_log, station_coverage",2.0,1.0,1.0,1,10.0,49876,47226,0.5833333333333334,0.00021610378778838112,2,2
"3.0, 3.0, 1.0, 6.0","latitude, rms_log, depth_signed_log, station_coverage",1.0,0.07775999999999998,0.6,1,23.6,48904,47230,0.3333333333333333,0.0005100049391805794,3,5
"1.0, 1.0, 0.0, 0.0","latitude, absolute_longitude, dmin_log, net_us",1.0,0.07775999999999998,0.6,1,12.529166699575388,49994,47237,0.3333333333333333,0.0002707600381610291,15,25
"1.0, 0.0, 6.0, 0.0, 0.0, 5.0","longitude, latitude, depth_signed_log, net_us, east_west, station_coverage",1.0,0.03125,0.5,1,19.919999999999998,49981,47249,0.5,0.00043047874527445514,3,6
"6.0, 3.0, 1.0, 0.0, 0.0, 0.0","longitude, latitude, absolute_longitude, depth_signed_log, net_us, east_west",1.0,0.03125,0.5,1,9.5,48067,47251,0.5,0.00020529859839896205,1,2
"2.0, 1.0, 0.0","dmin_log, nst_log, east_west",0.0,0.38470588034229997,0.8260869565217391,1,15.004428952346611,49497,47263,0.25,0.0006485027860407507,19,23
"2.0, 0.0, 2.0","rms_log, net_us, station_coverage",0.0,0.06504222973314074,0.5789473684210527,1,14.949663108694017,49996,47267,0.25,0.00032306788239490016,11,19
"5.0, 3.0, 2.0, 0.0","latitude, dmin_log, depth_signed_log, net_us",0.0,0.401877572016461,0.8333333333333334,2,14.36,49881,47267,0.3333333333333333,0.0006206500785282305,5,6
"6.0, 0.0, 5.0, 3.0, 3.0, 0.0, 3.0, 0.0, 3.0","longitude, absolute_longitude, dmin_log, rms_log, horizontalError_log, net_us, nst_log, east_west, station_coverage",2.0,1.0,1.0,1,4.0,47270,47270,0.75,8.644151511535244e-05,1,1
"6.0, 7.0, 7.0, 0.0","latitude, horizontalError_log, depth_signed_log, net_us",2.0,0.05292214940134466,0.5555555555555556,2,22.78189266485248,49699,47276,0.3333333333333333,0.0009846506595725913,10,18
"0.0, 5.0, 5.0, 7.0, 5.0","latitude, dmin_log, rms_log, depth_signed_log, depthError_log",3.0,0.1,1.0,1,5.5600000000000005,47277,47277,0.4166666666666667,0.00012015370601033991,0,0
"0.0, 0.0, 0.0","rms_log, depthError_log, net_us",0.0,0.06754356352880661,0.5833333333333334,1,20.500951742690866,49987,47279,0.25,0.0004430333324862309,14,24
"5.0, 2.0, 1.0, 6.0","longitude, latitude, absolute_longitude, nst_log",0.0,0.6903615309097401,0.9285714285714286,1,23.1995848704,49640,47294,0.3333333333333333,0.0005013518165611459,13,14
"4.0, 4.0, 7.0, 7.0, 1.0, 0.0, 0.0","absolute_longitude, rms_log, horizontalError_log, depth_signed_log, nst_log, east_west, station_coverage",0.0,1.0,1.0,1,9.0,47308,47308,0.5833333333333334,0.00019449340900954301,1,1
"6.0, 0.0, 0.0, 0.0","longitude, net_us, east_west, station_coverage",1.0,0.0007211993883891124,0.23529411764705882,1,16.1478270590976,48902,47314,0.3333333333333333,0.0003489606592022706,4,17
"1.0, 1.0","horizontalError_log, depth_signed_log",1.0,0.053947741932415916,0.5576923076923077,1,26.532294051519678,49944,47318,0.16666666666666666,0.0005733729243248535,29,52
"3.0, 1.0, 1.0, 1.0, 0.0, 5.0, 0.0","longitude, horizontalError_log, depth_signed_log, depthError_log, net_us, nst_log, east_west",1.0,0.3276800000000001,0.8,1,23.4,49486,47318,0.5833333333333334,0.0005056828634248118,4,5
"6.0, 3.0, 4.0, 0.0","longitude, horizontalError_log, depth_signed_log, net_us",1.0,0.0852316508323596,0.6111111111111112,1,18.42643229720576,49856,47319,0.3333333333333333,0.00039820218148523256,11,18
"7.0, 6.0, 6.0, 0.0, 0.0","longitude, dmin_log, depth_signed_log, net_us, east_west",3.0,1.0,1.0,3,26.320573853696,49937,47326,0.4166666666666667,0.0017063927119642598,16,16
"3.0, 6.0, 0.0","longitude, depth_signed_log, east_west",1.0,0.18593443208187066,0.7142857142857143,1,14.77402112,49828,47330,0.25,0.00031927219248975406,10,14
"4.0, 4.0, 0.0, 5.0, 0.0","dmin_log, rms_log, net_us, nst_log, east_west",1.0,0.0009765625,0.25,1,15.165186559999999,49008,47333,0.4166666666666667,0.00032772542581334494,3,12
"3.0, 5.0, 0.0, 5.0","depthError_log, nst_log, east_west, station_coverage",1.0,0.004115226337448558,0.3333333333333333,1,17.122880000000002,49719,47333,0.3333333333333333,0.00037003192258459156,3,9
"3.0, 0.0, 0.0, 0.0","dmin_log, horizontalError_log, net_us, nst_log",0.0,1.0,1.0,1,18.0,49788,47334,0.3333333333333333,0.00038898681801908603,1,1
"2.0, 0.0","absolute_longitude, nst_log",0.0,0.46266436603796024,0.8571428571428571,2,17.496,49788,47334,0.16666666666666666,0.0007561903742291031,6,7
"1.0, 0.0, 1.0, 0.0","absolute_longitude, dmin_log, depthError_log, east_west",0.0,0.016028404235839844,0.4375,2,22.011604860928,49688,47339,0.3333333333333333,0.0009513582371495365,7,16
"4.0, 3.0, 3.0, 2.0, 2.0, 7.0","longitude, latitude, rms_log, depth_signed_log, depthError_log, station_coverage",2.0,1.0,1.0,1,10.0,47340,47340,0.5,0.00021610378778838112,1,1
"0.0, 5.0, 1.0","absolute_longitude, depthError_log, east_west",4.0,0.278129938257687,0.7741935483870968,1,21.855979624761943,49988,47344,0.25,0.00047231599827367364,24,31
"1.0, 1.0, 0.0, 0.0, 0.0","longitude, latitude, depth_signed_log, net_us, east_west",1.0,1.0,1.0,2,11.5,49831,47346,0.4166666666666667,0.0004970387119132766,2,2
"7.0, 0.0, 7.0, 0.0, 0.0","longitude, absolute_longitude, depth_signed_log, net_us, east_west",3.0,0.6472278485082303,0.9166666666666666,1,21.060649006583375,49956,47347,0.4166666666666667,0.00045512860236042734,22,24
"7.0, 7.0, 5.0, 1.0, 1.0, 2.0","longitude, absolute_longitude, depthError_log, net_us, east_west, station_coverage",3.0,0.401877572016461,0.8333333333333334,1,21.44,49231,47351,0.5,0.00046332652101828913,5,6
"7.0, 6.0, 7.0, 3.0, 1.0","longitude, latitude, absolute_longitude, nst_log, east_west",3.0,1.0,1.0,1,27.5,49214,47351,0.4166666666666667,0.0005942854164180481,2,2
"4.0, 5.0, 1.0, 0.0","longitude, latitude, dmin_log, net_us",0,0.03125,0.5,1,7.5,48189,47354,0.3333333333333333,0.00016207784084128584,1,2
"6.0, 0.0, 5.0, 4.0, 3.0, 5.0, 0.0","longitude, absolute_longitude, dmin_log, horizontalError_log, depthError_log, nst_log, east_west",2.0,1.0,1.0,1,11.0,47355,47355,0.5833333333333334,0.00023771416656721923,1,1
"0.0, 7.0, 7.0, 4.0, 0.0","longitude, absolute_longitude, depthError_log, nst_log, east_west",2.0,0.3276800000000001,0.8,1,26.303744000000002,49970,47361,0.4166666666666667,0.0005684338711415903,8,10
"3.0, 3.0, 2.0, 0.0, 0.0, 1.0, 2.0","absolute_longitude, horizontalError_log, depth_signed_log, depthError_log, net_us, nst_log, station_coverage",1.0,1.0,1.0,1,7.0,47364,47364,0.5833333333333334,0.00015127265145186677,1,1
"6.0, 1.0, 3.0, 2.0, 1.0, 7.0, 0.0","absolute_longitude, dmin_log, rms_log, horizontalError_log, depthError_log, nst_log, east_west",2.0,1.0,1.0,1,14.0,47370,47370,0.5833333333333334,0.00030254530290373355,1,1
"0.0, 7.0, 7.0, 5.0, 1.0, 4.0","latitude, absolute_longitude, dmin_log, depthError_log, net_us, station_coverage",4.0,0.010240000000000003,0.4,1,20.0,48503,47376,0.5,0.00043220757557676224,2,5
"0.0, 6.0, 0.0","absolute_longitude, dmin_log, station_coverage",3.0,1.0,1.0,2,26.716758241279997,49834,47382,0.25,0.001154718530673411,15,15
"7.0, 7.0, 7.0, 7.0, 1.0, 1.0, 1.0","longitude, dmin_log, depth_signed_log, depthError_log, net_us, east_west, station_coverage",4.0,0.001903968584518355,0.2857142857142857,1,31.008,49386,47387,0.5833333333333334,0.0006700946251742122,2,7
"7.0, 0.0, 0.0, 6.0, 4.0, 0.0","longitude, latitude, absolute_longitude, dmin_log, horizontalError_log, net_us",3.0,0.708245596707819,0.9333333333333333,1,24.28235962368,49937,47396,0.5,0.0005247509891116897,14,15
"2.0, 3.0, 1.0, 0.0","dmin_log, depth_signed_log, nst_log, east_west",0.0,0.13168724279835387,0.6666666666666666,1,15.666666666666666,47877,47404,0.3333333333333333,0.00033856260086846375,2,3
"1.0, 4.0, 4.0, 3.0, 0.0, 4.0","absolute_longitude, dmin_log, depth_signed_log, depthError_log, net_us, station_coverage",1.0,0.0642314010398144,0.8888888888888888,1,10.0,47408,47408,0.5,0.00021610378778838112,0,0
"0.0, 1.0, 3.0","latitude, east_west, station_coverage",4,0.5674268557185995,0.8928571428571429,1,15.85928371090055,49964,47412,0.25,0.0003427251281536182,25,28
"1.0, 1.0, 0.0, 3.0, 0.0","longitude, latitude, net_us, nst_log, east_west",1.0,0.02373046875,0.75,1,12.906821056247082,47418,47418,0.4166666666666667,0.00027892129185618284,0,0
"3.0, 6.0, 0.0, 0.0","longitude, depth_signed_log, nst_log, east_west",1.0,0.0,0.0,1,14.0,47425,47425,0.3333333333333333,0.00030254530290373355,0,1
"0.0, 6.0, 7.0, 0.0, 0.0","absolute_longitude, dmin_log, depth_signed_log, net_us, east_west",3.0,1.0,1.0,1,21.37000704,49485,47428,0.4166666666666667,0.00046181394664083705,12,12
"7.0, 1.0, 7.0, 1.0, 7.0","dmin_log, net_us, nst_log, east_west, station_coverage",5.0,0.401877572016461,0.8333333333333334,1,32.649067065659615,49998,47433,0.4166666666666667,0.0007055587060645929,130,156
"7.0, 0.0, 7.0, 7.0, 1.0, 7.0, 7.0","longitude, latitude, absolute_longitude, dmin_log, net_us, nst_log, station_coverage",5.0,0.46266436603796024,0.8571428571428571,1,36.528000000000006,49541,47433,0.5833333333333334,0.0007893839160333987,6,7
"7.0, 5.0, 1.0, 3.0","longitude, depthError_log, net_us, station_coverage",4,0.2373046875,0.75,1,16.531253357477887,49683,47435,0.3333333333333333,0.0003572466467440364,15,20
"2.0, 5.0, 6.0, 6.0, 5.0, 0.0","longitude, absolute_longitude, horizontalError_log, depthError_log, nst_log, east_west",1.0,1.0,1.0,1,35.666666666666664,49549,47441,0.5,0.0007707701764452259,3,3
"7.0, 2.0, 1.0, 6.0","rms_log, depth_signed_log, net_us, station_coverage",3.0,1.0,1.0,1,8.0,47945,47442,0.3333333333333333,0.00017288303023070488,1,1
"7.0, 5.0, 5.0, 6.0, 7.0, 7.0","longitude, latitude, dmin_log, rms_log, horizontalError_log, depth_signed_log",2.0,0.13168724279835387,0.6666666666666666,1,19.666666666666668,47800,47446,0.5,0.00042500411598381623,2,3
"0.0, 7.0, 6.0, 5.0, 0.0, 3.0","dmin_log, rms_log, horizontalError_log, depthError_log, net_us, station_coverage",2.0,0.1,1.0,1,4.5,47449,47449,0.5,9.724670450477151e-05,0,0
"6.0, 0.0, 0.0, 2.0, 4.0","longitude, absolute_longitude, dmin_log, rms_log, horizontalError_log",0.0,0.13168724279835387,0.6666666666666666,1,10.826559999999999,49997,47458,0.4166666666666667,0.00023396606247181752,6,9
"1.0, 0.0, 4.0, 0.0, 3.0","latitude, absolute_longitude, dmin_log, east_west, station_coverage",1.0,0.2994492622121735,0.7857142857142857,2,15.7490738176,49607,47460,0.4166666666666667,0.0006806869012284359,11,14
"6.0, 1.0, 7.0, 0.0, 3.0","longitude, absolute_longitude, depthError_log, net_us, station_coverage",1.0,0.0,0.0,1,7.0,47468,47468,0.4166666666666667,0.00015127265145186677,0,2
"5.0, 6.0, 0.0","dmin_log, rms_log, net_us",1.0,0.054740611075523096,0.559322033898305,1,21.84245768906181,49925,47470,0.25,0.00047202378412137066,33,59
"4.0, 3.0, 0.0","absolute_longitude, depth_signed_log, net_us",1.0,0.14539335680000004,0.68,1,17.055966640299467,49926,47479,0.25,0.00036858589953609833,17,25
"7.0, 5.0, 1.0, 1.0, 4.0","dmin_log, depthError_log, net_us, east_west, station_coverage",5,0.0,0.0,1,24.31104,47480,47480,0.4166666666666667,0.0005253707829074844,0,13
"4.0, 2.0, 2.0, 0.0, 0.0, 5.0","longitude, absolute_longitude, rms_log, net_us, east_west, station_coverage",0.0,0.19649623617673456,0.7222222222222222,1,19.99266972647424,49702,47483,0.5,0.0004320491655893181,13,18
"1.0, 6.0, 6.0, 7.0, 2.0, 0.0","longitude, dmin_log, horizontalError_log, depth_signed_log, nst_log, east_west",1.0,1.0,1.0,1,12.0,49048,47489,0.5,0.00025932454534605733,1,1
"1.0, 2.0, 1.0, 0.0","latitude, horizontalError_log, depthError_log, net_us",5,0.0,0.0,1,12.104,47493,47493,0.3333333333333333,0.00026157202473905646,0,7
"4.0, 3.0, 3.0, 4.0, 0.0","longitude, absolute_longitude, dmin_log, depthError_log, net_us",1.0,0.0009765625,0.25,1,11.75,48023,47508,0.4166666666666667,0.0002539219506513478,1,4
"5.0, 0.0, 5.0, 7.0, 0.0, 7.0","longitude, horizontalError_log, depth_signed_log, nst_log, east_west, station_coverage",1.0,0.18593443208187066,0.7142857142857143,1,25.133824921600002,49838,47514,0.5,0.0005431514767167771,10,14
"7.0, 5.0, 4.0, 6.0, 5.0, 0.0, 0.0","latitude, absolute_longitude, dmin_log, rms_log, horizontalError_log, net_us, east_west",3.0,0.0,0.0,1,15.384,47516,47516,0.5833333333333334,0.0003324540671336455,0,7
"1.0, 2.0, 0.0, 0.0","longitude, dmin_log, east_west, station_coverage",0.0,1.0,1.0,1,32.50036154456473,49990,47528,0.3333333333333333,0.0007023451234272279,19,19
"5.0, 1.0, 5.0, 2.0, 6.0, 0.0","longitude, latitude, rms_log, depthError_log, nst_log, east_west",2.0,1.0,1.0,2,15.0,48456,47530,0.5,0.0006483113633651434,2,2
"2.0, 5.0, 6.0, 6.0, 0.0","longitude, absolute_longitude, rms_log, nst_log, east_west",1.0,0.16806999999999994,0.7,1,26.071295999999997,49616,47532,0.4166666666666667,0.0005634105818152069,7,10
"5.0, 5.0","absolute_longitude, rms_log",1.0,0.15359020233154297,0.6875,1,23.397427270058046,49980,47534,0.16666666666666666,0.0005056272657562705,22,32
"5.0, 2.0, 1.0, 0.0","longitude, absolute_longitude, rms_log, net_us",0.0,0.401877572016461,0.8333333333333334,1,23.16,49923,47543,0.3333333333333333,0.0005004963725178907,5,6
"7.0, 2.0","dmin_log, station_coverage",4.0,0.05292214940134466,0.5555555555555556,1,20.993025763969833,49933,47549,0.16666666666666666,0.0004536672384732954,35,63
"2.0, 2.0, 4.0, 0.0, 7.0","latitude, absolute_longitude, rms_log, net_us, nst_log",1.0,0.016028404235839844,0.4375,1,15.467986464767998,49385,47552,0.4166666666666667,0.00033426904644957747,7,16
"4.0, 4.0, 2.0, 0.0","latitude, dmin_log, depthError_log, net_us",3.0,0.13168724279835387,0.6666666666666666,2,7.0,48987,47556,0.3333333333333333,0.00030254530290373355,2,3
"7.0, 0.0, 1.0, 6.0","longitude, absolute_longitude, east_west, station_coverage",4.0,1.0,1.0,1,17.61408,49457,47557,0.3333333333333333,0.00038064694064075686,10,10
"0.0, 5.0, 1.0, 1.0, 6.0","absolute_longitude, depthError_log, net_us, east_west, station_coverage",4.0,1.0,1.0,1,20.2,49457,47557,0.4166666666666667,0.00043652965133252986,5,5
"5.0, 2.0, 1.0, 0.0","longitude, latitude, absolute_longitude, net_us",0.0,0.2770383778382806,0.7735849056603774,1,22.170656389648606,49977,47558,0.3333333333333333,0.0004791162823557738,41,53
"1.0, 6.0, 6.0, 2.0, 0.0, 1.0","longitude, latitude, absolute_longitude, depth_signed_log, net_us, nst_log",5,0.1,1.0,1,10.0,47559,47559,0.5,0.00021610378778838112,0,0
"2.0, 2.0, 2.0, 0.0, 0.0, 3.0","latitude, absolute_longitude, horizontalError_log, depth_signed_log, net_us, nst_log",1.0,1.0,1.0,2,15.0,48012,47566,0.5,0.0006483113633651434,2,2
"1.0, 3.0, 0.0, 0.0","longitude, dmin_log, nst_log, east_west",0.0,1.0,1.0,1,27.6,49958,47569,0.3333333333333333,0.0005964464542959319,5,5
"1.0, 6.0, 6.0, 0.0, 0.0","longitude, latitude, absolute_longitude, nst_log, east_west",0.0,0.7241964340209961,0.9375,1,25.217320845312003,49958,47569,0.4166666666666667,0.0005449558552546825,15,16
"5.0, 1.0, 6.0","depthError_log, net_us, nst_log",4.0,0.25126003423796484,0.7586206896551724,1,21.07529610923056,49962,47580,0.25,0.0004554451317966455,44,58
"2.0, 5.0, 6.0, 0.0","longitude, absolute_longitude, rms_log, net_us",1.0,0.1364580276075444,0.6714285714285714,1,25.096561577184456,49925,47582,0.3333333333333333,0.0005423462017293909,47,70
"3.0, 1.0, 1.0, 6.0","longitude, horizontalError_log, depth_signed_log, station_coverage",1.0,1.0,1.0,3,25.4,49486,47583,0.3333333333333333,0.001646710862947464,5,5
"6.0, 0.0, 7.0, 1.0","longitude, absolute_longitude, depthError_log, net_us",4.0,0.07204491900081343,0.5909090909090909,1,18.331949769911436,49897,47591,0.3333333333333333,0.0003961603782824203,13,22
"6.0, 6.0, 7.0, 7.0, 0.0","latitude, rms_log, horizontalError_log, depthError_log, net_us",2.0,0.3276800000000001,0.8,1,26.81524150272,49970,47596,0.4166666666666667,0.0005794875259197993,12,15
"2.0, 7.0, 5.0, 3.0","longitude, latitude, horizontalError_log, nst_log",1.0,0.708245596707819,0.9333333333333333,1,19.57568014336,49947,47602,0.3333333333333333,0.00042303786275138956,14,15
"6.0, 6.0, 0.0, 3.0","horizontalError_log, depthError_log, net_us, station_coverage",1.0,0.03125,0.5,1,18.302254681948163,49972,47605,0.3333333333333333,0.00039551865618366305,9,18
"1.0, 0.0, 6.0, 0.0, 0.0, 4.0","longitude, latitude, depth_signed_log, net_us, east_west, station_coverage",1.0,0.010240000000000003,0.4,1,17.8,49491,47610,0.5,0.0003846647422633184,2,5
"7.0, 6.0, 1.0, 1.0, 4.0","longitude, dmin_log, net_us, east_west, station_coverage",4.0,1.0,1.0,1,28.3024,49796,47617,0.4166666666666667,0.0006116255843501878,9,9
"4.0, 3.0, 1.0, 0.0, 6.0, 7.0","longitude, absolute_longitude, dmin_log, net_us, nst_log, station_coverage",1.0,0.03125,0.5,1,5.5,47622,47622,0.5,0.00011885708328360961,1,2
"7.0, 7.0, 1.0, 1.0, 4.0","depth_signed_log, depthError_log, net_us, east_west, station_coverage",4.0,1.0,1.0,2,31.686903850500094,49796,47625,0.4166666666666667,0.0013695319890758618,19,19
"0.0, 6.0, 1.0","longitude, dmin_log, station_coverage",2.0,0.37190058068567605,0.8205128205128205,2,24.413073975920398,49970,47632,0.25,0.0010551515515508703,32,39
"0.0, 5.0, 3.0, 0.0","absolute_longitude, dmin_log, depth_signed_log, net_us",2.0,0.004115226337448558,0.3333333333333333,1,19.333333333333332,47634,47634,0.3333333333333333,0.0004178006563908701,1,3
"1.0, 5.0, 1.0, 6.0","latitude, depthError_log, net_us, station_coverage",4.0,0.28462802079628785,0.7777777777777778,1,23.67232,49457,47649,0.3333333333333333,0.000511567801773865,7,9
"7.0, 7.0, 7.0, 6.0, 1.0","absolute_longitude, dmin_log, horizontalError_log, depth_signed_log, east_west",3.0,0.1590361251087416,0.6923076923076923,1,28.304357376000002,49741,47664,0.4166666666666667,0.0006116678839869604,9,13
"7.0, 0.0","dmin_log, net_us",3.0,0.11798236980223087,0.6521739130434783,2,18.393308678771373,49741,47664,0.16666666666666666,0.0007949727350886795,45,69
"3.0, 1.0, 0.0, 0.0, 7.0, 7.0","longitude, rms_log, depthError_log, net_us, nst_log, station_coverage",2.0,0.18593443208187066,0.7142857142857143,1,12.912,49993,47666,0.5,0.0002790332107923577,5,7
"7.0, 1.0, 1.0","longitude, latitude, east_west",4,0.20346349914002398,0.7272727272727273,1,19.973170568495995,49975,47667,0.25,0.00043162778139953977,40,55
"5.0, 4.0, 7.0, 5.0, 4.0, 0.0, 2.0","latitude, absolute_longitude, dmin_log, depthError_log, nst_log, east_west, station_coverage",4.0,1.0,1.0,1,8.0,49592,47670,0.5833333333333334,0.00017288303023070488,1,1
"2.0, 6.0","horizontalError_log, station_coverage",1.0,0.1043582467665522,0.6363636363636364,1,14.9345024,49604,47681,0.16666666666666666,0.0003227402537374668,7,11
"2.0, 2.0, 0.0, 0.0, 4.0","latitude, absolute_longitude, depth_signed_log, net_us, station_coverage",1.0,0.03125,0.5,1,15.0,48012,47686,0.4166666666666667,0.0003241556816825717,2,4
"1.0, 5.0, 6.0, 7.0, 0.0","longitude, rms_log, horizontalError_log, depth_signed_log, net_us",1.0,0.512908935546875,0.875,1,21.6976,49887,47687,0.4166666666666667,0.0004688933545917178,7,8
"1.0, 7.0, 5.0, 7.0, 6.0, 0.0, 0.0","longitude, latitude, rms_log, depth_signed_log, depthError_log, net_us, east_west",1.0,1.0,1.0,1,30.5,49306,47687,0.5833333333333334,0.0006591165527545623,4,4
"6.0, 0.0, 0.0, 4.0, 4.0, 0.0","longitude, absolute_longitude, dmin_log, rms_log, horizontalError_log, net_us",0.0,1.0,1.0,1,17.93461504,49930,47690,0.5,0.00038757382426704687,13,13
"2.0, 7.0, 7.0, 6.0, 6.0","longitude, latitude, rms_log, nst_log, station_coverage",3.0,0.0,0.0,1,24.0,47698,47698,0.4166666666666667,0.0005186490906921147,0,1
"2.0, 1.0, 3.0, 0.0, 0.0, 7.0","absolute_longitude, rms_log, depth_signed_log, net_us, east_west, station_coverage",3.0,1.0,1.0,2,12.5,49166,47706,0.5,0.0005402594694709527,4,4
"5.0, 1.0","longitude, station_coverage",0.0,0.10979242280002384,0.6428571428571429,1,11.496185856,49775,47709,0.16666666666666666,0.0002484369308600813,9,14
"2.0, 2.0, 5.0, 2.0, 0.0, 1.0","latitude, rms_log, depth_signed_log, depthError_log, net_us, station_coverage",0.0,0.061865234375,0.875,1,24.080000000000002,47709,47709,0.5,0.0005203779209944217,0,0
"1.0, 7.0, 1.0","latitude, rms_log, east_west",4,0.09212394683496279,0.6206896551724138,1,24.402197139535424,49975,47711,0.25,0.0005273407232212404,18,29
"3.0, 5.0, 0.0, 2.0","absolute_longitude, horizontalError_log, net_us, nst_log",1.0,0.0,0.0,1,12.0,47712,47712,0.3333333333333333,0.00025932454534605733,0,1
"7.0, 0.0, 7.0, 7.0, 7.0","longitude, latitude, rms_log, depthError_log, station_coverage",5.0,0.26150027784488145,0.7647058823529411,1,37.125663141888005,49740,47714,0.4166666666666667,0.0008022996429117488,13,17
"0.0, 0.0, 5.0, 1.0, 4.0, 4.0","latitude, absolute_longitude, dmin_log, depthError_log, nst_log, station_coverage",2.0,1.0,1.0,1,16.0,47717,47717,0.5,0.00034576606046140976,1,1
"0.0, 7.0, 5.0, 7.0, 6.0, 3.0","longitude, absolute_longitude, dmin_log, depth_signed_log, depthError_log, station_coverage",2.0,0.03125,0.5,1,8.5,47884,47718,0.5,0.00018368821962012395,2,4
"7.0, 0.0, 7.0, 3.0","longitude, latitude, rms_log, station_coverage",5.0,3.0517578125e-05,0.125,1,18.577710583808,49854,47719,0.3333333333333333,0.00040147136255972056,2,16
"4.0, 3.0, 2.0, 5.0","longitude, latitude, depth_signed_log, station_coverage",1.0,0.014458261438686257,0.42857142857142855,1,18.759999999999998,48384,47720,0.3333333333333333,0.0004054107058910029,3,7
"1.0, 0.0, 5.0, 0.0","latitude, absolute_longitude, depthError_log, east_west",0.0,0.0006544696506532578,0.23076923076923078,1,11.321678336,49930,47722,0.3333333333333333,0.0002446657572531256,3,13
"0.0, 0.0, 4.0, 0.0, 2.0","absolute_longitude, dmin_log, rms_log, net_us, nst_log",0.0,1.0,1.0,1,19.333333333333332,49835,47722,0.4166666666666667,0.0004178006563908701,3,3
"5.0, 7.0, 0.0, 1.0, 1.0","latitude, horizontalError_log, net_us, nst_log, east_west",3.0,0.13168724279835387,0.6666666666666666,1,22.75904,49910,47723,0.4166666666666667,0.0004918314750427277,6,9
"0.0, 6.0, 6.0, 7.0, 3.0, 0.0, 2.0","longitude, latitude, absolute_longitude, depth_signed_log, nst_log, east_west, station_coverage",2.0,0.018593443208187066,0.7142857142857143,1,16.096,47724,47724,0.5833333333333334,0.00034784065682417825,0,0
"5.0, 3.0, 0.0, 0.0","longitude, latitude, dmin_log, net_us",1.0,0.13168724279835387,0.6666666666666666,2,27.611831573566057,49944,47727,0.3333333333333333,0.001193404278164488,22,33
"6.0, 1.0, 4.0, 1.0, 1.0","latitude, dmin_log, depthError_log, nst_log, station_coverage",0.0,0.1,1.0,1,15.0,47729,47729,0.4166666666666667,0.0003241556816825717,0,0
"1.0, 2.0, 6.0, 4.0, 4.0, 0.0, 3.0, 0.0, 2.0","latitude, absolute_longitude, dmin_log, rms_log, horizontalError_log, depth_signed_log, nst_log, east_west, station_coverage",1.0,1.0,1.0,1,5.0,47731,47731,0.75,0.00010805189389419056,1,1
"6.0, 1.0, 5.0, 4.0, 0.0, 0.0","longitude, absolute_longitude, dmin_log, rms_log, net_us, east_west",1.0,1.0,1.0,2,9.0,49274,47735,0.5,0.00038898681801908603,1,1
"0.0, 5.0, 7.0, 0.0","longitude, depth_signed_log, depthError_log, net_us",2.0,0.095367431640625,0.625,1,21.345599999999997,49496,47739,0.3333333333333333,0.00046128650126156675,5,8
"0.0, 6.0, 7.0, 0.0","longitude, rms_log, depthError_log, net_us",2.0,0.28462802079628785,0.7777777777777778,1,27.59131057063129,49970,47739,0.3333333333333333,0.0005962586724359021,21,27
"0.0, 2.0, 0.0","absolute_longitude, depthError_log, station_coverage",2.0,0.0003200000000000001,0.2,1,20.6,47790,47740,0.25,0.00044517380284406514,1,5
"0.0, 0.0, 0.0","latitude, absolute_longitude, net_us",3.0,0.2373046875,0.75,1,19.732516004053306,49956,47749,0.25,0.00042642714510707696,51,68
"7.0, 5.0, 1.0, 7.0","dmin_log, depth_signed_log, net_us, station_coverage",5.0,0.719074839069856,0.9361702127659575,5,43.79144889953405,49995,47752,0.3333333333333333,0.0047317489899653216,88,94
"2.0, 7.0, 0.0, 0.0","longitude, latitude, net_us, east_west",1.0,0.07619230956183345,0.5975609756097561,1,21.154030043956364,49980,47756,0.3333333333333333,0.00045714660194881844,98,164
"6.0, 6.0, 0.0, 0.0, 0.0","latitude, absolute_longitude, nst_log, east_west, station_coverage",0.0,0.401877572016461,0.8333333333333334,1,26.33286144,49673,47763,0.4166666666666667,0.0005690631100490603,10,12
"2.0, 1.0, 0.0, 0.0, 3.0","absolute_longitude, rms_log, depthError_log, net_us, station_coverage",0.0,0.03125,0.5,2,16.0,48087,47764,0.4166666666666667,0.0006915321209228195,1,2
"0.0, 7.0, 1.0, 6.0, 1.0, 5.0","latitude, horizontalError_log, net_us, nst_log, east_west, station_coverage",4,1.0,1.0,1,30.2,49357,47765,0.5,0.000652633439120911,5,5
"1.0, 5.0, 2.0, 0.0, 0.0","absolute_longitude, dmin_log, horizontalError_log, net_us, east_west",1.0,0.095367431640625,0.625,1,12.08,48714,47766,0.4166666666666667,0.0002610533756483644,5,8
"2.0, 6.0, 5.0, 0.0, 2.0, 3.0","longitude, rms_log, horizontalError_log, net_us, nst_log, station_coverage",1.0,1.0,1.0,1,24.8,49487,47767,0.5,0.0005359373937151851,5,5
"5.0, 2.0, 3.0, 1.0, 0.0","longitude, latitude, rms_log, horizontalError_log, net_us",2,0.0,0.0,1,23.975034336326452,47775,47775,0.4166666666666667,0.02167898404243365,0,20
"7.0, 5.0, 7.0, 2.0, 1.0","longitude, latitude, absolute_longitude, nst_log, east_west",3.0,0.6011483889270763,0.9032258064516129,1,32.861926133536365,49917,47776,0.4166666666666667,0.0007101586711479198,28,31
"6.0, 2.0, 0.0, 4.0","absolute_longitude, depthError_log, net_us, nst_log",1.0,0.2373046875,0.75,1,19.25,49737,47788,0.3333333333333333,0.00041599979149263365,3,4
"7.0, 0.0, 2.0, 0.0, 0.0","longitude, absolute_longitude, depthError_log, nst_log, station_coverage",2.0,0.0,0.0,1,22.5,47790,47790,0.4166666666666667,0.0004862335225238575,0,2
"0.0, 1.0, 6.0, 0.0, 0.0, 0.0","absolute_longitude, rms_log, depth_signed_log, net_us, east_west, station_coverage",2.0,0.004115226337448558,0.3333333333333333,1,28.0,48237,47790,0.5,0.0006050906058074671,1,3
"7.0, 5.0, 7.0, 6.0, 7.0, 0.0","longitude, latitude, absolute_longitude, depth_signed_log, depthError_log, net_us",3.0,1.0,1.0,1,30.0,49910,47799,0.5,0.0006483113633651434,6,6
"6.0, 4.0, 5.0, 1.0","rms_log, horizontalError_log, depthError_log, nst_log",1.0,1.0,1.0,1,5.0,47802,47802,0.3333333333333333,0.00010805189389419056,1,1
"7.0, 0.0, 4.0, 4.0, 0.0, 1.0","longitude, absolute_longitude, dmin_log, horizontalError_log, net_us, nst_log",2.0,1.0,1.0,1,7.0,47806,47806,0.5,0.00015127265145186677,1,1
"1.0, 7.0, 5.0, 4.0, 5.0, 7.0","longitude, latitude, absolute_longitude, horizontalError_log, depth_signed_log, nst_log",5.0,1.0,1.0,1,14.666666666666666,49618,47818,0.5,0.0003169522220896256,3,3
"7.0, 7.0, 0.0, 5.0, 5.0","latitude, rms_log, depth_signed_log, depthError_log, nst_log",3.0,0.0,0.0,1,8.0,47819,47819,0.4166666666666667,0.00017288303023070488,0,1
"0.0, 6.0, 7.0, 7.0, 1.0","longitude, absolute_longitude, dmin_log, depth_signed_log, net_us",2.0,0.004115226337448558,0.3333333333333333,1,17.666666666666668,48978,47827,0.4166666666666667,0.00038178335842614,1,3
"1.0, 0.0, 0.0","dmin_log, nst_log, east_west",0.0,0.670176922268936,0.9230769230769231,2,30.03666976711248,49992,47830,0.25,0.0012982076218443516,36,39
"6.0, 1.0, 4.0, 3.0","longitude, latitude, dmin_log, horizontalError_log",1.0,0.2693290743429045,0.7692307692307693,1,20.03609344,49856,47832,0.3333333333333333,0.0004329875684865935,10,13
"1.0, 1.0, 2.0, 0.0, 0.0, 6.0","longitude, latitude, rms_log, net_us, east_west, station_coverage",1.0,1.0,1.0,1,15.75,49109,47839,0.5,0.00034036346576670027,4,4
"0.0, 0.0, 3.0, 4.0, 1.0, 0.0, 1.0, 1.0","latitude, absolute_longitude, rms_log, horizontalError_log, depthError_log, net_us, nst_log, station_coverage",2.0,1.0,1.0,1,11.0,47843,47843,0.6666666666666666,0.00023771416656721923,1,1
"3.0, 1.0, 0.0, 5.0","latitude, rms_log, east_west, station_coverage",1.0,0.03125,0.5,1,18.25,49827,47844,0.3333333333333333,0.0003943894127137955,2,4
"6.0, 1.0, 1.0","longitude, latitude, absolute_longitude",1.0,0.13168724279835387,0.6666666666666666,2,12.577521074283144,49994,47845,0.25,0.0005436099890281552,16,24
"1.0, 6.0, 6.0, 5.0, 0.0, 1.0","longitude, latitude, absolute_longitude, depthError_log, net_us, nst_log",0.0,0.04260802436167201,0.8431372549019608,1,10.239267205718972,47847,47847,0.5,0.0002212744427333223,0,0
"0.0, 5.0, 7.0","latitude, depth_signed_log, nst_log",5.0,0.5904900000000001,0.9,3,43.79123233537783,49995,47851,0.25,0.0028390353538788548,108,120
"2.0, 4.0, 1.0, 0.0, 0.0","longitude, absolute_longitude, rms_log, horizontalError_log, net_us",1.0,0.21208362139917689,0.7333333333333333,1,14.7650906112,49798,47853,0.4166666666666667,0.0003190792008118983,11,15
"6.0, 0.0, 0.0, 7.0, 6.0","longitude, latitude, absolute_longitude, depthError_log, nst_log",4,0.401877572016461,0.8333333333333334,1,20.0,49897,47857,0.4166666666666667,0.00043220757557676224,5,6
"4.0, 7.0","depthError_log, nst_log",5.0,0.20528663711548756,0.7285714285714285,1,41.71348439794016,49995,47860,0.16666666666666666,0.0009014441980246406,51,70
"2.0, 7.0, 0.0, 1.0, 0.0","longitude, latitude, net_us, nst_log, east_west",1.0,0.043151275720164604,0.5333333333333333,1,13.839369256960001,49664,47866,0.4166666666666667,0.00029907401170311296,8,15
"1.0, 6.0, 2.0, 0.0, 4.0","longitude, absolute_longitude, depthError_log, net_us, nst_log",1.0,0.13168724279835387,0.6666666666666666,1,21.0,49737,47876,0.4166666666666667,0.0004538179543556003,2,3
"5.0, 3.0, 1.0, 0.0, 0.0","longitude, latitude, horizontalError_log, net_us, east_west",1.0,0.34765472254481466,0.8095238095238095,1,27.29496650885497,49944,47878,0.4166666666666667,0.0005898545650120564,17,21
"2.0, 0.0, 0.0","absolute_longitude, nst_log, east_west",5,0.0,0.0,1,19.2,47883,47883,0.25,0.0004149192725536917,0,5
"0.0, 7.0, 5.0, 5.0, 7.0, 6.0, 3.0","longitude, absolute_longitude, dmin_log, rms_log, depth_signed_log, depthError_log, station_coverage",2.0,0.1,1.0,1,8.0,47884,47884,0.5833333333333334,0.00017288303023070488,0,0
"7.0, 7.0, 7.0, 6.0, 0.0, 1.0","longitude, dmin_log, horizontalError_log, depth_signed_log, net_us, station_coverage",2.0,0.0009765625,0.25,2,31.8912,48487,47888,0.5,0.001378361823423364,2,8
"0.0, 7.0, 1.0, 7.0","latitude, dmin_log, net_us, nst_log",5.0,0.3731255485988242,0.8210526315789474,1,35.109935342353594,49998,47895,0.3333333333333333,0.0007587390016487763,156,190
"7.0, 5.0, 7.0, 6.0, 1.0, 1.0","longitude, latitude, absolute_longitude, horizontalError_log, east_west, station_coverage",3.0,0.44855981016533175,0.8518518518518519,1,31.69487295944247,49917,47896,0.5,0.0006849382100007055,23,27
"7.0, 6.0, 1.0, 6.0, 5.0","longitude, horizontalError_log, net_us, nst_log, station_coverage",1,0.0,0.0,1,25.166973952,47903,47903,0.4166666666666667,0.0005438678398198724,0,13
"0.0, 0.0, 4.0, 4.0, 3.0, 0.0","absolute_longitude, dmin_log, rms_log, horizontalError_log, depth_signed_log, east_west",5,0.0,0.0,1,20.486399999999996,47904,47904,0.5,0.000442718863814789,0,8
"4.0, 2.0, 3.0, 3.0, 1.0, 0.0","longitude, latitude, dmin_log, rms_log, depthError_log, net_us",1.0,1.0,1.0,1,17.16,49476,47907,0.5,0.000370834099844862,6,6
"0.0, 6.0, 6.0, 6.0, 7.0","latitude, rms_log, horizontalError_log, depthError_log, nst_log",5.0,1.0,1.0,1,31.803072000000004,49998,47911,0.4166666666666667,0.0006872764322506606,10,10
"2.0, 0.0, 0.0, 0.0, 0.0","dmin_log, depth_signed_log, net_us, nst_log, east_west",0.0,0.6903615309097401,0.9285714285714286,1,28.378981888000002,49990,47914,0.4166666666666667,0.0006132805479574664,13,14
"7.0, 7.0, 7.0, 7.0, 1.0","longitude, dmin_log, rms_log, depthError_log, net_us",4.0,0.05292214940134466,0.5555555555555556,1,25.516915731825232,49935,47921,0.4166666666666667,0.0005514302142324364,40,72
"6.0, 4.0, 4.0, 0.0, 5.0, 4.0","longitude, dmin_log, horizontalError_log, net_us, nst_log, station_coverage",3.0,1.0,1.0,3,15.0,49675,47923,0.5,0.000972467045047715,4,4
"4.0, 0.0, 0.0, 7.0, 7.0","latitude, horizontalError_log, net_us, nst_log, station_coverage",2.0,0.008416533573215765,0.38461538461538464,1,14.887681024,49993,47927,0.4166666666666667,0.00032172842606716047,5,13
"4.0, 3.0, 2.0, 6.0","longitude, latitude, depthError_log, station_coverage",5,0.0,0.0,1,19.0,47931,47931,0.3333333333333333,0.0004105971967979241,0,2
"7.0, 2.0, 3.0, 4.0, 0.0, 0.0","absolute_longitude, dmin_log, horizontalError_log, depth_signed_log, net_us, east_west",0.0,0.0642314010398144,0.8888888888888888,1,11.78432,47932,47932,0.5,0.0002546636188510375,0,0
"7.0, 1.0, 0.0","latitude, depth_signed_log, east_west",0.0,0.043151275720164604,0.5333333333333333,1,22.353366261759998,49776,47938,0.25,0.0004830647118987341,8,15
"3.0, 3.0, 0.0, 0.0, 7.0, 7.0","latitude, absolute_longitude, depthError_log, net_us, nst_log, station_coverage",3.0,0.012558674125514407,0.4166666666666667,1,13.87349504,49848,47940,0.5,0.0002998114828007318,5,12
"2.0, 7.0, 2.0, 1.0, 0.0, 6.0","dmin_log, rms_log, depth_signed_log, net_us, east_west, station_coverage",3.0,0.1,1.0,1,8.0,47945,47945,0.5,0.00017288303023070488,0,0
"5.0, 1.0, 7.0","depth_signed_log, net_us, station_coverage",5.0,0.6177598157679649,0.9081632653061225,1,43.63011752019444,49995,47947,0.25,0.0009428633657766228,89,98
"5.0, 0.0, 1.0, 2.0, 3.0","longitude, dmin_log, rms_log, horizontalError_log, station_coverage",0.0,1.0,1.0,2,19.0,49509,47954,0.4166666666666667,0.0008211943935958482,1,1
"5.0, 2.0, 1.0, 0.0, 6.0","longitude, latitude, absolute_longitude, net_us, nst_log",0.0,1.0,1.0,1,23.26208,49640,47958,0.4166666666666667,0.0005027023599836344,9,9
"5.0, 2.0, 6.0, 6.0","longitude, latitude, nst_log, station_coverage",0.0,1.0,1.0,1,21.766399999999997,49880,47958,0.3333333333333333,0.0004703801486517018,8,8
"0.0, 7.0, 7.0, 1.0, 6.0, 0.0, 5.0","latitude, depth_signed_log, depthError_log, net_us, nst_log, east_west, station_coverage",4,1.0,1.0,1,23.5,49897,47967,0.5833333333333334,0.0005078439013026956,4,4
"0.0, 5.0, 4.0, 1.0, 7.0","longitude, depth_signed_log, depthError_log, net_us, nst_log",5.0,1.0,1.0,1,49.4,49995,47968,0.4166666666666667,0.0010675527116746028,6,6
"5.0, 0.0, 3.0","absolute_longitude, net_us, station_coverage",1.0,0.512908935546875,0.875,1,24.953156964352,49953,47970,0.25,0.000539247173727449,14,16
"5.0, 2.0, 0.0","latitude, dmin_log, net_us",0.0,0.08825375108068294,0.6153846153846154,3,15.781171711999999,49951,47973,0.25,0.001023111294810615,8,13
"1.0, 1.0, 2.0, 0.0","longitude, latitude, rms_log, east_west",2,0.0003200000000000001,0.2,1,15.4,48313,47976,0.3333333333333333,0.0003327998331941069,1,5
"0.0, 2.0, 1.0, 0.0","rms_log, depthError_log, nst_log, east_west",0.0,0.3666478320532007,0.8181818181818182,1,29.0194304,49816,47977,0.3333333333333333,0.0006271208828901296,9,11
"3.0, 0.0, 0.0, 0.0","longitude, rms_log, net_us, east_west",0.0,0.1778515758282992,0.7079646017699115,1,29.52675380249348,49987,47977,0.3333333333333333,0.0006380843337813827,80,113
"7.0, 1.0, 4.0","longitude, net_us, station_coverage",4.0,0.708245596707819,0.9333333333333333,1,21.545921381182996,49962,47980,0.25,0.00046561552218643136,42,45
"7.0, 5.0, 5.0, 1.0, 0.0","dmin_log, depth_signed_log, depthError_log, net_us, east_west",5.0,0.043151275720164604,0.5333333333333333,1,19.715972493996073,49989,47986,0.4166666666666667,0.00042606963358840863,40,75
"3.0, 2.0, 6.0, 0.0","horizontalError_log, depthError_log, nst_log, east_west",2.0,0.019403791345598595,0.45454545454545453,2,15.7449472,49967,47987,0.3333333333333333,0.0006805085456896131,5,11
"2.0, 5.0, 6.0, 5.0, 4.0, 0.0, 2.0","longitude, absolute_longitude, rms_log, horizontalError_log, nst_log, east_west, station_coverage",2.0,1.0,1.0,1,9.0,47989,47989,0.5833333333333334,0.00019449340900954301,1,1
"6.0, 4.0, 1.0, 3.0, 0.0, 1.0","longitude, latitude, absolute_longitude, rms_log, net_us, nst_log",0.0,1.0,1.0,1,7.0,47993,47993,0.5,0.00015127265145186677,1,1
"7.0, 6.0, 6.0, 4.0","longitude, absolute_longitude, rms_log, station_coverage",4.0,1.0,1.0,1,31.0,49962,47997,0.3333333333333333,0.0006699217421439814,2,2
"2.0, 5.0, 5.0, 1.0, 0.0, 2.0, 7.0, 6.0","latitude, dmin_log, rms_log, horizontalError_log, depth_signed_log, depthError_log, nst_log, station_coverage",2.0,1.0,1.0,1,10.0,48003,48003,0.6666666666666666,0.00021610378778838112,1,1
"3.0, 2.0, 6.0","latitude, horizontalError_log, station_coverage",1.0,0.073133218301898,0.9285714285714286,1,13.0,48006,48006,0.25,0.00028093492412489547,0,0
"1.0, 3.0, 3.0, 0.0, 0.0","absolute_longitude, horizontalError_log, depthError_log, nst_log, east_west",0.0,1.0,1.0,1,19.0,49992,48011,0.4166666666666667,0.0004105971967979241,1,1
"2.0, 2.0, 3.0, 0.0, 0.0, 4.0","latitude, absolute_longitude, rms_log, depth_signed_log, net_us, station_coverage",1.0,0.1,1.0,1,11.5,48012,48012,0.5,0.0002485193559566383,0,0
"7.0, 5.0, 7.0, 5.0, 0.0, 3.0, 1.0","longitude, latitude, absolute_longitude, rms_log, net_us, nst_log, east_west",3.0,0.1,1.0,1,10.0,48013,48013,0.5833333333333334,0.00021610378778838112,0,0
"3.0, 6.0, 0.0, 5.0","longitude, depth_signed_log, east_west, station_coverage",1.0,1.0,1.0,1,17.0,49828,48015,0.3333333333333333,0.0003673764392402479,2,2
"2.0, 1.0, 1.0, 0.0","latitude, horizontalError_log, depthError_log, east_west",0.0,0.2935778904262872,0.782608695652174,1,24.40563463989452,49913,48017,0.3333333333333333,0.0005274150089060528,18,23
"2.0, 2.0, 4.0, 0.0","latitude, rms_log, nst_log, east_west",0.0,0.670176922268936,0.9230769230769231,1,22.162706944,49702,48018,0.3333333333333333,0.00047894449182422563,12,13
"0.0, 7.0, 2.0, 0.0, 1.0","latitude, rms_log, nst_log, east_west, station_coverage",4.0,0.1,1.0,1,15.0,48019,48019,0.4166666666666667,0.0003241556816825717,0,0
"5.0, 1.0, 7.0, 0.0, 7.0","depth_signed_log, net_us, nst_log, east_west, station_coverage",5.0,0.6903615309097401,0.9285714285714286,1,41.95552673000489,49995,48022,0.4166666666666667,0.0009066748245010729,26,28
"7.0, 7.0, 1.0","horizontalError_log, nst_log, east_west",5.0,0.098123534241685,0.6285714285714286,1,24.516633725581862,49965,48033,0.25,0.000529813741191861,44,70
"2.0, 2.0, 2.0, 1.0, 0.0, 5.0","latitude, absolute_longitude, dmin_log, horizontalError_log, east_west, station_coverage",0.0,0.03125,0.5,1,25.5,49648,48035,0.5,0.0005510646588603718,1,2
"2.0, 3.0, 3.0, 2.0, 0.0, 0.0, 7.0, 0.0","longitude, dmin_log, rms_log, horizontalError_log, depthError_log, net_us, nst_log, east_west",2.0,1.0,1.0,1,7.0,48041,48041,0.6666666666666666,0.00015127265145186677,1,1
"6.0, 0.0, 0.0, 4.0, 0.0","longitude, absolute_longitude, dmin_log, rms_log, net_us",0.0,0.11602906250000002,0.65,1,13.373849447307673,49930,48046,0.4166666666666667,0.00028901395228747356,13,20
"1.0, 7.0, 7.0, 4.0, 5.0, 7.0","longitude, latitude, rms_log, horizontalError_log, depth_signed_log, nst_log",5.0,1.0,1.0,1,15.0,49618,48048,0.5,0.0003241556816825717,1,1
"1.0, 7.0, 5.0, 4.0, 5.0, 7.0","longitude, latitude, absolute_longitude, horizontalError_log, depth_signed_log, nst_log",3,0.0,0.0,1,15.0,48048,48048,0.5,0.0003241556816825717,0,1
"2.0, 1.0, 0.0, 0.0, 4.0","latitude, horizontalError_log, net_us, east_west, station_coverage",1.0,5.949901826619859e-05,0.14285714285714285,1,21.016,48147,48058,0.4166666666666667,0.0004541637204160617,1,7
"6.0, 0.0, 5.0","rms_log, east_west, station_coverage",1.0,0.038660462936795,0.5217391304347826,1,25.383450951271264,49823,48061,0.25,0.005936948792294694,12,23
"0.0, 7.0, 5.0, 1.0, 7.0","latitude, dmin_log, depth_signed_log, net_us, station_coverage",5.0,0.670176922268936,0.9230769230769231,1,47.24713732034489,49995,48062,0.4166666666666667,0.0010210285337084314,60,65
"1.0, 0.0, 0.0, 5.0, 5.0, 4.0, 0.0, 3.0","latitude, absolute_longitude, dmin_log, rms_log, horizontalError_log, depthError_log, net_us, station_coverage",1.0,1.0,1.0,2,4.0,49340,48066,0.6666666666666666,0.00017288303023070488,2,2
"0.0, 0.0, 0.0","rms_log, nst_log, east_west",0.0,0.13168724279835387,0.6666666666666666,1,25.12784128,49963,48068,0.25,0.0005430221679553242,8,12
"3.0, 2.0, 1.0, 0.0, 3.0","absolute_longitude, dmin_log, rms_log, east_west, station_coverage",0.0,0.03125,0.5,1,12.5,49177,48070,0.4166666666666667,0.0002701297347354764,1,2
"6.0, 1.0, 4.0, 3.0, 0.0","longitude, latitude, dmin_log, horizontalError_log, east_west",1.0,0.16806999999999994,0.7,2,19.640256,49856,48071,0.4166666666666667,0.0008488667429466958,7,10
"0.0, 7.0, 6.0, 7.0, 7.0, 0.0, 0.0","longitude, absolute_longitude, dmin_log, horizontalError_log, depthError_log, net_us, east_west",2.0,0.1590361251087416,0.6923076923076923,1,32.08319831632811,49970,48073,0.5833333333333334,0.0006933300680524316,18,26
"4.0, 0.0, 0.0, 7.0, 0.0","longitude, depthError_log, net_us, nst_log, east_west",3,0.01734152991583261,0.4444444444444444,2,14.961666332590081,49848,48074,0.4166666666666667,0.0006466545532197226,8,18
"2.0, 7.0, 6.0, 6.0, 0.0","longitude, latitude, dmin_log, horizontalError_log, net_us",1.0,1.0,1.0,2,31.748902065095308,49972,48076,0.4166666666666667,0.0013722115988778903,21,21
"0.0, 7.0, 7.0, 6.0, 1.0, 3.0","latitude, dmin_log, horizontalError_log, depthError_log, net_us, station_coverage",4.0,1.0,1.0,1,16.2,49964,48084,0.5,0.0003500881362171774,5,5
"0.0, 7.0, 3.0, 3.0","latitude, rms_log, nst_log, station_coverage",4,1.0,1.0,1,19.333333333333332,49964,48084,0.3333333333333333,0.0004178006563908701,3,3
"2.0, 1.0, 0.0, 0.0, 0.0, 3.0","absolute_longitude, rms_log, horizontalError_log, depthError_log, net_us, station_coverage",0.0,0.0,0.0,1,23.0,48087,48087,0.5,0.0004970387119132766,0,1
"7.0, 7.0, 1.0","absolute_longitude, dmin_log, station_coverage",3.0,0.3811667518821842,0.8245614035087719,1,31.904508852483435,49917,48088,0.25,0.0006894685210549607,47,57
"5.0, 2.0, 2.0, 0.0, 0.0","longitude, latitude, horizontalError_log, net_us, east_west",0.0,0.5904900000000001,0.9,1,20.48416,49907,48089,0.4166666666666667,0.00044267045656632445,9,10
"0.0, 6.0, 5.0, 0.0","longitude, latitude, depthError_log, nst_log",0.0,0.13168724279835387,0.6666666666666666,1,23.080000000000002,49752,48090,0.3333333333333333,0.0004987675422155836,4,6
"2.0, 3.0, 0.0, 0.0","absolute_longitude, rms_log, depthError_log, net_us",1.0,0.048282842081079885,0.5454545454545454,1,20.778567658242313,49838,48094,0.3333333333333333,0.0004490327175763316,12,22
"6.0, 1.0, 0.0, 0.0, 1.0","longitude, absolute_longitude, net_us, east_west, station_coverage",1.0,0.004115226337448558,0.3333333333333333,1,15.13536,48779,48096,0.4166666666666667,0.0003270808625540752,3,9
"6.0, 4.0, 0.0, 0.0","longitude, dmin_log, net_us, east_west",1.0,0.08356049390158359,0.6086956521739131,1,19.07606212683554,49856,48116,0.3333333333333333,0.0004122409281695642,42,69
"0.0, 4.0, 0.0, 5.0, 0.0","absolute_longitude, horizontalError_log, net_us, nst_log, east_west",1.0,0.13168724279835387,0.6666666666666666,1,7.666666666666667,49336,48116,0.4166666666666667,0.00016567957063775887,2,3
"2.0, 2.0, 7.0","longitude, rms_log, depthError_log",1,1.0,1.0,1,7.0,48606,48118,0.25,0.00015127265145186677,1,1
"2.0, 3.0, 7.0, 0.0","longitude, dmin_log, depthError_log, net_us",2.0,3.0517578125e-06,0.125,1,11.624771940352,48118,48118,0.3333333333333333,0.0002512157248486156,0,0
"2.0, 3.0, 4.0, 4.0","rms_log, horizontalError_log, depth_signed_log, depthError_log",0.0,0.0,0.0,1,31.0,48119,48119,0.3333333333333333,0.0006699217421439814,0,1
"1.0, 4.0, 3.0, 4.0, 5.0, 6.0","latitude, rms_log, horizontalError_log, depthError_log, nst_log, station_coverage",2.0,1.0,1.0,1,19.0,48120,48120,0.5,0.0004105971967979241,1,1
"2.0, 3.0, 2.0","dmin_log, rms_log, depth_signed_log",0.0,1.0,1.0,1,22.75,49093,48122,0.25,0.000491636117218567,4,4
"6.0, 6.0, 0.0, 3.0","longitude, depthError_log, net_us, nst_log",1.0,0.0,0.0,1,7.0,48130,48130,0.3333333333333333,0.00015127265145186677,0,1
"6.0, 0.0, 4.0","latitude, net_us, station_coverage",1.0,0.00045182066995894555,0.21428571428571427,1,15.0743999488,49600,48132,0.25,0.00032576349275726584,3,14
"3.0, 3.0, 1.0, 0.0, 7.0","absolute_longitude, dmin_log, depthError_log, net_us, station_coverage",2.0,1.0,1.0,1,8.5,49876,48134,0.4166666666666667,0.00018368821962012395,2,2
"4.0, 4.0, 4.0, 2.0, 0.0","latitude, absolute_longitude, dmin_log, depthError_log, net_us",3.0,0.03125,0.5,1,6.5,48987,48137,0.4166666666666667,0.00014046746206244773,1,2
"4.0, 3.0, 4.0, 0.0, 0.0, 0.0","longitude, absolute_longitude, dmin_log, depth_signed_log, net_us, east_west",2.0,0.0,0.0,1,15.0,48138,48138,0.5,0.0003241556816825717,0,1
"5.0, 3.0, 0.0","depth_signed_log, depthError_log, east_west",1.0,0.005810451002558458,0.35714285714285715,2,15.508448768000001,49813,48152,0.25,0.0006702869042973706,5,14
"7.0, 7.0, 3.0","dmin_log, depth_signed_log, station_coverage",4.0,0.20346349914002398,0.7272727272727273,2,20.22336,49770,48154,0.25,0.000874068939561607,8,11
"6.0, 4.0, 0.0, 0.0, 6.0","longitude, depth_signed_log, net_us, east_west, station_coverage",1.0,0.13168724279835387,0.6666666666666666,1,13.48,49633,48160,0.4166666666666667,0.00029130790593873775,4,6
"0.0, 0.0, 7.0, 7.0, 0.0","latitude, absolute_longitude, dmin_log, nst_log, east_west",5.0,0.30235651478560427,0.7872340425531915,1,35.40533743937745,49883,48161,0.4166666666666667,0.0007651227528575248,37,47
"6.0, 0.0, 7.0, 6.0, 6.0, 6.0","longitude, absolute_longitude, rms_log, horizontalError_log, depthError_log, nst_log",3,0.1,1.0,1,9.2,48164,48164,0.5,0.0001988154847653106,0,0
"2.0, 1.0, 0.0, 0.0","longitude, rms_log, net_us, east_west",1.0,0.05507317760000002,0.56,1,14.099645519145886,49926,48166,0.3333333333333333,0.00030469868031609014,14,25
"2.0, 4.0, 4.0, 0.0, 3.0","longitude, latitude, absolute_longitude, net_us, station_coverage",1.0,0.01734152991583261,0.4444444444444444,1,9.84768,49926,48166,0.4166666666666667,0.0002128120948927885,4,9
"4.0, 3.0, 2.0, 2.0, 0.0, 0.0, 3.0, 0.0, 4.0","longitude, latitude, absolute_longitude, rms_log, horizontalError_log, net_us, nst_log, east_west, station_coverage",0.0,1.0,1.0,1,30.0,48771,48168,0.75,0.0006483113633651434,2,2
"2.0, 3.0, 0.0, 0.0, 7.0","absolute_longitude, depth_signed_log, net_us, east_west, station_coverage",3.0,0.001903968584518355,0.2857142857142857,1,16.624000000000002,49166,48169,0.4166666666666667,0.0003592509368194048,2,7
"4.0, 3.0, 2.0, 0.0, 0.0, 4.0","longitude, latitude, depthError_log, net_us, east_west, station_coverage",0.0,0.03125,0.5,1,13.32,48915,48170,0.5,0.00028785024533412365,3,6
"3.0, 3.0, 3.0, 5.0, 0.0, 0.0, 0.0","latitude, absolute_longitude, depth_signed_log, depthError_log, net_us, east_west, station_coverage",1.0,1.0,1.0,1,1.0,48171,48171,0.5833333333333334,2.161037877883811e-05,1,1
"0.0, 2.0, 0.0, 1.0, 0.0, 1.0","rms_log, depth_signed_log, net_us, nst_log, east_west, station_coverage",0.0,1.0,1.0,1,34.0,48639,48186,0.5,0.0007347528784804958,1,1
"5.0, 7.0, 7.0, 0.0","latitude, dmin_log, depthError_log, net_us",3.0,0.3276800000000001,0.8,1,29.0,49741,48187,0.3333333333333333,0.0006267009845863053,4,5
"4.0, 5.0, 1.0, 0.0, 2.0","longitude, latitude, dmin_log, net_us, station_coverage",0,0.1,1.0,1,5.0,48189,48189,0.4166666666666667,0.00010805189389419056,0,0
"6.0, 7.0, 0.0, 0.0","latitude, depthError_log, net_us, east_west",2.0,0.13168724279835387,0.6666666666666666,1,23.24104631453588,49970,48194,0.3333333333333333,0.0005022478140736398,22,33
"2.0, 5.0, 5.0, 7.0, 5.0, 0.0, 7.0, 0.0","longitude, absolute_longitude, dmin_log, rms_log, horizontalError_log, net_us, nst_log, east_west",2.0,0.0063582343481257495,0.36363636363636365,1,24.8332032,49799,48196,0.6666666666666666,0.0005366549274438547,4,11
"2.0, 0.0, 2.0, 0.0, 3.0","horizontalError_log, net_us, nst_log, east_west, station_coverage",0.0,0.18593443208187066,0.7142857142857143,1,18.780181196799997,49840,48198,0.4166666666666667,0.0004058468291980612,10,14
"1.0, 0.0, 6.0, 3.0, 3.0, 6.0, 0.0, 6.0","longitude, latitude, absolute_longitude, dmin_log, rms_log, depth_signed_log, net_us, nst_log",1.0,0.011953071259917694,0.6533333333333333,1,20.55863008604977,48203,48203,0.6666666666666666,0.0004442797833335527,0,0
"1.0, 7.0, 5.0, 7.0, 0.0, 7.0, 7.0","longitude, rms_log, horizontalError_log, depth_signed_log, net_us, nst_log, station_coverage",3.0,1.0,1.0,1,23.613439999999997,49845,48211,0.5833333333333334,0.0005102953826713669,9,9
"1.0, 7.0, 0.0, 7.0","longitude, depth_signed_log, net_us, nst_log",3.0,0.19649623617673456,0.7222222222222222,2,21.058491924480002,49845,48211,0.3333333333333333,0.0009101639739982327,13,18
"2.0, 3.0, 4.0","absolute_longitude, dmin_log, station_coverage",0.0,0.620921323059155,0.9090909090909091,1,23.902822399999998,49159,48216,0.25,0.0005165490459472963,10,11
"6.0, 3.0, 0.0, 0.0","latitude, depth_signed_log, net_us, east_west",0,0.02094302882090425,0.46153846153846156,1,20.296155136,49032,48217,0.3333333333333333,0.00043860760024302053,6,13
"0.0, 7.0, 6.0, 7.0, 7.0","latitude, dmin_log, depthError_log, nst_log, station_coverage",5.0,0.7385081737104511,0.9411764705882353,1,37.437875987251196,49998,48229,0.4166666666666667,0.0008090466807596662,16,17
"0.0, 6.0, 6.0, 1.0, 7.0","latitude, rms_log, horizontalError_log, net_us, nst_log",5.0,0.44855981016533175,0.8518518518518519,1,39.3859300915744,49998,48229,0.4166666666666667,0.0008511448678357608,23,27
"1.0, 0.0, 6.0, 0.0","latitude, absolute_longitude, dmin_log, net_us",3.0,1.0,1.0,2,21.25,49834,48234,0.3333333333333333,0.0009184410981006197,4,4
"0.0, 7.0, 5.0, 1.0","absolute_longitude, dmin_log, depthError_log, east_west",4.0,0.17525145137855438,0.7058823529411765,1,23.7259108524032,49700,48235,0.3333333333333333,0.0005127259203933789,12,17
"6.0, 1.0, 4.0, 2.0, 2.0, 3.0, 0.0, 7.0, 0.0","longitude, latitude, dmin_log, rms_log, horizontalError_log, depth_signed_log, net_us, nst_log, east_west",2.0,0.1,1.0,1,15.5,48240,48240,0.75,0.0003349608710719907,0,0
"1.0, 7.0, 3.0, 0.0, 0.0","longitude, horizontalError_log, depth_signed_log, net_us, east_west",1.0,0.0,0.0,1,5.0,48242,48242,0.4166666666666667,0.00010805189389419056,0,1
"1.0, 0.0, 6.0, 0.0, 4.0, 0.0","longitude, latitude, absolute_longitude, net_us, nst_log, east_west",1.0,0.5904900000000001,0.9,1,24.515776,49946,48242,0.5,0.0005297952054171487,9,10
"0.0, 5.0, 7.0, 7.0, 1.0, 6.0","longitude, latitude, absolute_longitude, depthError_log, net_us, nst_log",3.0,0.013168724279835387,0.6666666666666666,1,16.96,48250,48250,0.5,0.00036651202408909437,0,0
"7.0, 0.0, 7.0, 1.0, 3.0","longitude, latitude, depth_signed_log, net_us, station_coverage",4.0,1.0,1.0,1,23.8,49376,48253,0.4166666666666667,0.000514327014936347,5,5
"1.0, 4.0, 1.0, 0.0, 7.0","latitude, rms_log, horizontalError_log, east_west, station_coverage",2.0,0.0,0.0,1,9.5,48261,48261,0.4166666666666667,0.00020529859839896205,0,4
"2.0, 7.0, 6.0, 0.0, 0.0","longitude, latitude, horizontalError_log, net_us, east_west",1.0,0.6805831970337531,0.9259259259259259,2,25.52948437395873,49980,48269,0.4166666666666667,0.001103403654699354,25,27
"7.0, 6.0, 6.0","latitude, dmin_log, horizontalError_log",1.0,0.6805831970337531,0.9259259259259259,1,25.533840538627707,49972,48269,0.25,0.0005517959657181965,25,27
"1.0, 7.0, 5.0, 1.0","latitude, horizontalError_log, depthError_log, east_west",4.0,0.07775999999999998,0.6,1,35.6,49457,48272,0.3333333333333333,0.0007693294845266368,3,5
"7.0, 5.0, 6.0, 6.0","latitude, absolute_longitude, rms_log, depthError_log",1.0,0.41500972208362036,0.8387096774193549,2,34.21157892517376,49953,48278,0.3333333333333333,0.0014786503583902404,26,31
"5.0, 2.0, 0.0, 0.0","latitude, dmin_log, net_us, east_west",0.0,0.06754356352880661,0.5833333333333334,1,15.83150336,49951,48281,0.3333333333333333,0.00034212478424804825,7,12
"0.0, 0.0, 5.0","latitude, east_west, station_coverage",4.0,0.07775999999999998,0.6,1,20.07040973689545,49897,48284,0.25,0.0004337291566607912,15,25
"6.0, 2.0, 4.0, 0.0","longitude, dmin_log, depth_signed_log, net_us",1.0,0.013168724279835387,0.6666666666666666,1,13.985612476380506,48288,48288,0.3333333333333333,0.0003022343830686268,0,0
"6.0, 7.0, 3.0","longitude, dmin_log, station_coverage",4.0,1.0,1.0,1,17.0,49984,48294,0.25,0.0003673764392402479,4,4
"1.0, 0.0, 4.0, 4.0, 4.0, 0.0","longitude, latitude, dmin_log, horizontalError_log, depthError_log, net_us",1.0,1.0,1.0,2,18.0,49438,48296,0.5,0.0007779736360381721,2,2
"1.0, 0.0, 3.0, 4.0, 4.0, 0.0","longitude, latitude, rms_log, horizontalError_log, depthError_log, net_us",1.0,1.0,1.0,1,29.0,49946,48296,0.5,0.0006267009845863053,2,2
"4.0, 2.0, 0.0, 1.0","longitude, absolute_longitude, net_us, station_coverage",0.0,0.2373046875,0.75,1,15.75,49002,48298,0.3333333333333333,0.00034036346576670027,3,4
"0.0, 7.0, 6.0, 0.0, 0.0","longitude, absolute_longitude, dmin_log, net_us, east_west",2.0,0.2373046875,0.75,1,29.100880932101553,49970,48300,0.4166666666666667,0.000628881059740582,33,44
"0.0, 6.0, 0.0, 4.0, 2.0","longitude, dmin_log, net_us, nst_log, station_coverage",2.0,0.46266436603796024,0.8571428571428571,1,28.895999999999997,49441,48307,0.4166666666666667,0.000624453505193306,6,7
"2.0, 0.0, 3.0","rms_log, east_west, station_coverage",0.0,0.095367431640625,0.625,1,14.09595583944824,49977,48311,0.25,0.0003046189449402514,15,24
"2.0, 3.0, 0.0, 0.0, 3.0, 0.0, 4.0","absolute_longitude, dmin_log, horizontalError_log, net_us, nst_log, east_west, station_coverage",0.0,1.0,1.0,1,30.0,48771,48315,0.5833333333333334,0.0006483113633651434,2,2
"2.0, 4.0, 6.0","longitude, absolute_longitude, dmin_log",2.0,3.0517578125e-05,0.125,1,17.919823118336,49504,48317,0.25,0.0003872541652370209,2,16
"0.0, 1.0, 3.0","latitude, net_us, station_coverage",4,0.38470588034229997,0.8260869565217391,2,14.965112971428733,49984,48319,0.25,0.0006468035195613569,19,23
"7.0, 7.0, 4.0","longitude, depth_signed_log, station_coverage",4.0,0.7631229607539922,0.9473684210526315,1,29.581764425580545,49796,48324,0.25,0.0006392731341831539,18,19
"6.0, 1.0, 5.0","rms_log, net_us, station_coverage",4,0.3787874412704941,0.8235294117647058,1,21.5091253936128,49874,48330,0.25,0.00046482034695749795,14,17
"7.0, 0.0, 7.0, 4.0, 1.0","longitude, absolute_longitude, depthError_log, nst_log, station_coverage",5,0.0,0.0,1,19.0,48331,48331,0.4166666666666667,0.0004105971967979241,0,1
"1.0, 1.0, 0.0, 4.0, 5.0","latitude, depthError_log, net_us, nst_log, station_coverage",1.0,0.05658436213991769,0.8333333333333333,1,16.74954586522167,48334,48334,0.4166666666666667,0.000361964030520962,0,0
"1.0, 4.0, 0.0, 0.0, 5.0","latitude, rms_log, net_us, east_west, station_coverage",1.0,0.401877572016461,0.8333333333333334,1,14.701890559999999,49994,48334,0.4166666666666667,0.00031771342376662434,10,12
"5.0, 7.0, 5.0, 0.0, 3.0, 2.0","latitude, horizontalError_log, depth_signed_log, net_us, nst_log, station_coverage",1.0,1.0,1.0,1,6.0,48341,48341,0.5,0.00012966227267302867,1,1
"7.0, 1.0, 1.0, 3.0","longitude, latitude, net_us, station_coverage",4,1.0,1.0,2,14.333333333333334,49498,48342,0.3333333333333333,0.0006194975249933592,3,3
"4.0, 2.0, 3.0, 3.0, 3.0, 1.0, 0.0","longitude, latitude, dmin_log, rms_log, depth_signed_log, depthError_log, net_us",1.0,1.0,1.0,2,25.5,49476,48343,0.5833333333333334,0.0011021293177207437,2,2
"2.0, 3.0, 5.0","horizontalError_log, depthError_log, station_coverage",1.0,0.007415771484375,0.375,1,18.1328,49719,48344,0.25,0.0003918566763209157,3,8
"6.0, 5.0, 0.0","latitude, horizontalError_log, nst_log",0.0,1.0,1.0,1,16.5,49752,48345,0.25,0.00035657124985082885,2,2
"6.0, 4.0, 2.0, 0.0, 3.0","longitude, dmin_log, rms_log, east_west, station_coverage",1.0,0.07775999999999998,0.6,2,13.0,48950,48350,0.4166666666666667,0.0005618698482497909,3,5
"2.0, 4.0, 4.0, 1.0, 2.0, 0.0, 0.0","longitude, latitude, absolute_longitude, rms_log, depth_signed_log, net_us, east_west",1.0,0.06092699470458736,0.5714285714285714,1,13.168,49798,48351,0.5833333333333334,0.00028456546775974025,4,7
"5.0, 4.0, 2.0, 0.0, 0.0","latitude, horizontalError_log, depth_signed_log, nst_log, east_west",0.0,0.2373046875,0.75,1,15.0,49659,48353,0.4166666666666667,0.0003241556816825717,3,4
"0.0, 0.0","nst_log, station_coverage",0.0,0.17166623200494927,0.7029702970297029,1,26.52708422883968,49990,48353,0.16666666666666666,0.0005732603380833682,71,101
"5.0, 2.0, 2.0, 0.0, 6.0","longitude, latitude, rms_log, depthError_log, station_coverage",0.0,1.0,1.0,2,18.5,48402,48356,0.4166666666666667,0.0007995840148170101,2,2
"0.0, 6.0, 0.0, 3.0, 0.0","longitude, dmin_log, net_us, nst_log, east_west",2.0,0.46266436603796024,0.8571428571428571,1,21.707495526400002,49758,48357,0.4166666666666667,0.00046910720066543785,12,14
"5.0, 6.0, 7.0, 0.0","rms_log, horizontalError_log, depth_signed_log, net_us",1.0,0.28462802079628785,0.7777777777777778,3,24.95744,49980,48359,0.3333333333333333,0.0016180191952503763,7,9
"1.0, 0.0, 0.0, 4.0","rms_log, net_us, east_west, station_coverage",0.0,0.03125,0.5,1,22.9226417152,49890,48360,0.3333333333333333,0.0004953669700770673,7,14
"4.0, 2.0, 3.0, 0.0, 0.0, 6.0","longitude, absolute_longitude, dmin_log, net_us, east_west, station_coverage",1.0,0.3276800000000001,0.8,1,23.6,49433,48364,0.5,0.0005100049391805794,4,5
"2.0, 5.0, 6.0, 7.0, 7.0","longitude, absolute_longitude, dmin_log, nst_log, station_coverage",2.0,0.095367431640625,0.625,1,30.150399999999998,49778,48370,0.4166666666666667,0.0006515615643334806,5,8
"2.0, 4.0, 4.0, 3.0, 4.0, 6.0, 0.0, 2.0","longitude, latitude, absolute_longitude, rms_log, horizontalError_log, depth_signed_log, net_us, station_coverage",1.0,1.0,1.0,1,4.0,48375,48375,0.6666666666666666,8.644151511535244e-05,1,1
"0.0, 5.0, 5.0, 1.0, 6.0","latitude, depth_signed_log, depthError_log, net_us, nst_log",4.0,0.15359020233154297,0.6875,1,20.477016391680003,49960,48376,0.4166666666666667,0.0004425160804846817,11,16
"0.0, 7.0, 0.0, 5.0","latitude, absolute_longitude, east_west, station_coverage",4.0,1.0,1.0,1,24.2,49851,48377,0.3333333333333333,0.0005229711664478823,6,6
"7.0, 0.0, 6.0, 7.0, 1.0","longitude, latitude, absolute_longitude, rms_log, net_us",5.0,0.13168724279835387,0.6666666666666666,1,34.0,49902,48393,0.4166666666666667,0.0007347528784804958,2,3
"6.0, 5.0, 7.0, 1.0, 0.0","absolute_longitude, rms_log, depthError_log, nst_log, east_west",1.0,0.13168724279835387,0.6666666666666666,1,17.666666666666668,49384,48394,0.4166666666666667,0.00038178335842614,2,3
"2.0, 5.0, 6.0, 7.0, 0.0, 0.0","longitude, absolute_longitude, rms_log, depth_signed_log, net_us, east_west",1.0,0.05032843750000002,0.55,1,33.01019508815299,49808,48400,0.5,0.0007133628194183274,11,20
"0.0, 0.0, 7.0, 7.0, 0.0, 6.0","latitude, absolute_longitude, dmin_log, nst_log, east_west, station_coverage",5.0,1.0,1.0,1,27.104000000000003,49621,48403,0.5,0.0005857277064216282,7,7
"2.0, 5.0, 6.0, 5.0, 7.0, 7.0","longitude, absolute_longitude, dmin_log, horizontalError_log, nst_log, station_coverage",2.0,0.06092699470458736,0.5714285714285714,1,29.792,49778,48404,0.5,0.0006438164045791451,4,7
"6.0, 4.0, 2.0, 2.0, 0.0, 3.0","longitude, dmin_log, rms_log, horizontalError_log, east_west, station_coverage",1.0,0.0,0.0,1,9.0,48406,48406,0.5,0.00019449340900954301,0,1
"7.0, 5.0, 0.0, 1.0, 0.0","latitude, horizontalError_log, net_us, nst_log, east_west",4,0.0,0.0,1,26.0,48408,48408,0.4166666666666667,0.0005618698482497909,0,1
"6.0, 7.0, 5.0, 0.0, 7.0","absolute_longitude, rms_log, horizontalError_log, net_us, nst_log",3.0,0.5904900000000001,0.9,1,20.430975999999998,49774,48410,0.4166666666666667,0.00044152113018135073,9,10
"4.0, 2.0, 0.0, 5.0","rms_log, depthError_log, net_us, station_coverage",1.0,0.03125,0.5,1,15.75,49994,48411,0.3333333333333333,0.00034036346576670027,2,4
"1.0, 1.0, 3.0, 0.0, 0.0, 5.0","latitude, absolute_longitude, depth_signed_log, net_us, east_west, station_coverage",1.0,1.0,1.0,1,14.333333333333334,49994,48411,0.5,0.0003097487624966796,3,3
"5.0, 7.0, 7.0, 6.0, 1.0, 4.0, 1.0","latitude, absolute_longitude, dmin_log, horizontalError_log, net_us, nst_log, station_coverage",3,0.08620982170104981,0.96875,1,24.5,48412,48412,0.5833333333333334,0.0005294542800815338,0,0
"7.0, 5.0, 7.0, 6.0, 5.0, 1.0, 1.0","longitude, latitude, absolute_longitude, horizontalError_log, depth_signed_log, east_west, station_coverage",3.0,0.708245596707819,0.9333333333333333,1,31.575317422079998,49917,48415,0.5833333333333334,0.0006823545695531949,14,15
"4.0, 0.0, 2.0","latitude, rms_log, depth_signed_log",0.0,1.0,1.0,1,24.866244096,49963,48416,0.25,0.0005373689537216069,13,13
"0.0, 0.0, 4.0, 5.0, 2.0, 0.0","latitude, absolute_longitude, dmin_log, depth_signed_log, depthError_log, east_west",2.0,0.1,1.0,1,9.5,48418,48418,0.5,0.00020529859839896205,0,0
"6.0, 2.0, 1.0, 3.0","absolute_longitude, dmin_log, rms_log, station_coverage",4,0.0,0.0,1,15.0,48421,48421,0.3333333333333333,0.0003241556816825717,0,1
"6.0, 2.0, 0.0","latitude, dmin_log, east_west",0.0,0.2373046875,0.75,1,21.194611146752,49815,48421,0.25,0.0004580235749514951,12,16
"1.0, 7.0, 1.0","latitude, depthError_log, east_west",4,1.0,1.0,1,14.666666666666666,49865,48423,0.25,0.0003169522220896256,3,3
"7.0, 7.0, 7.0, 5.0, 1.0","longitude, absolute_longitude, dmin_log, rms_log, station_coverage",3.0,0.670176922268936,0.9230769230769231,1,30.385288192,49917,48424,0.4166666666666667,0.0006566375871332771,12,13
"3.0, 2.0, 0.0, 7.0, 7.0","longitude, rms_log, net_us, nst_log, station_coverage",2.0,0.0,0.0,1,11.666666666666666,48427,48427,0.4166666666666667,0.00025212108575311127,0,3
"0.0, 7.0, 5.0, 7.0, 0.0","longitude, rms_log, depth_signed_log, depthError_log, east_west",2.0,1.0,1.0,1,12.5,49036,48431,0.4166666666666667,0.0002701297347354764,2,2
"0.0, 6.0, 7.0, 4.0, 0.0","longitude, latitude, absolute_longitude, horizontalError_log, nst_log",0.0,0.13168724279835387,0.6666666666666666,1,25.79704397824,49837,48436,0.4166666666666667,0.0005574838917441112,10,15
"7.0, 5.0, 2.0, 1.0, 0.0, 0.0, 0.0","latitude, absolute_longitude, dmin_log, rms_log, net_us, nst_log, east_west",0.0,1.0,1.0,1,30.0,49377,48442,0.5833333333333334,0.0006483113633651434,1,1
"5.0, 3.0, 3.0, 7.0, 0.0","latitude, absolute_longitude, horizontalError_log, depthError_log, nst_log",1.0,1.0,1.0,1,19.0,48444,48444,0.4166666666666667,0.0004105971967979241,1,1
"0.0, 2.0, 0.0","rms_log, horizontalError_log, east_west",0.0,0.3504270747052985,0.8108108108108109,3,27.264539000276585,49982,48445,0.25,0.0017675910450791435,30,37
"7.0, 2.0, 2.0","longitude, nst_log, station_coverage",4,1.0,1.0,2,25.119999999999997,49576,48447,0.25,0.0010857054298488266,6,6
"7.0, 5.0, 7.0, 0.0, 7.0","rms_log, horizontalError_log, depth_signed_log, east_west, station_coverage",3.0,0.3540925979614258,0.8125,1,25.533418569728003,49845,48452,0.4166666666666667,0.000551786846810441,13,16
"5.0, 1.0, 3.0, 5.0, 2.0, 6.0, 0.0, 7.0","longitude, latitude, dmin_log, rms_log, depthError_log, nst_log, east_west, station_coverage",1,0.1,1.0,1,15.0,48456,48456,0.6666666666666666,0.0003241556816825717,0,0
"1.0, 0.0, 4.0, 6.0, 3.0, 0.0","longitude, latitude, horizontalError_log, depth_signed_log, depthError_log, net_us",3,0.0,0.0,1,21.25,48459,48459,0.5,0.00045922054905030987,0,4
"7.0, 0.0, 7.0, 6.0, 7.0, 5.0","longitude, latitude, dmin_log, rms_log, depthError_log, station_coverage",4,1.0,1.0,1,25.5,49636,48460,0.5,0.0005510646588603718,2,2
"1.0, 2.0, 0.0, 4.0, 0.0","longitude, dmin_log, net_us, nst_log, east_west",1.0,0.03125,0.5,1,17.0,49749,48465,0.4166666666666667,0.0003673764392402479,2,4
"5.0, 2.0, 3.0, 0.0","longitude, latitude, rms_log, net_us",0.0,0.2149341667858102,0.7352941176470589,1,22.67512625035608,49913,48467,0.3333333333333333,0.00049001806712817,25,34
"7.0, 6.0, 0.0","latitude, depthError_log, net_us",1.0,0.2286448723941134,0.7444444444444445,3,23.031424812822213,49980,48469,0.25,0.0014931534420642562,67,90
"6.0, 5.0, 6.0, 0.0","dmin_log, rms_log, depthError_log, net_us",2.0,0.00023174285888671875,0.1875,1,23.88284616704,49578,48471,0.3333333333333333,0.0005161173519864563,3,16
"0.0, 7.0, 6.0, 7.0, 4.0, 0.0","longitude, absolute_longitude, dmin_log, depthError_log, nst_log, east_west",2.0,1.0,1.0,2,31.333333333333332,49970,48472,0.5,0.001354250403473855,3,3
"3.0, 4.0, 4.0, 0.0, 0.0","longitude, latitude, absolute_longitude, rms_log, east_west",0.0,0.3066820026178275,0.7894736842105263,2,29.61200964414551,49963,48473,0.4166666666666667,0.0012798534896251831,45,57
"3.0, 4.0, 4.0, 1.0, 0.0, 3.0, 0.0, 1.0","longitude, latitude, absolute_longitude, dmin_log, rms_log, horizontalError_log, net_us, nst_log",0.0,1.0,1.0,1,33.333333333333336,49714,48473,0.6666666666666666,0.0007203459592946038,3,3
"7.0, 0.0","longitude, net_us",3.0,0.3750955840722862,0.821917808219178,1,20.84070688840466,49956,48475,0.16666666666666666,0.00045037556987716535,60,73
"0.0, 2.0, 3.0, 0.0","absolute_longitude, rms_log, horizontalError_log, net_us",0.0,0.00023174285888671875,0.1875,2,17.645443936256,49589,48477,0.3333333333333333,0.0007626494543664887,3,16
"0.0, 7.0, 6.0, 6.0, 1.0, 3.0","latitude, dmin_log, depth_signed_log, depthError_log, east_west, station_coverage",4.0,0.1,1.0,1,19.0,48481,48481,0.5,0.0004105971967979241,0,0
"4.0, 3.0, 0.0, 7.0, 0.0","longitude, latitude, net_us, nst_log, east_west",3,0.019403791345598595,0.45454545454545453,1,15.166272000000001,49848,48482,0.4166666666666667,0.00032774888258288665,5,11
"6.0, 7.0","absolute_longitude, station_coverage",5.0,0.0007211993883891124,0.23529411764705882,1,25.9956220207104,49902,48485,0.16666666666666666,0.0005617752384590567,4,17
"2.0, 3.0, 5.0, 4.0","absolute_longitude, dmin_log, depth_signed_log, station_coverage",0.0,0.1,1.0,1,17.75,48489,48489,0.3333333333333333,0.0003835842233243765,0,0
"7.0, 6.0, 5.0, 5.0, 2.0","absolute_longitude, horizontalError_log, depth_signed_log, depthError_log, nst_log",2.0,1.0000000000000003e-05,0.1,1,33.691776,48490,48490,0.4166666666666667,0.0007280920410917671,1,10
"3.0, 4.0, 0.0, 0.0, 3.0","dmin_log, rms_log, net_us, east_west, station_coverage",1.0,0.03125,0.5,1,7.5,49050,48492,0.4166666666666667,0.00016207784084128584,1,2
"0.0, 4.0, 7.0, 6.0, 7.0, 7.0","latitude, absolute_longitude, dmin_log, depthError_log, nst_log, station_coverage",5.0,1.0,1.0,1,32.28,49998,48494,0.5,0.0006975830269808943,6,6
"7.0, 5.0, 7.0, 5.0, 7.0, 0.0, 7.0","latitude, absolute_longitude, rms_log, horizontalError_log, depth_signed_log, net_us, station_coverage",3.0,0.2373046875,0.75,1,27.468799999999998,49845,48495,0.5833333333333334,0.0005936111726001482,6,8
"7.0, 7.0, 7.0, 7.0, 7.0, 1.0","longitude, absolute_longitude, dmin_log, rms_log, depthError_log, station_coverage",3.0,1.0,1.0,2,34.25,49860,48497,0.5,0.0014803109463504107,4,4
"2.0, 5.0, 0.0, 7.0, 0.0","longitude, horizontalError_log, net_us, nst_log, east_west",2.0,0.04662947792084618,0.5416666666666666,1,23.822664249285552,49826,48498,0.4166666666666667,0.0005148167979481458,13,24
"7.0, 4.0, 6.0, 7.0, 7.0, 3.0","longitude, latitude, rms_log, depth_signed_log, depthError_log, station_coverage",4.0,0.1,1.0,1,23.0,48500,48500,0.5,0.0004970387119132766,0,0
"1.0, 5.0, 4.0, 2.0, 0.0","absolute_longitude, rms_log, horizontalError_log, depthError_log, east_west",3.0,0.03125,0.5,1,13.0,48505,48505,0.4166666666666667,0.00028093492412489547,1,2
"0.0, 6.0, 0.0, 5.0","longitude, dmin_log, net_us, nst_log",2.0,0.13168724279835387,0.6666666666666666,1,23.2,49969,48511,0.3333333333333333,0.0005013607876690442,4,6
"0.0, 6.0, 6.0, 0.0","longitude, dmin_log, depth_signed_log, net_us",2.0,0.3137972914145376,0.7931034482758621,2,28.443242098652167,49970,48511,0.3333333333333333,0.0012293384709001353,23,29
"5.0, 6.0, 7.0, 0.0, 4.0","rms_log, horizontalError_log, depth_signed_log, net_us, nst_log",1.0,0.3276800000000001,0.8,1,23.0,49887,48516,0.4166666666666667,0.0004970387119132766,4,5
"1.0, 4.0, 2.0","latitude, rms_log, horizontalError_log",1.0,0.16806999999999994,0.7,2,13.086784,49719,48519,0.25,0.0005656207184736762,7,10
"3.0, 4.0, 4.0, 0.0","longitude, latitude, absolute_longitude, rms_log",0.0,0.29209816617096457,0.7818181818181819,1,29.61201900689037,49963,48520,0.3333333333333333,0.0006399269471450545,43,55
"4.0, 3.0, 2.0, 0.0, 7.0","longitude, latitude, depthError_log, net_us, station_coverage",1.0,1.0,1.0,1,10.0,49380,48523,0.4166666666666667,0.00021610378778838112,1,1
"3.0, 0.0, 0.0, 1.0","longitude, rms_log, net_us, station_coverage",0.0,0.512908935546875,0.875,1,29.186287345664,49875,48531,0.3333333333333333,0.0006307267246878086,14,16
"2.0, 4.0, 1.0, 0.0","longitude, absolute_longitude, rms_log, net_us",1.0,0.13168724279835387,0.6666666666666666,1,14.64299576066048,49926,48536,0.3333333333333333,0.00031644068484479364,12,18
"5.0, 7.0","latitude, station_coverage",5.0,0.007415771484375,0.375,1,17.044800000000002,49893,48547,0.16666666666666666,0.0003683445842095399,3,8
"0.0, 0.0, 7.0, 7.0, 6.0","latitude, absolute_longitude, dmin_log, nst_log, station_coverage",5.0,0.401877572016461,0.8333333333333334,1,24.48,49621,48548,0.4166666666666667,0.0005290220725059569,5,6
"5.0, 7.0, 5.0","latitude, absolute_longitude, nst_log",3.0,0.3276800000000001,0.8,1,18.78831233024,49928,48550,0.25,0.00040602254607160094,12,15
"2.0, 2.0, 0.0","latitude, absolute_longitude, east_west",0.0,0.08759118838063737,0.6144578313253012,1,17.66723247308891,49923,48558,0.25,0.0003817955857172401,51,83
"7.0, 6.0, 4.0","longitude, horizontalError_log, station_coverage",0,0.0,0.0,1,23.97728,48559,48559,0.25,0.0005181581028862595,0,9
"5.0, 2.0, 0.0, 1.0","latitude, rms_log, net_us, nst_log",0.0,0.07775999999999998,0.6,1,10.4,49996,48567,0.3333333333333333,0.00022474793929991638,3,5
"2.0, 4.0, 1.0, 2.0, 3.0","longitude, absolute_longitude, rms_log, nst_log, station_coverage",1.0,0.08901859392154172,0.9758064516129032,1,25.0,48569,48569,0.4166666666666667,0.0005402594694709527,0,0
"1.0, 0.0, 3.0, 0.0, 4.0, 0.0, 4.0","latitude, absolute_longitude, depth_signed_log, net_us, nst_log, east_west, station_coverage",2.0,0.0,0.0,1,9.0,48571,48571,0.5833333333333334,0.00019449340900954301,0,2
"3.0, 1.0, 3.0, 0.0","absolute_longitude, rms_log, depthError_log, net_us",0.0,0.0009765625,0.25,1,7.75,48889,48572,0.3333333333333333,0.00016748043553599536,1,4
"6.0, 0.0, 0.0, 4.0, 0.0","longitude, absolute_longitude, dmin_log, horizontalError_log, east_west",0.0,0.43375716751999094,0.8461538461538461,2,12.783120896,49997,48575,0.4166666666666667,0.0005524961690764809,11,13
"6.0, 0.0, 0.0, 4.0, 4.0, 3.0, 0.0","longitude, absolute_longitude, dmin_log, rms_log, horizontalError_log, depth_signed_log, net_us",0.0,1.0,1.0,1,18.333333333333332,49835,48575,0.5833333333333334,0.00039619027761203204,3,3
"6.0, 6.0, 7.0, 5.0, 1.0","absolute_longitude, dmin_log, depth_signed_log, depthError_log, net_us",3,0.03125,0.5,1,12.5,49724,48577,0.4166666666666667,0.0002701297347354764,2,4
"0.0, 7.0, 6.0, 1.0, 7.0, 7.0","latitude, dmin_log, depthError_log, net_us, nst_log, station_coverage",5.0,0.6472278485082303,0.9166666666666666,1,37.45023744000001,49998,48579,0.5,0.0008093138164358247,11,12
"6.0, 4.0, 4.0, 0.0, 5.0, 0.0, 4.0","longitude, dmin_log, horizontalError_log, net_us, nst_log, east_west, station_coverage",3.0,1.0,1.0,2,13.0,49675,48581,0.5833333333333334,0.0005618698482497909,2,2
"0.0, 7.0, 0.0, 0.0","absolute_longitude, depth_signed_log, net_us, east_west",3.0,0.6903615309097401,0.9285714285714286,1,19.630592921599998,49956,48585,0.3333333333333333,0.00042422454868895425,13,14
"3.0, 3.0, 2.0, 0.0, 0.0, 3.0","dmin_log, rms_log, depthError_log, net_us, east_west, station_coverage",2.0,1.0,1.0,1,10.0,48586,48586,0.5,0.00021610378778838112,1,1
"5.0, 1.0, 4.0, 0.0","longitude, latitude, depth_signed_log, east_west",0.0,0.004115226337448558,0.3333333333333333,1,15.333333333333334,49698,48592,0.3333333333333333,0.00033135914127551774,1,3
"7.0, 6.0, 1.0, 4.0","depth_signed_log, nst_log, east_west, station_coverage",4.0,0.512908935546875,0.875,1,32.5776,49796,48593,0.3333333333333333,0.0007040142757054763,7,8
"1.0, 2.0, 0.0, 5.0, 0.0","absolute_longitude, horizontalError_log, net_us, nst_log, east_west",1.0,0.2373046875,0.75,2,15.75,49719,48594,0.4166666666666667,0.0006807269315334005,3,4
"5.0, 3.0, 0.0","longitude, latitude, net_us",1.0,0.13168724279835387,0.6666666666666666,2,26.41048101865409,49944,48598,0.25,0.0011414809970888581,18,27
"2.0, 7.0","rms_log, station_coverage",2.0,0.0,0.0,1,13.975956479999999,48600,48600,0.16666666666666666,0.000302025713329357,0,12
"7.0, 5.0, 7.0, 5.0","longitude, latitude, absolute_longitude, horizontalError_log",2,0.0,0.0,1,19.0,48602,48602,0.3333333333333333,0.0004105971967979241,0,3
"2.0, 4.0, 6.0, 4.0, 6.0","longitude, latitude, depth_signed_log, depthError_log, station_coverage",2.0,1.0,1.0,1,2.0,48604,48604,0.4166666666666667,4.322075755767622e-05,1,1
"3.0, 5.0, 1.0, 0.0, 0.0","longitude, latitude, dmin_log, net_us, east_west",0.0,0.18593443208187066,0.7142857142857143,2,11.736,49983,48607,0.4166666666666667,0.0005072388106968882,5,7
"6.0, 3.0, 2.0, 0.0, 0.0","longitude, depth_signed_log, depthError_log, net_us, east_west",0,0.0024299999999999994,0.3,1,11.133568,49492,48608,0.4166666666666667,0.00024060062163995107,3,10
"6.0, 7.0, 7.0, 7.0, 1.0, 0.0, 6.0","dmin_log, rms_log, depth_signed_log, depthError_log, net_us, east_west, station_coverage",4.0,1.0,1.0,1,15.0,49253,48611,0.5833333333333334,0.0003241556816825717,1,1
"7.0, 0.0, 7.0, 4.0","longitude, latitude, depth_signed_log, station_coverage",4.0,1.0,1.0,2,28.6656,49731,48612,0.3333333333333333,0.0012389489478453236,8,8
"6.0, 0.0, 4.0, 4.0, 0.0, 3.0, 0.0","longitude, absolute_longitude, rms_log, horizontalError_log, net_us, nst_log, east_west",0.0,0.03125,0.5,1,15.2592,49930,48616,0.5833333333333334,0.00032975709186204653,4,8
"6.0, 1.0, 0.0, 4.0, 4.0, 3.0, 0.0","longitude, latitude, absolute_longitude, rms_log, horizontalError_log, nst_log, east_west",0.0,0.03125,0.5,1,15.2592,49930,48616,0.5833333333333334,0.00032975709186204653,4,8
"3.0, 2.0, 2.0, 0.0, 2.0","absolute_longitude, rms_log, horizontalError_log, net_us, nst_log",0.0,0.015359020233154297,0.6875,1,17.943776350888633,48617,48617,0.4166666666666667,0.00038777180366546087,0,0
"7.0, 0.0, 7.0, 7.0, 1.0, 5.0","longitude, latitude, depth_signed_log, depthError_log, net_us, station_coverage",4,1.0,1.0,1,23.8,49636,48628,0.5,0.000514327014936347,5,5
"0.0, 7.0, 0.0, 0.0","absolute_longitude, depth_signed_log, net_us, station_coverage",3.0,0.512908935546875,0.875,1,21.5088,49824,48633,0.3333333333333333,0.0004648133150782732,7,8
"0.0, 6.0, 0.0","absolute_longitude, dmin_log, east_west",3.0,0.07431984303981963,0.5945945945945946,1,23.317835083093524,49937,48633,0.25,0.000503907248448131,22,37
"7.0, 0.0, 7.0, 0.0, 7.0","depth_signed_log, net_us, nst_log, east_west, station_coverage",3.0,0.03943364769872244,0.5238095238095238,1,25.82150856207499,49845,48635,0.4166666666666667,0.005920990265454408,11,21
"1.0, 5.0, 5.0, 0.0","longitude, absolute_longitude, horizontalError_log, net_us",1.0,0.001903968584518355,0.2857142857142857,1,20.0974833664,49594,48636,0.3333333333333333,0.00043431422804930247,4,14
"0.0, 6.0, 7.0","latitude, depthError_log, station_coverage",5.0,0.7514188428254499,0.9444444444444444,2,34.538420415856635,49998,48640,0.25,0.0014927766952188345,17,18
"1.0, 6.0, 6.0, 0.0","longitude, latitude, absolute_longitude, nst_log",0.0,0.512908935546875,0.875,1,24.563200000000002,49958,48643,0.3333333333333333,0.0005308200560203563,7,8
"1.0, 6.0, 6.0, 1.0, 0.0, 0.0","longitude, latitude, absolute_longitude, depth_signed_log, nst_log, east_west",0.0,1.0,1.0,1,25.0,49112,48643,0.5,0.0005402594694709527,1,1
"7.0, 1.0","longitude, station_coverage",3.0,0.3632654951131687,0.8166666666666667,1,23.30068297185813,49918,48648,0.16666666666666666,0.0005035365848274775,49,60
"7.0, 7.0, 1.0, 1.0","longitude, dmin_log, net_us, station_coverage",3.0,0.3276800000000001,0.8,1,27.50285251595412,49917,48648,0.3333333333333333,0.0005943470603682893,24,30
"6.0, 0.0, 7.0, 1.0","longitude, latitude, depthError_log, net_us",4.0,0.095367431640625,0.625,1,20.2496,49897,48649,0.3333333333333333,0.00043760152611996023,5,8
"0.0, 6.0, 7.0, 7.0, 1.0, 0.0","absolute_longitude, horizontalError_log, depth_signed_log, depthError_log, net_us, east_west",3,0.0,0.0,1,20.864,48649,48649,0.5,0.00045087894284167836,0,8
"5.0, 7.0, 6.0, 5.0, 1.0, 0.0, 2.0","latitude, absolute_longitude, dmin_log, depthError_log, net_us, east_west, station_coverage",3,0.03125,0.5,1,14.0,49080,48650,0.5833333333333334,0.00030254530290373355,2,4
"5.0, 5.0, 7.0, 1.0, 0.0, 2.0","rms_log, horizontalError_log, depth_signed_log, net_us, east_west, station_coverage",2.0,1.0,1.0,1,12.0,48654,48654,0.5,0.00025932454534605733,1,1
"1.0, 0.0, 0.0, 0.0","longitude, net_us, nst_log, east_west",0.0,0.7451255881477955,0.9428571428571428,2,33.20668667359389,49990,48655,0.3333333333333333,0.0014352181540131196,33,35
"6.0, 1.0, 4.0, 0.0, 0.0","longitude, absolute_longitude, horizontalError_log, net_us, east_west",1.0,0.01183710753970294,0.4117647058823529,2,12.5974934503424,49994,48657,0.4166666666666667,0.000544473210251663,7,17
"0.0, 7.0, 6.0, 6.0, 0.0","longitude, absolute_longitude, dmin_log, depth_signed_log, net_us",2.0,0.2567458542283846,0.7619047619047619,1,31.492096697675283,49970,48659,0.4166666666666667,0.0006805561381765597,16,21
"7.0, 6.0, 0.0","latitude, horizontalError_log, net_us",1.0,0.46266436603796024,0.8571428571428571,1,22.831801453333426,49980,48661,0.25,0.0004934038776097618,30,35
"5.0, 6.0, 0.0, 3.0, 0.0, 1.0","dmin_log, depthError_log, net_us, nst_log, east_west, station_coverage",1.0,0.03125,0.5,1,16.0,49942,48666,0.5,0.00034576606046140976,1,2
"5.0, 2.0, 1.0, 0.0, 0.0","longitude, latitude, absolute_longitude, net_us, east_west",0.0,0.41500972208362036,0.8387096774193549,1,22.168894069933337,49977,48668,0.4166666666666667,0.00047907819795919745,26,31
"7.0, 7.0, 7.0, 7.0, 7.0","longitude, dmin_log, rms_log, nst_log, station_coverage",5.0,0.28462802079628785,0.7777777777777778,1,38.64742297872627,49965,48669,0.4166666666666667,0.0008351854493962466,42,54
"6.0, 7.0, 7.0, 1.0","absolute_longitude, dmin_log, horizontalError_log, net_us",5.0,0.001903968584518355,0.2857142857142857,2,20.693860351999998,49854,48669,0.3333333333333333,0.0008944043212062002,4,14
"2.0, 7.0, 6.0, 6.0, 6.0, 0.0, 0.0","longitude, latitude, dmin_log, rms_log, horizontalError_log, net_us, east_west",1.0,1.0,1.0,1,32.994240000000005,49972,48677,0.5833333333333334,0.0007130180239198917,9,9
"2.0, 5.0, 1.0, 5.0","longitude, absolute_longitude, depth_signed_log, depthError_log",2.0,0.03125,0.5,1,13.0,48681,48681,0.3333333333333333,0.00028093492412489547,1,2
"0.0, 1.0, 4.0, 1.0, 0.0, 3.0, 0.0, 3.0","absolute_longitude, dmin_log, rms_log, depthError_log, net_us, nst_log, east_west, station_coverage",2.0,1.0,1.0,1,7.0,48682,48682,0.6666666666666666,0.00015127265145186677,1,1
"2.0, 7.0, 5.0, 6.0, 7.0, 5.0, 5.0, 0.0, 7.0, 0.0, 7.0","longitude, latitude, absolute_longitude, dmin_log, rms_log, depth_signed_log, depthError_log, net_us, nst_log, east_west, station_coverage",2.0,0.005739127403930419,0.5586206896551724,1,28.2,48684,48684,0.9166666666666666,0.0006094126815632347,0,0
"2.0, 5.0, 7.0","longitude, absolute_longitude, nst_log",2.0,0.10049355861780968,0.631578947368421,2,24.657001245605887,49826,48684,0.25,0.0010656942729356527,12,19
"2.0, 5.0, 6.0, 7.0, 0.0, 0.0, 6.0","longitude, absolute_longitude, rms_log, depth_signed_log, net_us, east_west, station_coverage",1.0,0.13168724279835387,0.6666666666666666,1,34.666666666666664,49616,48687,0.5833333333333334,0.0007491597976663878,2,3
"1.0, 0.0, 1.0, 0.0","longitude, net_us, nst_log, east_west",0.0,0.05292214940134466,0.5555555555555556,1,13.33216,49280,48691,0.3333333333333333,0.00028811302754007433,5,9
"6.0, 7.0, 5.0, 0.0","dmin_log, horizontalError_log, depth_signed_log, net_us",2.0,0.2373046875,0.75,1,27.5,49496,48692,0.3333333333333333,0.0005942854164180481,3,4
"1.0, 4.0, 4.0, 1.0, 0.0","absolute_longitude, dmin_log, rms_log, horizontalError_log, net_us",1,0.03125,0.5,1,17.0,48712,48695,0.4166666666666667,0.0003673764392402479,1,2
"3.0, 0.0, 5.0, 0.0","longitude, net_us, nst_log, east_west",0.0,0.0007211993883891124,0.23529411764705882,1,18.813017423052802,49983,48696,0.3333333333333333,0.0004065564324850519,4,17
"3.0, 5.0, 1.0, 0.0, 5.0","longitude, latitude, dmin_log, net_us, nst_log",0.0,1.0,1.0,1,14.0,49983,48696,0.4166666666666667,0.00030254530290373355,2,2
"2.0, 7.0, 5.0, 6.0, 6.0, 0.0","longitude, latitude, absolute_longitude, dmin_log, horizontalError_log, net_us",1.0,1.0,1.0,1,36.28192,49748,48697,0.5,0.000784066034023502,9,9
"0.0, 6.0, 0.0, 0.0, 0.0","longitude, latitude, nst_log, east_west, station_coverage",0.0,0.2373046875,0.75,1,23.148929089536,49752,48698,0.4166666666666667,0.000500257125949337,12,16
"1.0, 7.0, 5.0, 1.0, 2.0","latitude, dmin_log, depth_signed_log, net_us, nst_log",4,0.03125,0.5,1,9.5,49975,48704,0.4166666666666667,0.00020529859839896205,1,2
"1.0, 4.0, 4.0, 1.0, 7.0","absolute_longitude, dmin_log, rms_log, horizontalError_log, station_coverage",1,0.1,1.0,1,24.0,48712,48712,0.4166666666666667,0.0005186490906921147,0,0
"3.0, 1.0, 5.0, 0.0, 3.0","latitude, absolute_longitude, dmin_log, net_us, station_coverage",1.0,0.1,1.0,1,10.75,48714,48714,0.4166666666666667,0.0002323115718725097,0,0
"6.0, 3.0, 5.0, 0.0, 0.0","longitude, latitude, dmin_log, net_us, east_west",1.0,0.028462802079628785,0.7777777777777778,1,22.21344,48714,48714,0.4166666666666667,0.00048004085238099363,0,0
"5.0, 3.0, 1.0, 0.0, 0.0, 0.0","longitude, latitude, absolute_longitude, dmin_log, net_us, east_west",1.0,0.0852316508323596,0.6111111111111112,1,27.647737942343678,49944,48715,0.5,0.0005974780893121011,11,18
"0.0, 0.0, 4.0, 0.0, 0.0","latitude, absolute_longitude, horizontalError_log, net_us, station_coverage",2.0,0.03125,0.5,2,22.48,49999,48732,0.4166666666666667,0.0009716026298965615,3,6
"0.0, 7.0, 6.0, 6.0, 0.0, 0.0","longitude, absolute_longitude, dmin_log, rms_log, net_us, east_west",2.0,0.3540925979614258,0.8125,1,33.279638945792,49970,48733,0.5,0.0007191856032415378,13,16
"4.0, 2.0, 3.0, 0.0, 0.0","longitude, absolute_longitude, horizontalError_log, depth_signed_log, east_west",0.0,1.0,1.0,1,9.5,49188,48738,0.4166666666666667,0.00020529859839896205,2,2
"5.0, 2.0, 2.0, 0.0, 0.0","longitude, absolute_longitude, rms_log, net_us, east_west",0.0,1.0,1.0,1,19.40032,49775,48739,0.4166666666666667,0.0004192482636306686,9,9
"2.0, 0.0, 5.0","latitude, net_us, station_coverage",0.0,0.28462802079628785,0.7777777777777778,1,18.450896293230894,49923,48739,0.25,0.0003987308577057797,21,27
"6.0, 3.0, 1.0, 0.0","latitude, dmin_log, net_us, east_west",3,1.0,1.0,2,13.0,49794,48740,0.3333333333333333,0.0005618698482497909,1,1
"7.0, 7.0, 1.0","longitude, absolute_longitude, station_coverage",3.0,0.5219071182905436,0.8780487804878049,4,32.07105259935323,49917,48741,0.25,0.0027722703780322555,36,41
"2.0, 1.0, 1.0, 5.0, 0.0, 6.0","longitude, dmin_log, horizontalError_log, depth_signed_log, net_us, nst_log",2.0,1.0,1.0,1,6.0,48742,48742,0.5,0.00012966227267302867,1,1
"1.0, 1.0, 4.0, 3.0, 2.0, 4.0","latitude, absolute_longitude, dmin_log, horizontalError_log, depth_signed_log, station_coverage",1.0,1.0,1.0,1,5.0,48746,48746,0.5,0.00010805189389419056,1,1
"4.0, 1.0, 6.0, 4.0, 0.0, 5.0, 4.0, 0.0, 5.0","latitude, absolute_longitude, dmin_log, rms_log, depth_signed_log, depthError_log, nst_log, east_west, station_coverage",2.0,0.1,1.0,1,5.0,48753,48753,0.75,0.00010805189389419056,0,0
"2.0, 3.0, 1.0, 6.0","latitude, rms_log, horizontalError_log, nst_log",1.0,0.03125,0.5,1,24.0,49628,48754,0.3333333333333333,0.0005186490906921147,3,6
"6.0, 2.0","latitude, rms_log",0.0,0.2373046875,0.75,1,15.0,49679,48759,0.16666666666666666,0.0003241556816825717,3,4
"0.0, 6.0, 5.0, 1.0, 0.0","longitude, dmin_log, depth_signed_log, net_us, east_west",2.0,0.2373046875,0.75,3,8.75,49611,48761,0.4166666666666667,0.0005672724429445004,3,4
"4.0, 1.0, 0.0, 6.0","longitude, rms_log, net_us, station_coverage",1.0,0.013542863579130232,0.646959865416967,1,15.128187759984641,48762,48762,0.3333333333333333,0.00032692586773065056,0,0
"3.0, 1.0, 0.0","latitude, horizontalError_log, east_west",1.0,0.14539335680000004,0.68,1,25.85270848917472,49944,48762,0.25,0.0005586868229099492,17,25
"2.0, 2.0, 2.0, 3.0, 0.0","latitude, absolute_longitude, rms_log, nst_log, east_west",0.0,1.0,1.0,1,21.333333333333332,49443,48764,0.4166666666666667,0.00046102141394854633,3,3
"2.0, 1.0, 5.0, 0.0","rms_log, horizontalError_log, depth_signed_log, east_west",0.0,1.0,1.0,1,26.666666666666668,49372,48764,0.3333333333333333,0.000576276767435683,3,3
"4.0, 3.0, 1.0, 7.0, 7.0","longitude, latitude, depthError_log, nst_log, station_coverage",2.0,1.0,1.0,1,9.0,48765,48765,0.4166666666666667,0.00019449340900954301,1,1
"7.0, 0.0, 7.0, 7.0, 5.0, 1.0, 7.0","longitude, latitude, dmin_log, rms_log, depth_signed_log, net_us, station_coverage",5.0,0.48045708347045346,0.8636363636363636,1,52.744097332065465,49902,48766,0.5833333333333334,0.0011398199216938393,19,22
"2.0, 4.0, 0.0","latitude, nst_log, east_west",0.0,0.3540925979614258,0.8125,1,17.157018812416002,49702,48767,0.25,0.000370769675251961,13,16
"3.0, 1.0, 1.0, 0.0","longitude, horizontalError_log, depth_signed_log, east_west",1.0,0.043151275720164604,0.5333333333333333,1,20.525713448959998,49726,48768,0.3333333333333333,0.00044356844233791714,8,15
"3.0, 0.0, 1.0, 6.0","longitude, rms_log, depth_signed_log, station_coverage",1.0,1.0,1.0,1,27.0,49486,48768,0.3333333333333333,0.000583480227028629,2,2
"6.0, 7.0, 1.0","latitude, dmin_log, net_us",3,0.2373046875,0.75,1,21.77283072,49860,48773,0.25,0.00047051911894672256,9,12
"4.0, 2.0, 3.0, 0.0, 6.0","longitude, absolute_longitude, dmin_log, east_west, station_coverage",1.0,0.13168724279835387,0.6666666666666666,1,27.333333333333332,49433,48783,0.4166666666666667,0.000590683686621575,2,3
"7.0, 7.0, 0.0, 1.0","longitude, depth_signed_log, east_west, station_coverage",3.0,1.0,1.0,1,19.0,49657,48784,0.3333333333333333,0.0004105971967979241,1,1
"7.0, 0.0, 5.0, 1.0","longitude, absolute_longitude, dmin_log, station_coverage",3.0,1.0,1.0,1,17.666666666666668,49839,48784,0.3333333333333333,0.00038178335842614,3,3
"5.0, 0.0, 5.0","dmin_log, net_us, nst_log",1.0,0.13168724279835387,0.6666666666666666,1,20.040960000000002,49336,48785,0.25,0.0004330927366915435,6,9
"3.0, 5.0, 1.0, 7.0, 0.0","absolute_longitude, dmin_log, depth_signed_log, depthError_log, east_west",2.0,1.0,1.0,1,8.0,48789,48789,0.4166666666666667,0.00017288303023070488,1,1
"1.0, 6.0, 6.0, 0.0, 7.0, 0.0","longitude, absolute_longitude, depth_signed_log, depthError_log, nst_log, east_west",3.0,0.03125,0.5,1,12.0,49534,48791,0.5,0.00025932454534605733,1,2
"6.0, 5.0, 0.0, 5.0","longitude, dmin_log, net_us, station_coverage",1.0,0.03125,0.5,1,11.5,49336,48792,0.3333333333333333,0.0002485193559566383,1,2
"5.0, 0.0, 5.0","horizontalError_log, net_us, nst_log",1.0,0.18593443208187066,0.7142857142857143,1,20.648,49306,48792,0.25,0.0004462111010254493,5,7
"4.0, 2.0, 3.0, 0.0, 0.0","longitude, absolute_longitude, horizontalError_log, net_us, east_west",0.0,0.13168724279835387,0.6666666666666666,1,12.0,49872,48793,0.4166666666666667,0.00025932454534605733,2,3
"7.0, 0.0, 2.0","depthError_log, net_us, station_coverage",3.0,0.0015088388150337464,0.2727272727272727,1,20.245452800000002,49140,48796,0.25,0.00043751190355708865,3,11
"0.0, 6.0, 1.0, 7.0","latitude, depthError_log, net_us, station_coverage",5.0,0.708245596707819,0.9333333333333333,1,34.75815094272,49998,48799,0.3333333333333333,0.0007511368075242082,14,15
"0.0, 7.0, 7.0","latitude, nst_log, station_coverage",5.0,0.43375716751999094,0.8461538461538461,1,38.99866117791738,49998,48799,0.25,0.0008427758399223634,77,91
"0.0, 6.0, 0.0, 6.0","latitude, depth_signed_log, net_us, nst_log",1.0,0.06092699470458736,0.5714285714285714,1,17.744,49981,48800,0.3333333333333333,0.00038345456105170345,4,7
"1.0, 0.0, 6.0, 3.0, 6.0, 0.0","longitude, latitude, absolute_longitude, rms_log, depth_signed_log, net_us",1.0,0.401877572016461,0.8333333333333334,1,24.119999999999997,49946,48800,0.5,0.0005212423361455752,5,6
"2.0, 1.0, 3.0, 3.0, 0.0, 0.0","longitude, rms_log, depth_signed_log, depthError_log, net_us, east_west",1.0,0.1,1.0,1,18.25,48809,48809,0.5,0.0003943894127137955,0,0
"2.0, 2.0, 5.0, 1.0, 0.0","latitude, rms_log, depth_signed_log, depthError_log, east_west",0.0,1.0,1.0,1,28.333333333333332,49372,48810,0.4166666666666667,0.0006122940654004132,3,3
"1.0, 2.0, 0.0, 0.0, 0.0","longitude, horizontalError_log, net_us, nst_log, east_west",0.0,1.0,1.0,1,26.5,49406,48813,0.4166666666666667,0.0005726750376392099,2,2
"2.0, 2.0, 3.0, 0.0","absolute_longitude, rms_log, nst_log, east_west",5,0.0,0.0,1,23.25,48818,48818,0.3333333333333333,0.0005024413066079861,0,4
"5.0, 2.0, 1.0, 3.0, 0.0","longitude, latitude, absolute_longitude, rms_log, net_us",0.0,1.0,1.0,2,25.355392000000002,49913,48821,0.4166666666666667,0.0010958792504118433,10,10
"5.0, 2.0, 1.0, 0.0, 3.0","longitude, latitude, absolute_longitude, net_us, station_coverage",0.0,1.0,1.0,1,17.0,49977,48822,0.4166666666666667,0.0003673764392402479,1,1
"3.0, 4.0, 0.0, 4.0","horizontalError_log, depthError_log, net_us, station_coverage",2.0,0.004115226337448558,0.3333333333333333,1,11.0,48823,48823,0.3333333333333333,0.00023771416656721923,1,3
"0.0, 5.0, 6.0, 5.0","longitude, latitude, rms_log, nst_log",3.0,0.03125,0.5,1,29.0,48890,48828,0.3333333333333333,0.0006267009845863053,1,2
"7.0, 7.0, 1.0, 1.0, 5.0","longitude, depthError_log, net_us, east_west, station_coverage",4,1.0,1.0,1,23.0,49935,48829,0.4166666666666667,0.0004970387119132766,7,7
"2.0, 7.0, 4.0, 6.0, 0.0","longitude, latitude, absolute_longitude, horizontalError_log, east_west",1.0,1.0,1.0,2,27.0,49972,48831,0.4166666666666667,0.001166960454057258,4,4
"3.0, 1.0, 1.0, 0.0, 4.0","longitude, horizontalError_log, depth_signed_log, east_west, station_coverage",1.0,0.004115226337448558,0.3333333333333333,1,24.333333333333332,49020,48832,0.4166666666666667,0.0005258525502850607,1,3
"2.0, 4.0, 3.0, 0.0, 5.0","horizontalError_log, depth_signed_log, depthError_log, net_us, station_coverage",1.0,1.0,1.0,1,21.0,49719,48833,0.4166666666666667,0.0004538179543556003,1,1
"7.0, 0.0, 3.0","dmin_log, east_west, station_coverage",4.0,0.007415771484375,0.375,1,14.047999999999998,49984,48836,0.25,0.00030358260108511776,3,8
"7.0, 7.0, 6.0, 7.0, 0.0","longitude, absolute_longitude, dmin_log, depthError_log, net_us",2.0,0.0,0.0,1,20.5,48838,48838,0.4166666666666667,0.0004430127649661813,0,2
"2.0, 4.0, 1.0, 0.0, 5.0","longitude, absolute_longitude, rms_log, net_us, station_coverage",1.0,1.0,1.0,1,16.0,49605,48839,0.4166666666666667,0.00034576606046140976,1,1
"0.0, 5.0, 6.0, 1.0, 7.0, 0.0, 7.0","absolute_longitude, depth_signed_log, depthError_log, net_us, nst_log, east_west, station_coverage",5.0,1.0,1.0,1,28.75,49654,48841,0.5833333333333334,0.0006212983898915957,4,4
"5.0, 6.0, 1.0, 7.0, 0.0, 7.0","depth_signed_log, depthError_log, net_us, nst_log, east_west, station_coverage",5.0,1.0,1.0,1,28.75,49654,48841,0.5,0.0006212983898915957,4,4
"0.0, 7.0, 1.0, 4.0","latitude, dmin_log, net_us, station_coverage",5,0.004115226337448558,0.3333333333333333,1,19.46321444864,49889,48843,0.3333333333333333,0.00042060743648886516,5,15
"0.0, 4.0, 0.0, 0.0, 2.0","absolute_longitude, rms_log, net_us, east_west, station_coverage",3.0,0.07775999999999998,0.6,1,18.8,49937,48849,0.4166666666666667,0.0004062751210421565,3,5
"7.0, 5.0, 6.0, 0.0, 4.0","latitude, horizontalError_log, depth_signed_log, net_us, nst_log",1.0,1.0,1.0,1,27.0,49691,48852,0.4166666666666667,0.000583480227028629,1,1
"1.0, 6.0, 6.0, 7.0, 0.0","longitude, latitude, absolute_longitude, horizontalError_log, nst_log",0.0,0.0,0.0,1,31.0,48857,48857,0.4166666666666667,0.0006699217421439814,0,1
"4.0, 3.0, 3.0, 0.0","absolute_longitude, depth_signed_log, depthError_log, net_us",1.0,0.0,0.0,1,20.0,48858,48858,0.3333333333333333,0.00043220757557676224,0,1
"6.0, 1.0, 0.0, 2.0","latitude, net_us, east_west, station_coverage",3,0.0,0.0,1,12.0,48860,48860,0.3333333333333333,0.00025932454534605733,0,3
"5.0, 7.0, 7.0, 1.0","latitude, absolute_longitude, depthError_log, net_us",2,0.000541922809869769,0.2222222222222222,1,23.297980472197118,49642,48862,0.3333333333333333,0.0005034781827861533,4,18
"1.0, 1.0, 7.0","net_us, east_west, station_coverage",5.0,0.29773026984416995,0.7848101265822784,1,32.50989815087242,49998,48868,0.25,0.0007025512131018017,62,79
"2.0, 3.0, 3.0, 4.0","absolute_longitude, dmin_log, rms_log, station_coverage",0.0,0.1,1.0,1,21.435200000000002,48871,48871,0.3333333333333333,0.0004632227912001507,0,0
"3.0, 4.0, 3.0, 5.0, 1.0, 7.0, 0.0","absolute_longitude, dmin_log, rms_log, depth_signed_log, depthError_log, nst_log, east_west",2.0,1.0,1.0,1,8.0,48873,48873,0.5833333333333334,0.00017288303023070488,1,1
"7.0, 6.0, 5.0, 6.0","latitude, rms_log, horizontalError_log, depthError_log",1.0,0.15359020233154297,0.6875,1,29.770652913663998,49898,48875,0.3333333333333333,0.0006433550859575994,11,16
"7.0, 0.0, 7.0, 7.0, 7.0, 0.0","longitude, latitude, dmin_log, depth_signed_log, depthError_log, east_west",4.0,1.0,1.0,1,22.0,49452,48876,0.5,0.00047542833313443845,1,1
"3.0, 3.0, 0.0, 0.0, 0.0, 7.0, 7.0","latitude, absolute_longitude, dmin_log, depthError_log, net_us, nst_log, station_coverage",3.0,1.0,1.0,1,18.0,49848,48877,0.5833333333333334,0.00038898681801908603,3,3
"3.0, 3.0, 7.0, 7.0","latitude, absolute_longitude, nst_log, station_coverage",3.0,0.01734152991583261,0.4444444444444444,1,13.595519999999999,49848,48877,0.3333333333333333,0.0002938043368952691,4,9
"5.0, 7.0, 6.0, 6.0, 5.0, 0.0, 2.0","absolute_longitude, dmin_log, horizontalError_log, depth_signed_log, nst_log, east_west, station_coverage",2.0,1.0,1.0,1,13.0,49650,48879,0.5833333333333334,0.00028093492412489547,1,1
"1.0, 0.0, 0.0, 0.0, 3.0","latitude, absolute_longitude, net_us, east_west, station_coverage",1.0,0.13168724279835387,0.6666666666666666,1,13.880522240000001,49607,48880,0.4166666666666667,0.00029996334325448645,8,12
"7.0, 7.0, 7.0, 0.0","absolute_longitude, dmin_log, rms_log, net_us",3.0,0.28462802079628785,0.7777777777777778,1,21.46112,49630,48881,0.3333333333333333,0.0004637829322180982,7,9
"3.0, 3.0, 2.0, 0.0, 2.0","latitude, absolute_longitude, horizontalError_log, net_us, nst_log",0.0,1.0,1.0,1,15.5,49840,48889,0.4166666666666667,0.0003349608710719907,2,2
"0.0, 5.0, 6.0, 7.0, 5.0","longitude, latitude, rms_log, horizontalError_log, nst_log",3.0,0.1,1.0,1,34.0,48890,48890,0.4166666666666667,0.0007347528784804958,0,0
"6.0, 6.0, 3.0, 0.0, 1.0, 0.0","latitude, absolute_longitude, dmin_log, net_us, nst_log, east_west",0.0,1.0,1.0,1,2.0,48892,48892,0.5,4.322075755767622e-05,1,1
"3.0, 6.0, 0.0","longitude, depth_signed_log, east_west",3,0.0,0.0,1,14.7424,48894,48894,0.25,0.000318588848109143,0,8
"3.0, 6.0","longitude, depth_signed_log",1.0,0.2373046875,0.75,1,14.7424,49828,48894,0.16666666666666666,0.000318588848109143,6,8
"1.0, 0.0, 4.0, 3.0","rms_log, net_us, nst_log, station_coverage",1.0,1.0,1.0,1,7.0,49773,48897,0.3333333333333333,0.00015127265145186677,2,2
"7.0, 7.0, 1.0, 7.0","longitude, rms_log, net_us, station_coverage",5.0,0.24622492641704344,0.7555555555555555,1,38.18759107787297,49965,48900,0.3333333333333333,0.0008252483078442137,34,45
"4.0, 1.0, 0.0","longitude, horizontalError_log, east_west",0.0,0.0054766078555798245,0.35294117647058826,1,19.861110122905597,49751,48901,0.25,0.0004292061127242059,6,17
"2.0, 3.0, 3.0, 0.0, 0.0","dmin_log, rms_log, horizontalError_log, net_us, east_west",2.0,0.014458261438686257,0.42857142857142855,1,15.328,49869,48903,0.4166666666666667,0.00033124388592203056,3,7
"3.0, 4.0, 4.0, 1.0, 0.0, 5.0, 0.0, 7.0","longitude, latitude, absolute_longitude, dmin_log, net_us, nst_log, east_west, station_coverage",1.0,1.0,1.0,1,15.0,48907,48907,0.6666666666666666,0.0003241556816825717,1,1
"5.0, 3.0, 1.0, 0.0, 1.0, 0.0, 0.0","longitude, latitude, absolute_longitude, dmin_log, rms_log, net_us, east_west",1.0,0.010240000000000003,0.4,1,28.238016,49944,48908,0.5833333333333334,0.000610234221722891,4,10
"3.0, 3.0, 3.0, 3.0, 4.0, 0.0, 3.0","latitude, absolute_longitude, rms_log, horizontalError_log, depth_signed_log, east_west, station_coverage",1.0,1.0,1.0,1,3.0,48910,48910,0.5833333333333334,6.483113633651433e-05,1,1
"2.0, 2.0, 0.0, 4.0","absolute_longitude, rms_log, east_west, station_coverage",0.0,1.0,1.0,1,20.5,49751,48915,0.3333333333333333,0.0004430127649661813,4,4
"4.0, 2.0, 3.0, 0.0, 4.0","longitude, absolute_longitude, dmin_log, horizontalError_log, station_coverage",0.0,0.084518076545487,0.9642857142857143,1,22.34816,48915,48915,0.4166666666666667,0.0004829522026100787,0,0
"0.0, 5.0, 7.0, 4.0, 1.0, 3.0","latitude, absolute_longitude, depth_signed_log, nst_log, east_west, station_coverage",4.0,0.1,1.0,1,12.0,48916,48916,0.5,0.00025932454534605733,0,0
"0.0, 7.0, 1.0, 3.0","latitude, depth_signed_log, east_west, station_coverage",4.0,1.0,1.0,1,22.0,49376,48916,0.3333333333333333,0.00047542833313443845,1,1
"1.0, 4.0, 3.0, 6.0, 0.0, 0.0","absolute_longitude, dmin_log, depth_signed_log, depthError_log, net_us, east_west",3,0.1,1.0,1,8.6,48923,48923,0.5,0.00018584925749800775,0,0
"5.0, 4.0, 0.0, 0.0","latitude, horizontalError_log, east_west, station_coverage",0.0,0.03125,0.5,1,17.75,49671,48924,0.3333333333333333,0.0003835842233243765,2,4
"7.0, 0.0, 6.0, 7.0, 4.0","longitude, latitude, rms_log, depth_signed_log, station_coverage",4.0,0.1,1.0,1,26.666666666666668,48927,48927,0.4166666666666667,0.000576276767435683,0,0
"2.0, 7.0, 6.0, 6.0, 1.0, 6.0, 0.0, 1.0","longitude, latitude, dmin_log, rms_log, depth_signed_log, depthError_log, net_us, nst_log",1.0,0.1,1.0,1,26.0,48933,48933,0.6666666666666666,0.0005618698482497909,0,0
"4.0, 3.0, 0.0, 3.0","horizontalError_log, nst_log, east_west, station_coverage",2.0,0.03125,0.5,1,10.5,48934,48934,0.3333333333333333,0.00022690897717780016,1,2
"1.0, 0.0, 2.0, 0.0","latitude, absolute_longitude, rms_log, net_us",2,0.0,0.0,1,13.754466435104767,48935,48935,0.3333333333333333,0.00029723922956342917,0,19
"0.0, 3.0, 5.0, 0.0","absolute_longitude, horizontalError_log, depthError_log, east_west",0.0,0.0,0.0,1,11.0,48935,48935,0.3333333333333333,0.00023771416656721923,0,1
"5.0, 2.0, 2.0, 3.0, 2.0","longitude, latitude, dmin_log, rms_log, depth_signed_log",0.0,1.0,1.0,1,19.0,48997,48936,0.4166666666666667,0.0004105971967979241,1,1
"4.0, 5.0","absolute_longitude, horizontalError_log",2.0,5.949901826619859e-05,0.14285714285714285,1,15.976,49504,48938,0.16666666666666666,0.0003452474113707177,1,7
"2.0, 4.0, 6.0, 5.0","longitude, absolute_longitude, dmin_log, depthError_log",2.0,0.0,0.0,1,17.0,48938,48938,0.3333333333333333,0.0003673764392402479,0,1
"1.0, 6.0, 6.0, 1.0, 0.0, 1.0","longitude, latitude, absolute_longitude, depth_signed_log, net_us, nst_log",0.0,0.048894551440329226,0.8666666666666667,1,12.26073265273651,48939,48939,0.5,0.0002649590767317046,0,0
"7.0, 5.0, 6.0","latitude, absolute_longitude, depthError_log",1.0,0.16529662857527172,0.6976744186046512,2,27.2523967070335,49980,48942,0.25,0.0011778692309403088,30,43
"3.0, 0.0, 2.0, 0.0","latitude, dmin_log, depthError_log, net_us",1.0,1.0,1.0,1,21.0,49570,48945,0.3333333333333333,0.0004538179543556003,3,3
"4.0, 3.0, 2.0, 3.0","longitude, latitude, depthError_log, nst_log",1.0,0.0,0.0,1,12.0,48945,48945,0.3333333333333333,0.00025932454534605733,0,1
"7.0, 5.0, 6.0, 0.0, 6.0","latitude, absolute_longitude, rms_log, net_us, nst_log",1.0,0.06092699470458736,0.5714285714285714,1,21.296,49616,48946,0.4166666666666667,0.0004602146264741364,4,7
"0.0, 7.0, 1.0, 7.0, 7.0","latitude, dmin_log, net_us, nst_log, station_coverage",5.0,0.6040951891042576,0.9041095890410958,2,39.47634220673346,49998,48955,0.4166666666666667,0.0017061974157810882,66,73
"4.0, 3.0, 4.0, 0.0, 5.0","longitude, absolute_longitude, rms_log, depth_signed_log, station_coverage",2.0,0.1,1.0,1,12.5,48958,48958,0.4166666666666667,0.0002701297347354764,0,0
"6.0, 0.0, 0.0, 5.0, 7.0, 1.0, 6.0","longitude, latitude, absolute_longitude, dmin_log, depthError_log, net_us, nst_log",4.0,0.1,1.0,1,16.0,48961,48961,0.5833333333333334,0.00034576606046140976,0,0
"6.0, 1.0, 1.0, 4.0, 3.0, 3.0, 6.0","longitude, latitude, absolute_longitude, rms_log, horizontalError_log, depth_signed_log, nst_log",2.0,0.0,0.0,1,8.0,48962,48962,0.5833333333333334,0.00017288303023070488,0,1
"6.0, 6.0, 4.0, 0.0","latitude, depth_signed_log, depthError_log, nst_log",0.0,1.0,1.0,1,26.0,49323,48966,0.3333333333333333,0.0005618698482497909,1,1
"0.0, 6.0, 0.0","longitude, dmin_log, net_us",2.0,0.3066820026178275,0.7894736842105263,1,25.681251553786392,49970,48970,0.25,0.0005549815735919488,30,38
"6.0, 7.0, 6.0, 7.0, 0.0, 0.0","latitude, absolute_longitude, dmin_log, depthError_log, net_us, east_west",2.0,1.0,1.0,2,32.32,49970,48970,0.5,0.0013968948842640956,6,6
"1.0, 0.0, 4.0, 0.0, 4.0, 0.0","latitude, absolute_longitude, dmin_log, net_us, nst_log, east_west",2.0,5.949901826619859e-05,0.14285714285714285,1,13.912,48973,48973,0.5,0.0003006435895711958,1,7
"2.0, 5.0, 6.0, 6.0, 5.0","longitude, absolute_longitude, rms_log, depthError_log, nst_log",2.0,0.004115226337448558,0.3333333333333333,1,40.0,48976,48976,0.4166666666666667,0.0008644151511535245,1,3
"1.0, 6.0, 7.0, 5.0, 7.0, 0.0, 7.0, 7.0","longitude, latitude, rms_log, horizontalError_log, depth_signed_log, net_us, nst_log, station_coverage",3.0,1.0,1.0,1,20.0,49666,48977,0.6666666666666666,0.00043220757557676224,2,2
"6.0, 7.0, 1.0, 2.0","absolute_longitude, depth_signed_log, net_us, station_coverage",2.0,1.0,1.0,1,15.0,49404,48978,0.3333333333333333,0.0003241556816825717,1,1
"5.0, 3.0, 0.0, 4.0, 0.0, 0.0","longitude, latitude, dmin_log, horizontalError_log, net_us, east_west",1.0,0.06533410013089139,0.8947368421052632,1,22.43358369592115,48979,48979,0.5,0.0004847982410356231,0,0
"5.0, 3.0, 1.0, 0.0, 0.0","longitude, latitude, absolute_longitude, dmin_log, net_us",1.0,0.03125,0.5,1,27.926567219200003,49944,48979,0.4166666666666667,0.0006035036955995957,7,14
"2.0, 4.0, 4.0, 4.0, 2.0, 2.0, 0.0","longitude, latitude, dmin_log, rms_log, horizontalError_log, depthError_log, net_us",3.0,0.1,1.0,1,7.75,48987,48987,0.5833333333333334,0.00016748043553599536,0,0
"0.0, 4.0, 4.0, 0.0, 0.0","absolute_longitude, dmin_log, depthError_log, net_us, east_west",0.0,0.0004135537391679411,0.21052631578947367,1,20.043757630881792,49677,48990,0.4166666666666667,0.00043315319455458233,4,19
"5.0, 7.0, 6.0, 1.0, 1.0","latitude, absolute_longitude, rms_log, net_us, east_west",3.0,1.0,1.0,2,32.437184,49562,48993,0.4166666666666667,0.0014019596655177344,10,10
"0.0, 6.0, 5.0, 4.0, 1.0, 0.0","longitude, dmin_log, depth_signed_log, depthError_log, net_us, east_west",2.0,0.013168724279835387,0.6666666666666666,1,7.333333333333333,48994,48994,0.5,0.0001584761110448128,0,0
"5.0, 2.0, 2.0, 0.0","longitude, latitude, rms_log, east_west",0.0,1.0,1.0,1,17.97588224,49977,48995,0.3333333333333333,0.0003884656240901889,12,12
"2.0, 2.0, 0.0, 1.0, 0.0","absolute_longitude, rms_log, net_us, nst_log, east_west",0.0,1.0,1.0,1,19.0,49099,48995,0.4166666666666667,0.0004105971967979241,1,1
"5.0, 2.0, 3.0, 2.0","longitude, dmin_log, rms_log, depth_signed_log",0.0,0.1,1.0,1,19.0,48997,48997,0.3333333333333333,0.0004105971967979241,0,0
"6.0, 0.0, 2.0, 4.0, 0.0","longitude, dmin_log, rms_log, horizontalError_log, net_us",0.0,0.3276800000000001,0.8,1,11.0,49997,49000,0.4166666666666667,0.00023771416656721923,4,5
"6.0, 0.0, 0.0, 4.0, 0.0, 0.0","longitude, absolute_longitude, dmin_log, horizontalError_log, net_us, east_west",0.0,0.5549289573066435,0.8888888888888888,1,12.5776,49997,49000,0.5,0.00027180670012871426,8,9
"2.0, 0.0, 0.0, 1.0","absolute_longitude, net_us, east_west, station_coverage",0.0,0.03125,0.5,1,14.0,49775,49002,0.3333333333333333,0.00030254530290373355,1,2
"4.0, 0.0, 1.0","longitude, net_us, station_coverage",0.0,0.004115226337448558,0.3333333333333333,1,15.666666666666666,49411,49002,0.25,0.00033856260086846375,1,3
"6.0, 0.0, 4.0, 4.0, 3.0, 0.0, 0.0, 7.0","longitude, absolute_longitude, rms_log, depth_signed_log, depthError_log, net_us, east_west, station_coverage",2.0,1.0,1.0,1,6.0,49007,49007,0.6666666666666666,0.00012966227267302867,1,1
"4.0, 3.0, 2.0, 0.0, 4.0, 0.0","longitude, latitude, rms_log, net_us, nst_log, east_west",0.0,0.014458261438686257,0.42857142857142855,1,19.2,49603,49009,0.5,0.0004149192725536917,3,7
"6.0, 6.0, 6.0, 6.0, 6.0, 0.0, 5.0, 0.0","latitude, dmin_log, rms_log, horizontalError_log, depthError_log, net_us, nst_log, east_west",2.0,1.0,1.0,1,6.0,49011,49011,0.6666666666666666,0.00012966227267302867,1,1
"7.0, 5.0, 7.0, 0.0, 1.0","longitude, latitude, absolute_longitude, depth_signed_log, station_coverage",3.0,0.1,1.0,1,27.0,49013,49013,0.4166666666666667,0.000583480227028629,0,0
"1.0, 6.0, 0.0","latitude, dmin_log, net_us",3.0,1.0,1.0,1,16.75,49948,49014,0.25,0.00036197384454553835,4,4
"7.0, 5.0, 7.0, 7.0, 1.0","longitude, latitude, absolute_longitude, dmin_log, net_us",3.0,0.7737809374999998,0.95,1,31.264248487437925,49917,49017,0.4166666666666667,0.0006756322520492501,19,20
"5.0, 2.0, 2.0, 2.0, 0.0, 0.0","longitude, latitude, absolute_longitude, rms_log, net_us, east_west",0.0,1.0,1.0,1,20.0,49775,49018,0.5,0.00043220757557676224,5,5
"3.0, 5.0, 4.0, 1.0, 0.0","rms_log, depth_signed_log, depthError_log, nst_log, east_west",0.0,0.010435824676655221,0.6363636363636364,1,10.351895949369672,49019,49019,0.4166666666666667,0.00022370839254499855,0,0
"3.0, 1.0, 1.0","longitude, horizontalError_log, depth_signed_log",1.0,0.03125,0.5,1,20.665216,49726,49020,0.25,0.00044658314530650583,5,10
"7.0, 7.0, 1.0, 6.0","rms_log, depth_signed_log, net_us, station_coverage",4,0.2373046875,0.75,3,14.038960639999999,49921,49021,0.3333333333333333,0.0009101617712747985,9,12
"1.0, 7.0, 6.0, 7.0, 7.0, 0.0, 4.0, 0.0","longitude, latitude, absolute_longitude, horizontalError_log, depth_signed_log, net_us, nst_log, east_west",1.0,0.1,1.0,1,15.559999999999999,49022,49022,0.6666666666666666,0.000336257493798721,0,0
"0.0, 4.0, 0.0, 0.0, 6.0","absolute_longitude, horizontalError_log, net_us, east_west, station_coverage",1.0,0.0,0.0,1,13.0,49023,49023,0.4166666666666667,0.00028093492412489547,0,1
"0.0, 4.0, 0.0, 5.0, 0.0","absolute_longitude, dmin_log, net_us, nst_log, east_west",1.0,0.003125,0.5,1,6.0,49023,49023,0.4166666666666667,0.00012966227267302867,0,0
"7.0, 6.0, 0.0","dmin_log, horizontalError_log, net_us",3,0.03125,0.5,1,16.0,49528,49026,0.25,0.00034576606046140976,2,4
"4.0, 7.0, 7.0, 5.0, 1.0, 1.0, 6.0","absolute_longitude, dmin_log, horizontalError_log, depth_signed_log, net_us, east_west, station_coverage",4.0,1.0,1.0,2,11.0,49303,49029,0.5833333333333334,0.00047542833313443845,2,2
"2.0, 6.0, 0.0","dmin_log, depthError_log, east_west",0.0,0.004115226337448558,0.3333333333333333,1,22.666666666666668,49574,49031,0.25,0.0004898352523203305,1,3
"7.0, 7.0, 6.0, 1.0","longitude, absolute_longitude, depth_signed_log, net_us",3.0,1.0,1.0,1,29.8,49860,49033,0.3333333333333333,0.0006439892876093757,5,5
"1.0, 6.0, 1.0, 7.0","latitude, horizontalError_log, net_us, station_coverage",5.0,0.010240000000000003,0.4,1,26.2,49493,49037,0.3333333333333333,0.0005661919240055586,2,5
"1.0, 6.0, 2.0, 3.0, 0.0","longitude, absolute_longitude, dmin_log, rms_log, net_us",1.0,0.010240000000000003,0.4,1,20.0,49749,49038,0.4166666666666667,0.00043220757557676224,2,5
"0.0, 4.0, 6.0, 5.0, 4.0","latitude, horizontalError_log, depth_signed_log, nst_log, station_coverage",1.0,0.1,1.0,1,16.0,49038,49038,0.4166666666666667,0.00034576606046140976,0,0
"1.0, 1.0, 6.0, 3.0, 3.0, 1.0","latitude, absolute_longitude, dmin_log, horizontalError_log, depth_signed_log, station_coverage",3.0,1.0,1.0,1,8.0,49948,49039,0.5,0.00017288303023070488,1,1
"0.0, 6.0, 6.0, 0.0","latitude, absolute_longitude, depth_signed_log, east_west",1.0,0.11602906250000002,0.65,2,18.023196294814106,49981,49040,0.3333333333333333,0.0007789761974725689,13,20
"0.0, 7.0, 2.0, 0.0, 0.0, 0.0","longitude, horizontalError_log, depth_signed_log, depthError_log, net_us, east_west",2.0,1.0,1.0,1,14.0,49780,49042,0.5,0.00030254530290373355,1,1
"0.0, 6.0, 7.0, 2.0","longitude, latitude, horizontalError_log, nst_log",2.0,1.0,1.0,1,18.666666666666668,49559,49042,0.3333333333333333,0.0004033937372049781,3,3
"1.0, 6.0, 7.0, 2.0, 0.0","longitude, dmin_log, depthError_log, nst_log, east_west",1.0,0.06472278485082304,0.9166666666666666,1,15.02841856,49048,49048,0.4166666666666667,0.0003247698175285208,0,0
"1.0, 1.0, 1.0","latitude, net_us, east_west",4,0.3666478320532007,0.8181818181818182,3,20.02199663748737,49975,49055,0.25,0.0012980487937341752,18,22
"2.0, 4.0, 4.0, 1.0, 0.0, 0.0","longitude, latitude, absolute_longitude, rms_log, horizontalError_log, net_us",1.0,0.3276800000000001,0.8,1,14.8,49798,49057,0.5,0.00031983360592680406,4,5
"0.0, 3.0, 7.0, 1.0, 6.0, 5.0","latitude, absolute_longitude, dmin_log, net_us, nst_log, station_coverage",4,0.03125,0.5,1,28.75,49222,49058,0.5,0.0006212983898915957,2,4
"7.0, 7.0, 1.0, 6.0, 1.0, 5.0","rms_log, horizontalError_log, net_us, nst_log, east_west, station_coverage",4,1.0,1.0,1,28.666666666666668,49812,49058,0.5,0.0006194975249933592,3,3
"1.0, 0.0, 5.0, 0.0, 3.0","latitude, absolute_longitude, dmin_log, east_west, station_coverage",1.0,0.02373046875,0.75,1,9.25,49060,49060,0.4166666666666667,0.00019989600370425253,0,0
"3.0, 4.0, 0.0, 0.0","longitude, latitude, net_us, east_west",0.0,0.0939932841461223,0.6231884057971014,1,27.05336279971325,49963,49065,0.3333333333333333,0.0005846334173431316,43,69
"0.0, 7.0, 1.0, 5.0","latitude, dmin_log, net_us, station_coverage",4.0,0.2084017036410597,0.7307692307692307,1,19.877590954854657,49851,49067,0.3333333333333333,0.00042956226974521545,19,26
"7.0, 7.0, 7.0, 7.0, 6.0","longitude, dmin_log, rms_log, nst_log, station_coverage",5.0,0.05292214940134466,0.5555555555555556,1,15.073600000000003,49924,49068,0.4166666666666667,0.0003257462055606942,5,9
"7.0, 1.0, 1.0, 7.0","rms_log, net_us, east_west, station_coverage",5.0,0.43976479295863985,0.8484848484848485,1,38.64850478341059,49965,49070,0.3333333333333333,0.0008352088276052394,28,33
"1.0, 1.0, 1.0, 5.0","latitude, net_us, east_west, station_coverage",4,1.0,1.0,1,23.25,49874,49071,0.3333333333333333,0.0005024413066079861,4,4
"5.0, 4.0, 6.0, 0.0","latitude, dmin_log, depth_signed_log, east_west",1.0,0.0,0.0,1,11.0,49072,49072,0.3333333333333333,0.00023771416656721923,0,2
"4.0, 3.0, 3.0, 1.0, 7.0, 0.0","longitude, latitude, absolute_longitude, dmin_log, nst_log, east_west",3,0.0,0.0,1,17.0,49073,49073,0.5,0.0003673764392402479,0,1
"3.0, 1.0, 0.0, 7.0, 0.0, 7.0","latitude, dmin_log, net_us, nst_log, east_west, station_coverage",3.0,0.0,0.0,1,10.0,49073,49073,0.5,0.00021610378778838112,0,1
"2.0, 3.0, 0.0, 6.0","latitude, rms_log, net_us, nst_log",1.0,0.03125,0.5,1,21.58208,49628,49074,0.3333333333333333,0.00046639692363518645,5,10
"7.0, 7.0, 4.0, 1.0","longitude, dmin_log, depth_signed_log, station_coverage",3.0,0.0,0.0,1,24.0,49075,49075,0.3333333333333333,0.0005186490906921147,0,1
"0.0, 7.0, 6.0, 1.0","latitude, rms_log, horizontalError_log, net_us",5.0,0.14539335680000004,0.68,1,20.60014856684294,49968,49079,0.3333333333333333,0.000445177013429815,34,50
"5.0, 5.0, 1.0","latitude, horizontalError_log, net_us",3.0,0.3276800000000001,0.8,1,14.0,49866,49080,0.25,0.00030254530290373355,4,5
"3.0, 3.0, 2.0, 6.0, 7.0","latitude, absolute_longitude, dmin_log, nst_log, station_coverage",1.0,1.0,1.0,1,6.5,49453,49085,0.4166666666666667,0.00014046746206244773,2,2
"2.0, 6.0, 5.0, 0.0, 7.0","longitude, dmin_log, depthError_log, east_west, station_coverage",2.0,0.03125,0.5,1,8.0,49092,49092,0.4166666666666667,0.00017288303023070488,1,2
"5.0, 0.0, 0.0, 4.0","dmin_log, net_us, east_west, station_coverage",2,0.010240000000000003,0.4,1,17.847872000000002,49870,49094,0.3333333333333333,0.00038569927431621897,4,10
"5.0, 4.0, 0.0, 0.0","dmin_log, rms_log, net_us, east_west",1.0,0.0006544696506532578,0.23076923076923078,1,14.250679296000001,49440,49094,0.3333333333333333,0.00030796257744230605,3,13
"3.0, 0.0, 2.0, 0.0, 0.0","latitude, dmin_log, depthError_log, net_us, east_west",1.0,1.0,1.0,1,15.0,49570,49098,0.4166666666666667,0.0003241556816825717,2,2
"4.0, 2.0, 1.0, 0.0","longitude, latitude, nst_log, east_west",0.0,1.0,1.0,1,19.0,49408,49099,0.3333333333333333,0.0004105971967979241,1,1
"2.0, 2.0, 0.0, 1.0","absolute_longitude, rms_log, depth_signed_log, nst_log",0.0,0.1,1.0,1,22.333333333333332,49099,49099,0.3333333333333333,0.00048263179272738446,0,0
"1.0, 1.0, 0.0","horizontalError_log, depthError_log, east_west",1,0.11177418429208745,0.6451612903225806,1,20.742925764008547,49909,49101,0.25,0.0004482624827415446,20,31
"3.0, 0.0, 1.0, 0.0","longitude, dmin_log, horizontalError_log, east_west",1.0,0.043151275720164604,0.5333333333333333,1,19.648417361920004,49707,49101,0.3333333333333333,0.00042460974159579036,8,15
"5.0, 5.0, 5.0, 0.0, 5.0","absolute_longitude, depth_signed_log, nst_log, east_west, station_coverage",1.0,0.03276800000000001,0.8,1,19.739703814909745,49102,49102,0.4166666666666667,0.0004265824764222753,0,0
"2.0, 0.0, 0.0","dmin_log, net_us, east_west",0.0,0.04095015037828753,0.5277777777777778,1,18.828555103107323,49990,49103,0.25,0.00415758541817613,38,72
"5.0, 5.0, 6.0, 6.0, 6.0, 0.0, 3.0, 1.0","absolute_longitude, dmin_log, rms_log, horizontalError_log, depth_signed_log, net_us, nst_log, station_coverage",2.0,1.0,1.0,1,12.0,49104,49104,0.6666666666666666,0.00025932454534605733,1,1
"7.0, 1.0, 4.0","longitude, east_west, station_coverage",4.0,0.512908935546875,0.875,2,21.498387120128,49962,49105,0.25,0.0009291765776001215,14,16
"0.0, 6.0, 5.0, 7.0, 0.0, 0.0","absolute_longitude, dmin_log, horizontalError_log, depth_signed_log, net_us, east_west",3.0,0.1,1.0,1,20.203136,49106,49106,0.5,0.0004365974214803803,0,0
"6.0, 2.0, 0.0, 0.0","latitude, dmin_log, nst_log, east_west",0.0,0.3276800000000001,0.8,1,26.8,49815,49108,0.3333333333333333,0.0005791581512728614,4,5
"6.0, 1.0, 1.0, 6.0, 0.0","absolute_longitude, dmin_log, depthError_log, nst_log, east_west",1.0,0.02994492622121735,0.7857142857142857,1,17.838040064,49109,49109,0.4166666666666667,0.0003854868024551297,0,0
"5.0, 1.0, 3.0, 0.0, 0.0","longitude, absolute_longitude, dmin_log, net_us, east_west",0.0,0.095367431640625,0.625,1,20.6512,49844,49110,0.4166666666666667,0.00044628025423754157,5,8
"6.0, 6.0, 1.0, 1.0, 0.0","latitude, absolute_longitude, rms_log, horizontalError_log, nst_log",0.0,0.1,1.0,1,22.333333333333332,49112,49112,0.4166666666666667,0.00048263179272738446,0,0
"1.0, 0.0, 6.0, 6.0, 0.0, 0.0","longitude, latitude, absolute_longitude, depth_signed_log, net_us, east_west",1.0,0.10049355861780968,0.631578947368421,1,18.03023316923187,49981,49113,0.5,0.0003896401682578714,12,19
"0.0, 5.0, 0.0","latitude, dmin_log, east_west",1.0,4.2139917695473246e-05,0.13333333333333333,1,15.061356503039999,49908,49113,0.25,0.00032548161895381097,2,15
"1.0, 0.0, 2.0, 6.0, 2.0, 7.0, 0.0, 6.0","longitude, latitude, rms_log, depth_signed_log, depthError_log, nst_log, east_west, station_coverage",2.0,1.0,1.0,1,11.0,49119,49119,0.6666666666666666,0.00023771416656721923,1,1
"1.0, 6.0, 4.0, 7.0, 6.0, 0.0, 5.0","longitude, absolute_longitude, dmin_log, rms_log, horizontalError_log, east_west, station_coverage",2.0,1.0,1.0,1,12.0,49121,49121,0.5833333333333334,0.00025932454534605733,1,1
"3.0, 2.0, 0.0","latitude, dmin_log, east_west",0.0,0.010240000000000003,0.4,1,15.715264,49890,49124,0.25,0.0003396128076494385,4,10
"5.0, 2.0, 0.0, 0.0, 0.0","longitude, latitude, horizontalError_log, net_us, east_west",2,1.316872427983539e-06,0.06666666666666667,1,21.3408730112,49873,49125,0.4166666666666667,0.00046118434924311545,1,15
"5.0, 1.0, 4.0, 0.0, 0.0, 7.0, 0.0, 7.0","longitude, absolute_longitude, dmin_log, horizontalError_log, net_us, nst_log, east_west, station_coverage",1.0,1.0,1.0,2,19.0,49619,49125,0.6666666666666666,0.0008211943935958482,1,1
"2.0, 2.0, 0.0, 0.0","latitude, dmin_log, net_us, east_west",0.0,0.2994492622121735,0.7857142857142857,1,17.3480131584,49923,49126,0.3333333333333333,0.0003748971354132917,11,14
"7.0, 4.0","longitude, station_coverage",4.0,0.48894551440329226,0.8666666666666667,2,21.67877574656,49962,49128,0.16666666666666666,0.0009369731106893011,13,15
"1.0, 0.0, 7.0, 0.0","longitude, net_us, nst_log, east_west",3.0,0.03943364769872244,0.5238095238095238,1,17.100637059716217,49845,49131,0.3333333333333333,0.003921254458090114,11,21
"6.0, 7.0, 7.0","absolute_longitude, depth_signed_log, nst_log",3.0,0.1590361251087416,0.6923076923076923,2,19.1843072,49769,49131,0.25,0.0008291602904031823,9,13
"2.0, 7.0, 5.0, 6.0, 0.0, 0.0","longitude, latitude, absolute_longitude, horizontalError_log, net_us, east_west",1.0,0.3666478320532007,0.8181818181818182,2,26.824959999999997,49980,49133,0.5,0.0011593950926543622,9,11
"1.0, 0.0, 0.0, 7.0, 7.0","rms_log, depthError_log, net_us, nst_log, station_coverage",2.0,0.401877572016461,0.8333333333333334,3,13.36,49993,49134,0.4166666666666667,0.0008661439814558314,5,6
"1.0, 6.0, 4.0, 0.0","longitude, horizontalError_log, nst_log, east_west",1.0,0.13168724279835387,0.6666666666666666,1,18.333333333333332,49887,49136,0.3333333333333333,0.00039619027761203204,2,3
"1.0, 4.0, 0.0, 0.0, 5.0","latitude, dmin_log, net_us, east_west, station_coverage",1.0,1.0,1.0,1,19.333333333333332,49856,49139,0.4166666666666667,0.0004178006563908701,3,3
"4.0, 0.0, 3.0, 0.0, 5.0","rms_log, net_us, nst_log, east_west, station_coverage",1.0,0.013012713756084517,0.6544401544401545,1,9.473148664194623,49139,49139,0.4166666666666667,0.0002047183308614901,0,0
"4.0, 1.0, 3.0, 2.0, 0.0, 0.0","latitude, absolute_longitude, rms_log, horizontalError_log, depth_signed_log, net_us",3.0,0.003125,0.5,1,10.24,49143,49143,0.5,0.00022129027869530226,0,0
"2.0, 0.0, 7.0","longitude, net_us, nst_log",2.0,0.056313514709472656,0.5625,1,23.004488683519998,49826,49145,0.25,0.000497135714064362,9,16
"2.0, 5.0, 5.0, 7.0, 0.0","longitude, absolute_longitude, horizontalError_log, nst_log, east_west",2.0,0.20346349914002398,0.7272727272727273,1,24.3697792,49826,49145,0.4166666666666667,0.0005266401592686504,8,11
"3.0, 1.0","latitude, horizontalError_log",1.0,0.14995078952820548,0.6842105263157895,1,25.84523026199347,49944,49146,0.16666666666666666,0.0005585252155879683,13,19
"1.0, 0.0, 4.0, 6.0, 4.0, 0.0","longitude, latitude, horizontalError_log, depth_signed_log, depthError_log, net_us",1.0,1.0,1.0,1,25.666666666666668,49946,49148,0.5,0.0005546663886568449,3,3
"5.0, 7.0, 0.0","horizontalError_log, depthError_log, station_coverage",1.0,0.2373046875,0.75,1,12.0,49955,49153,0.25,0.00025932454534605733,3,4
"3.0, 5.0, 1.0, 0.0","longitude, latitude, dmin_log, east_west",0.0,0.2373046875,0.75,2,13.25,49983,49155,0.3333333333333333,0.0005726750376392099,3,4
"1.0, 6.0, 3.0, 0.0, 1.0","longitude, latitude, horizontalError_log, net_us, nst_log",0.0,0.04113109068164202,0.8372093023255814,1,11.806675143925151,49161,49161,0.4166666666666667,0.0002551467219789155,0,0
"4.0, 3.0, 0.0, 6.0","longitude, latitude, east_west, station_coverage",1.0,0.0,0.0,1,17.5,49162,49162,0.3333333333333333,0.00037818162862966693,0,2
"1.0, 6.0, 0.0, 0.0, 0.0, 6.0","longitude, absolute_longitude, depth_signed_log, net_us, east_west, station_coverage",2.0,0.03125,0.5,1,10.5,49163,49163,0.5,0.00022690897717780016,1,2
"4.0, 2.0, 1.0, 3.0, 0.0, 0.0, 7.0","longitude, absolute_longitude, rms_log, depth_signed_log, net_us, east_west, station_coverage",3.0,0.013168724279835387,0.6666666666666666,1,19.333333333333332,49166,49166,0.5833333333333334,0.0004178006563908701,0,0
"0.0, 7.0, 6.0, 0.0","longitude, depth_signed_log, depthError_log, net_us",3.0,0.03125,0.5,1,16.0,49821,49167,0.3333333333333333,0.00034576606046140976,2,4
"5.0, 1.0, 3.0, 0.0, 0.0, 0.0","longitude, absolute_longitude, dmin_log, horizontalError_log, net_us, east_west",0.0,0.03125,0.5,1,20.5,49783,49169,0.5,0.0004430127649661813,1,2
"7.0, 1.0, 5.0","dmin_log, net_us, station_coverage",4.0,0.3035966957071313,0.7878787878787878,2,19.06136768121849,49935,49171,0.25,0.0008238467512676693,26,33
"0.0, 7.0, 7.0, 1.0, 5.0","latitude, dmin_log, rms_log, net_us, station_coverage",4,0.07042962777237427,0.5882352941176471,1,20.3609067544576,49851,49171,0.4166666666666667,0.00044000690724443203,10,17
"5.0, 7.0, 6.0, 5.0, 1.0","latitude, absolute_longitude, rms_log, depthError_log, net_us",3.0,0.03125,0.5,1,15.0,49231,49173,0.4166666666666667,0.0003241556816825717,1,2
"5.0, 6.0, 1.0, 1.0","latitude, rms_log, net_us, east_west",3.0,0.08825375108068294,0.6153846153846154,1,25.938876416,49562,49173,0.3333333333333333,0.0005605489444472307,8,13
"5.0, 5.0, 6.0, 0.0, 7.0, 0.0","latitude, rms_log, horizontalError_log, depth_signed_log, depthError_log, net_us",1.0,1.0,1.0,1,6.0,49175,49175,0.5,0.00012966227267302867,1,1
"2.0, 1.0, 0.0, 3.0","dmin_log, rms_log, east_west, station_coverage",0.0,1.0,1.0,1,17.0,49556,49177,0.3333333333333333,0.0003673764392402479,1,1
"7.0, 5.0, 6.0, 6.0, 0.0","latitude, absolute_longitude, rms_log, depthError_log, east_west",1.0,0.2693290743429045,0.7692307692307693,1,34.66417408,49953,49178,0.4166666666666667,0.0007491059319243822,10,13
"0.0, 6.0, 0.0, 0.0","absolute_longitude, dmin_log, east_west, station_coverage",5,0.0,0.0,1,26.2,49180,49180,0.3333333333333333,0.0005661919240055586,0,5
"0.0, 6.0, 7.0, 0.0","absolute_longitude, dmin_log, depth_signed_log, net_us",3.0,1.0,1.0,1,19.0,49485,49180,0.3333333333333333,0.0004105971967979241,1,1
"1.0, 0.0, 0.0","absolute_longitude, net_us, nst_log",0.0,1.0,1.0,2,15.48,49992,49182,0.25,0.0006690573269928279,6,6
"4.0, 0.0","horizontalError_log, nst_log",0.0,0.2373046875,0.75,1,28.84098430934249,49990,49182,0.16666666666666666,0.0006232645952794179,18,24
"1.0, 5.0, 6.0, 6.0, 0.0","longitude, dmin_log, rms_log, depthError_log, net_us",1.0,0.2373046875,0.75,1,26.5,49823,49184,0.4166666666666667,0.0005726750376392099,3,4
"4.0, 2.0, 5.0, 0.0","longitude, absolute_longitude, nst_log, east_west",0.0,1.0,1.0,1,14.5,49751,49185,0.3333333333333333,0.00031335049229315264,4,4
"3.0, 6.0, 5.0","longitude, depth_signed_log, station_coverage",1.0,1.0,1.0,1,22.0,49828,49187,0.25,0.00047542833313443845,1,1
"4.0, 2.0, 3.0, 0.0, 0.0","longitude, absolute_longitude, horizontalError_log, depth_signed_log, east_west",4,0.1,1.0,1,9.5,49188,49188,0.4166666666666667,0.00020529859839896205,0,0
"5.0, 1.0, 2.0, 2.0, 2.0, 2.0, 0.0, 4.0, 0.0","latitude, absolute_longitude, dmin_log, horizontalError_log, depth_signed_log, depthError_log, net_us, nst_log, east_west",2.0,1.0,1.0,1,15.0,49189,49189,0.75,0.0003241556816825717,1,1
"7.0, 0.0, 7.0, 7.0, 1.0, 7.0, 7.0","longitude, latitude, dmin_log, depthError_log, net_us, nst_log, station_coverage",5.0,0.2693290743429045,0.7692307692307693,1,33.31940608,49957,49190,0.5833333333333334,0.0007200449860747215,10,13
"4.0, 4.0, 2.0, 3.0, 0.0, 4.0","absolute_longitude, dmin_log, rms_log, horizontalError_log, east_west, station_coverage",2.0,1.0,1.0,1,2.0,49197,49197,0.5,4.322075755767622e-05,1,1
"0.0, 7.0, 7.0, 7.0, 6.0, 1.0, 1.0, 3.0","latitude, dmin_log, rms_log, horizontalError_log, depthError_log, net_us, east_west, station_coverage",4.0,1.0,1.0,1,17.0,49964,49202,0.6666666666666666,0.0003673764392402479,1,1
"4.0, 0.0, 0.0, 0.0, 0.0","depthError_log, net_us, nst_log, east_west, station_coverage",0.0,0.5904900000000001,0.9,1,32.645248,49978,49204,0.4166666666666667,0.0007054761746091074,9,10
"5.0, 4.0, 0.0, 0.0, 0.0","latitude, depthError_log, net_us, nst_log, station_coverage",0.0,0.058382539561899816,0.8979591836734694,1,19.53151319445371,49204,49204,0.4166666666666667,0.000422083398256019,0,0
"7.0, 7.0, 7.0, 7.0, 7.0, 6.0","longitude, dmin_log, rms_log, horizontalError_log, nst_log, station_coverage",5.0,0.0009765625,0.25,1,14.75,49449,49205,0.5,0.00031875308698786213,1,4
"7.0, 7.0, 7.0, 6.0","longitude, dmin_log, nst_log, station_coverage",5.0,0.012558674125514407,0.4166666666666667,1,16.320750080000003,49924,49205,0.3333333333333333,0.0003526975911835525,5,12
"3.0, 3.0, 0.0","latitude, dmin_log, depthError_log",2.0,0.0,0.0,1,19.5,49211,49211,0.25,0.0004214023861873432,0,4
"3.0, 4.0, 4.0, 0.0, 0.0","longitude, latitude, absolute_longitude, rms_log, net_us",0.0,0.3787874412704941,0.8235294117647058,1,29.613979795847577,49963,49212,0.4166666666666667,0.000639969320537125,28,34
"7.0, 6.0, 1.0","longitude, latitude, east_west",3.0,0.01734152991583261,0.4444444444444444,1,22.566399999999998,49860,49214,0.25,0.0004876684516747723,4,9
"7.0, 7.0, 7.0, 3.0, 1.0","longitude, absolute_longitude, rms_log, nst_log, station_coverage",3.0,0.3276800000000001,0.8,1,29.0,49750,49214,0.4166666666666667,0.0006267009845863053,4,5
"0.0, 5.0, 7.0, 7.0, 6.0, 0.0","longitude, latitude, absolute_longitude, dmin_log, rms_log, east_west",0,0.0005252187499999999,0.35,1,20.716568732513075,49216,49216,0.5,0.0004476928973074417,0,0
"7.0, 1.0, 7.0","dmin_log, net_us, station_coverage",5.0,0.39624912354061353,0.8309859154929577,1,34.18462165114963,49998,49219,0.25,0.0007387426222926137,59,71
"7.0, 0.0, 7.0, 7.0, 5.0","longitude, latitude, depth_signed_log, depthError_log, station_coverage",4,1.0,1.0,1,24.333333333333332,49636,49222,0.4166666666666667,0.0005258525502850607,3,3
"3.0, 4.0, 0.0, 0.0, 1.0, 0.0","longitude, latitude, rms_log, depth_signed_log, nst_log, east_west",0.0,1.0,1.0,1,34.992,49945,49223,0.5,0.0007561903742291031,9,9
"0.0, 5.0, 1.0, 6.0","absolute_longitude, depthError_log, east_west, station_coverage",4.0,1.0,1.0,2,20.5,49457,49225,0.3333333333333333,0.0008860255299323626,2,2
"0.0, 0.0","longitude, station_coverage",1.0,9.813824083770476e-05,0.15789473684210525,1,18.542534289883136,49813,49229,0.16666666666666666,0.00040071118952396856,3,19
"7.0, 1.0, 0.0, 0.0","absolute_longitude, rms_log, net_us, station_coverage",1.0,0.0,0.0,1,19.0,49229,49229,0.3333333333333333,0.0004105971967979241,0,1
"7.0, 5.0, 4.0","latitude, horizontalError_log, nst_log",1.0,0.16806999999999994,0.7,1,22.55968,49691,49230,0.25,0.00048752322992937856,7,10
"7.0, 5.0, 7.0, 6.0, 1.0, 4.0, 1.0","longitude, latitude, absolute_longitude, rms_log, net_us, nst_log, east_west",3.0,0.1,1.0,1,23.75,49231,49231,0.5833333333333334,0.0005132464959974051,0,0
"6.0, 5.0, 4.0, 0.0, 4.0, 0.0","rms_log, depth_signed_log, depthError_log, net_us, nst_log, east_west",2.0,1.0,1.0,1,15.0,49232,49232,0.5,0.0003241556816825717,1,1
"7.0, 1.0, 7.0, 7.0","depthError_log, net_us, nst_log, station_coverage",5.0,0.06504222973314074,0.5789473684210527,1,26.736540145188865,49957,49235,0.3333333333333333,0.0005777867597731427,11,19
"0.0, 7.0, 7.0, 1.0, 7.0","latitude, dmin_log, nst_log, east_west, station_coverage",5.0,0.43976479295863985,0.8484848484848485,1,41.9961458155985,49998,49235,0.4166666666666667,0.0009075526183264009,28,33
"6.0, 5.0, 0.0, 0.0","dmin_log, rms_log, net_us, east_west",2.0,0.03125,0.5,1,21.298786713600002,49969,49236,0.3333333333333333,0.0004602748484105806,7,14
"2.0, 7.0, 3.0, 6.0, 0.0","longitude, latitude, depth_signed_log, depthError_log, net_us",1.0,1.0,1.0,1,26.0,49898,49239,0.4166666666666667,0.0005618698482497909,2,2
"7.0, 0.0, 2.0, 3.0, 5.0, 0.0","longitude, latitude, dmin_log, horizontalError_log, depth_signed_log, net_us",1,0.1,1.0,1,18.914099200000003,49241,49241,0.5,0.00040874084797251896,0,0
"7.0, 0.0, 1.0, 6.0, 1.0","longitude, absolute_longitude, net_us, nst_log, east_west",4.0,1.0,1.0,1,17.5,49622,49243,0.4166666666666667,0.00037818162862966693,2,2
"0.0, 6.0, 0.0, 4.0, 0.0, 2.0","longitude, dmin_log, net_us, nst_log, east_west, station_coverage",2.0,0.13168724279835387,0.6666666666666666,1,33.0,49441,49246,0.5,0.0007131424997016577,2,3
"0.0, 6.0, 4.0","longitude, dmin_log, nst_log",2.0,0.20346349914002398,0.7272727272727273,2,28.745267199999997,49970,49246,0.25,0.0012423922245818223,8,11
"7.0, 0.0, 7.0, 7.0, 7.0, 1.0, 7.0","longitude, absolute_longitude, dmin_log, rms_log, depth_signed_log, net_us, station_coverage",4.0,1.0,1.0,1,25.0,49542,49247,0.5833333333333334,0.0005402594694709527,1,1
"7.0, 3.0, 7.0, 1.0, 1.0","longitude, latitude, depthError_log, net_us, east_west",4.0,1.0,1.0,1,18.0,49952,49247,0.4166666666666667,0.00038898681801908603,5,5
"1.0, 5.0, 0.0, 3.0","longitude, depthError_log, net_us, nst_log",1.0,0.024059140593162096,0.7520661157024794,1,13.06237385169522,49257,49257,0.3333333333333333,0.00028228284668592424,0,0
"4.0, 2.0, 2.0, 0.0, 2.0, 0.0","longitude, absolute_longitude, rms_log, net_us, nst_log, east_west",0.0,1.0,1.0,1,9.0,49585,49262,0.5,0.00019449340900954301,1,1
"0.0, 4.0, 0.0","absolute_longitude, dmin_log, east_west",1.0,0.20346349914002398,0.7272727272727273,1,20.09370563094695,49856,49264,0.25,0.0004342325897552358,16,22
"7.0, 7.0, 0.0","horizontalError_log, depth_signed_log, net_us",2.0,0.004115226337448558,0.3333333333333333,1,23.32,49699,49265,0.25,0.0005039540331225048,2,6
"3.0, 0.0","absolute_longitude, net_us",1.0,0.029050200323062714,0.4927536231884058,1,15.402578039804103,49979,49268,0.16666666666666666,0.0047942863998022035,34,69
"4.0, 0.0, 6.0","longitude, net_us, nst_log",1.0,1.0,1.0,1,16.4,49628,49275,0.25,0.000354410211972945,6,6
"4.0, 1.0, 0.0, 6.0, 6.0","longitude, horizontalError_log, net_us, nst_log, station_coverage",1.0,1.0,1.0,1,30.0,49433,49275,0.4166666666666667,0.0006483113633651434,1,1
"1.0, 0.0, 2.0, 4.0, 0.0","latitude, dmin_log, rms_log, horizontalError_log, net_us",0.0,0.2373046875,0.75,1,11.5,49997,49276,0.4166666666666667,0.0002485193559566383,3,4
"7.0, 1.0, 7.0","dmin_log, net_us, nst_log",5.0,0.20195413267088946,0.7261904761904762,1,30.44997689683185,49998,49277,0.25,0.0006580355345474058,61,84
"1.0, 2.0, 0.0, 0.0","longitude, depthError_log, net_us, east_west",0.0,0.0003200000000000001,0.2,1,19.818944,49990,49280,0.3333333333333333,0.00042829488683658086,2,10
"1.0, 7.0, 1.0, 0.0","longitude, latitude, nst_log, east_west",0.0,0.012112397339567166,0.6383928571428572,1,21.124952645632,49280,49280,0.3333333333333333,0.0004565182283571258,0,0
"0.0, 0.0","net_us, nst_log",0.0,0.1765140646801405,0.7068965517241379,2,25.35305537445192,49992,49281,0.16666666666666666,0.0010957782596855265,41,58
"1.0, 3.0, 0.0, 0.0","absolute_longitude, horizontalError_log, net_us, nst_log",0.0,1.0,1.0,2,17.0,49992,49281,0.3333333333333333,0.0007347528784804958,3,3
"7.0, 3.0, 1.0, 6.0","longitude, latitude, east_west, station_coverage",4.0,1.0,1.0,1,13.0,49921,49284,0.3333333333333333,0.00028093492412489547,1,1
"7.0, 0.0, 7.0, 1.0, 1.0","longitude, absolute_longitude, depthError_log, net_us, east_west",4.0,1.0,1.0,1,21.75,49952,49284,0.4166666666666667,0.0004700257384397289,4,4
"1.0, 4.0, 0.0","latitude, dmin_log, east_west",1.0,0.46266436603796024,0.8571428571428571,3,20.650704368276603,49856,49285,0.25,0.0013388086303447926,18,21
"7.0, 5.0, 7.0, 7.0, 6.0, 7.0, 1.0","longitude, latitude, absolute_longitude, dmin_log, horizontalError_log, depthError_log, net_us",3.0,1.0,1.0,1,31.0,49830,49286,0.5833333333333334,0.0006699217421439814,1,1
"7.0, 5.0, 7.0, 7.0, 3.0","longitude, latitude, absolute_longitude, dmin_log, nst_log",3.0,1.0,1.0,1,29.25,49750,49286,0.4166666666666667,0.0006321035792810147,4,4
"1.0, 1.0, 1.0, 3.0","latitude, net_us, east_west, station_coverage",4,1.0,1.0,1,13.0,49498,49294,0.3333333333333333,0.00028093492412489547,2,2
"5.0, 1.0, 3.0, 0.0","absolute_longitude, dmin_log, horizontalError_log, east_west",0.0,1.0,1.0,1,39.666666666666664,49855,49295,0.3333333333333333,0.0008572116915605784,3,3
"7.0, 5.0, 5.0, 1.0, 6.0","longitude, depth_signed_log, depthError_log, net_us, nst_log",4,0.512908935546875,0.875,1,23.1744,49962,49303,0.4166666666666667,0.0005008075619723059,7,8
"2.0, 4.0, 3.0, 0.0, 4.0","longitude, absolute_longitude, dmin_log, net_us, station_coverage",0.0,1.0,1.0,1,6.0,49417,49305,0.4166666666666667,0.00012966227267302867,1,1
"5.0, 7.0, 6.0, 0.0, 0.0, 5.0","rms_log, depth_signed_log, depthError_log, net_us, east_west, station_coverage",1.0,1.0,1.0,1,17.0,49887,49306,0.5,0.0003673764392402479,1,1
"7.0, 7.0, 1.0, 1.0, 6.0","rms_log, depth_signed_log, net_us, east_west, station_coverage",4,0.2373046875,0.75,1,14.75,49921,49310,0.4166666666666667,0.00031875308698786213,3,4
"5.0, 2.0, 1.0, 5.0, 0.0, 6.0","longitude, latitude, horizontalError_log, depth_signed_log, net_us, nst_log",0.0,1.0,1.0,1,20.0,49791,49312,0.5,0.00043220757557676224,1,1
"6.0, 1.0, 5.0, 3.0, 2.0, 4.0, 0.0","longitude, absolute_longitude, dmin_log, depth_signed_log, depthError_log, nst_log, east_west",1.0,1.0,1.0,1,7.0,49313,49313,0.5833333333333334,0.00015127265145186677,1,1
"7.0, 7.0, 7.0, 6.0, 5.0, 1.0","longitude, dmin_log, rms_log, horizontalError_log, depthError_log, net_us",5.0,0.0063582343481257495,0.36363636363636365,1,30.220672,49635,49314,0.5,0.0006530801688710271,4,11
"7.0, 0.0, 3.0, 1.0, 5.0","longitude, latitude, absolute_longitude, net_us, station_coverage",5.0,0.06092699470458736,0.5714285714285714,1,16.312,49932,49314,0.4166666666666667,0.0003525084986404073,4,7
"3.0, 4.0, 0.0, 0.0, 1.0, 0.0","longitude, latitude, dmin_log, rms_log, nst_log, east_west",0.0,1.0,1.0,1,31.6656,49916,49315,0.5,0.0006843056102591762,8,8
"6.0, 0.0, 6.0, 7.0, 1.0, 0.0","longitude, latitude, horizontalError_log, depthError_log, net_us, east_west",4.0,0.03125,0.5,1,23.0,49897,49317,0.5,0.0004970387119132766,1,2
"6.0, 0.0, 7.0","longitude, absolute_longitude, depthError_log",4.0,0.0009765625,0.25,1,19.0,49897,49317,0.25,0.0004105971967979241,1,4
"7.0, 5.0, 7.0, 1.0","longitude, latitude, absolute_longitude, net_us",3.0,0.512908935546875,0.875,1,30.010232283136,49917,49319,0.3333333333333333,0.0006485324868794846,14,16
"0.0, 2.0, 2.0, 0.0, 0.0","rms_log, horizontalError_log, depthError_log, net_us, east_west",1,0.0,0.0,1,20.333333333333332,49321,49321,0.4166666666666667,0.00043941103516970825,0,3
"4.0, 0.0, 2.0, 0.0","absolute_longitude, rms_log, horizontalError_log, east_west",0.0,0.620921323059155,0.9090909090909091,1,29.8553088,49945,49321,0.3333333333333333,0.0006451845317271787,10,11
"6.0, 4.0, 0.0, 0.0","latitude, depthError_log, nst_log, east_west",0.0,1.0,1.0,1,27.0,49958,49323,0.3333333333333333,0.000583480227028629,3,3
"6.0, 6.0, 6.0, 0.0, 0.0","latitude, absolute_longitude, depth_signed_log, nst_log, station_coverage",0.0,0.0795245,0.95,1,26.0,49323,49323,0.4166666666666667,0.0005618698482497909,0,0
"3.0, 0.0, 0.0, 0.0, 4.0","longitude, rms_log, depthError_log, net_us, station_coverage",0.0,1.0,1.0,1,11.0,49502,49324,0.4166666666666667,0.00023771416656721923,1,1
"5.0, 7.0, 6.0, 0.0, 7.0","dmin_log, rms_log, nst_log, east_west, station_coverage",2,1.0,1.0,1,10.0,49629,49329,0.4166666666666667,0.00021610378778838112,1,1
"7.0, 0.0, 4.0, 4.0, 0.0, 0.0","longitude, absolute_longitude, dmin_log, depthError_log, nst_log, east_west",2.0,0.1,1.0,1,16.0,49332,49332,0.5,0.00034576606046140976,0,0
"2.0, 5.0, 5.0, 7.0","longitude, absolute_longitude, depth_signed_log, nst_log",2.0,0.003125,0.5,1,20.468096,49334,49334,0.3333333333333333,0.0004423233074416212,0,0
"0.0, 4.0, 0.0, 5.0, 0.0","absolute_longitude, rms_log, net_us, nst_log, east_west",1.0,0.05658436213991769,0.8333333333333333,1,11.0,49336,49336,0.4166666666666667,0.00023771416656721923,0,0
"7.0, 4.0, 5.0, 5.0, 1.0, 6.0","longitude, absolute_longitude, depth_signed_log, depthError_log, net_us, nst_log",4,1.0,1.0,2,25.5,49874,49338,0.5,0.0011021293177207437,2,2
"7.0, 6.0, 5.0, 1.0, 6.0","longitude, horizontalError_log, depthError_log, net_us, nst_log",4,0.2373046875,0.75,1,23.25,49874,49338,0.4166666666666667,0.0005024413066079861,3,4
"0.0, 5.0, 7.0","latitude, depthError_log, nst_log",5.0,0.3066820026178275,0.7894736842105263,2,33.47379908542464,49989,49339,0.25,0.0014467629548055023,15,19
"1.0, 0.0, 5.0, 5.0, 4.0, 0.0, 3.0","latitude, dmin_log, rms_log, horizontalError_log, depthError_log, net_us, station_coverage",1.0,0.1,1.0,1,4.0,49340,49340,0.5833333333333334,8.644151511535244e-05,0,0
"1.0, 0.0, 3.0, 7.0, 7.0","latitude, dmin_log, depth_signed_log, nst_log, station_coverage",2.0,0.00041152263374485585,0.3333333333333333,1,15.940628803420163,49343,49343,0.4166666666666667,0.0003444830264147666,0,0
"6.0, 5.0, 4.0, 0.0, 0.0","dmin_log, rms_log, depth_signed_log, net_us, east_west",2.0,0.00041152263374485585,0.3333333333333333,1,23.666666666666668,49346,49346,0.4166666666666667,0.0005114456310991687,0,0
"7.0, 5.0, 0.0, 0.0","longitude, rms_log, net_us, east_west",2.0,0.0,0.0,1,20.5,49346,49346,0.3333333333333333,0.0004430127649661813,0,2
"0.0, 6.0, 5.0, 7.0, 7.0, 5.0, 4.0, 2.0","longitude, latitude, dmin_log, rms_log, depth_signed_log, depthError_log, nst_log, station_coverage",2.0,1.0,1.0,1,8.0,49348,49348,0.6666666666666666,0.00017288303023070488,1,1
"0.0, 3.0","latitude, station_coverage",4,0.04158799090330928,0.5294117647058824,2,15.1978050584576,49984,49355,0.16666666666666666,0.0006568606478404213,9,17
"7.0, 7.0, 1.0, 1.0, 5.0","depth_signed_log, depthError_log, net_us, east_west, station_coverage",4,1.0,1.0,1,21.75,49935,49357,0.4166666666666667,0.0004700257384397289,4,4
"0.0, 0.0, 5.0, 0.0","latitude, absolute_longitude, dmin_log, station_coverage",3.0,0.004115226337448558,0.3333333333333333,1,15.666666666666666,49934,49358,0.3333333333333333,0.00033856260086846375,1,3
"7.0, 0.0, 0.0, 5.0, 0.0","longitude, latitude, absolute_longitude, dmin_log, net_us",3.0,0.18593443208187066,0.7142857142857143,1,16.816,49956,49358,0.4166666666666667,0.00036340012954494167,5,7
"1.0, 1.0, 7.0, 1.0","latitude, net_us, nst_log, east_west",4,0.07775999999999998,0.6,1,23.4,49914,49361,0.3333333333333333,0.0005056828634248118,3,5
"7.0, 0.0, 7.0, 1.0, 4.0","longitude, latitude, horizontalError_log, net_us, station_coverage",4.0,0.3276800000000001,0.8,1,19.8,49941,49363,0.4166666666666667,0.0004278854998209946,4,5
"2.0, 7.0, 4.0, 6.0, 6.0, 0.0","longitude, latitude, absolute_longitude, rms_log, horizontalError_log, east_west",1.0,1.0,1.0,1,26.666666666666668,49972,49368,0.5,0.000576276767435683,3,3
"6.0, 5.0, 7.0, 7.0, 0.0","rms_log, horizontalError_log, depth_signed_log, nst_log, east_west",2.0,0.3276800000000001,0.8,1,28.6,49805,49369,0.4166666666666667,0.00061805683307477,4,5
"1.0, 5.0, 5.0, 6.0, 7.0, 7.0, 0.0","longitude, absolute_longitude, dmin_log, rms_log, depth_signed_log, nst_log, east_west",2.0,0.061865234375,0.875,1,24.7152,49369,49369,0.5833333333333334,0.0005341048335947397,0,0
"2.0, 4.0, 4.0, 5.0, 4.0, 5.0, 6.0, 4.0","longitude, latitude, absolute_longitude, dmin_log, rms_log, horizontalError_log, depth_signed_log, depthError_log",3.0,1.0,1.0,2,9.5,49767,49371,0.6666666666666666,0.0004105971967979241,2,2
"6.0, 6.0, 7.0, 0.0, 0.0","latitude, absolute_longitude, depthError_log, net_us, east_west",2.0,0.03125,0.5,1,18.0672,49966,49374,0.4166666666666667,0.0003904390354730239,4,8
"0.0, 7.0, 1.0, 3.0","latitude, depthError_log, east_west, station_coverage",4.0,0.1,1.0,1,22.0,49376,49376,0.3333333333333333,0.00047542833313443845,0,0
"6.0, 1.0, 4.0, 0.0, 0.0","longitude, latitude, dmin_log, net_us, east_west",1.0,0.401877572016461,0.8333333333333334,2,20.45542845104128,49856,49378,0.4166666666666667,0.0008840991138208476,15,18
"7.0, 5.0, 7.0, 6.0, 1.0, 2.0","longitude, latitude, absolute_longitude, rms_log, net_us, nst_log",3.0,1.0,1.0,1,34.333333333333336,49562,49379,0.5,0.0007419563380734418,3,3
"7.0, 5.0, 6.0, 5.0, 0.0","latitude, absolute_longitude, rms_log, horizontalError_log, net_us",1.0,0.019403791345598595,0.45454545454545453,1,22.852121599999997,49808,49381,0.4166666666666667,0.0004938430036760679,5,11
"6.0, 5.0, 7.0, 1.0","absolute_longitude, rms_log, depthError_log, nst_log",1.0,0.0,0.0,1,18.0,49384,49384,0.3333333333333333,0.00038898681801908603,0,1
"7.0, 7.0, 6.0, 7.0, 1.0","longitude, dmin_log, rms_log, depthError_log, net_us",4,0.03125,0.5,1,26.52660992,49952,49386,0.4166666666666667,0.0005732500880896845,6,12
"0.0, 4.0, 4.0, 4.0, 0.0, 0.0","absolute_longitude, dmin_log, horizontalError_log, depthError_log, net_us, east_west",0.0,0.0009765625,0.25,1,19.75,49677,49388,0.5,0.0004268049808820527,1,4
"7.0, 1.0, 7.0, 0.0, 7.0","dmin_log, net_us, nst_log, east_west, station_coverage",5.0,1.0,1.0,1,40.15781632,49995,49389,0.4166666666666667,0.0008678256216062068,12,12
"2.0, 0.0, 1.0, 7.0, 0.0, 7.0","absolute_longitude, horizontalError_log, depthError_log, nst_log, east_west, station_coverage",1.0,0.0,0.0,1,18.0,49391,49391,0.5,0.00038898681801908603,0,1
"6.0, 7.0, 6.0, 7.0, 7.0, 0.0, 0.0","latitude, absolute_longitude, dmin_log, horizontalError_log, depthError_log, net_us, east_west",2.0,1.0,1.0,1,35.333333333333336,49970,49396,0.5833333333333334,0.00076356671685228,3,3
"5.0, 4.0, 3.0, 1.0, 1.0","latitude, dmin_log, depth_signed_log, nst_log, station_coverage",0.0,1.0,1.0,1,10.0,49397,49397,0.4166666666666667,0.00021610378778838112,1,1
"3.0, 4.0, 3.0, 0.0, 0.0","longitude, latitude, horizontalError_log, net_us, nst_log",0.0,0.0,0.0,1,25.0,49398,49398,0.4166666666666667,0.0005402594694709527,0,1
"4.0, 0.0, 3.0, 0.0","absolute_longitude, rms_log, horizontalError_log, east_west",0.0,1.0,1.0,1,28.5,49723,49398,0.3333333333333333,0.0006158957951968862,4,4
"4.0, 1.0, 1.0, 7.0","latitude, dmin_log, depth_signed_log, nst_log",3.0,0.004115226337448558,0.3333333333333333,1,12.333333333333334,49399,49399,0.3333333333333333,0.0002665280049390034,1,3
"7.0, 5.0, 7.0, 7.0, 3.0, 1.0","longitude, latitude, absolute_longitude, rms_log, nst_log, east_west",3.0,0.2373046875,0.75,1,30.25,49750,49400,0.5,0.0006537139580598529,3,4
"5.0, 0.0, 2.0, 0.0, 0.0","longitude, dmin_log, horizontalError_log, net_us, east_west",0.0,0.13168724279835387,0.6666666666666666,1,19.666666666666668,49688,49402,0.4166666666666667,0.00042500411598381623,2,3
"0.0, 6.0, 7.0, 1.0, 4.0","longitude, absolute_longitude, depth_signed_log, net_us, nst_log",2.0,0.00041152263374485585,0.3333333333333333,1,15.061924720639999,49404,49404,0.4166666666666667,0.00032549389835137576,0,0
"6.0, 7.0, 1.0","absolute_longitude, depth_signed_log, net_us",2.0,1.0000000000000003e-05,0.1,1,17.677951999999998,49771,49404,0.25,0.0003820272387541187,1,10
"1.0, 7.0, 5.0, 0.0, 0.0, 0.0, 0.0","longitude, latitude, absolute_longitude, net_us, nst_log, east_west, station_coverage",0.0,1.0,1.0,2,35.222566400000005,49990,49406,0.5833333333333334,0.0015223460029335529,11,11
"4.0, 2.0, 0.0, 0.0, 7.0, 0.0","longitude, absolute_longitude, depthError_log, net_us, nst_log, east_west",3,0.0,0.0,1,11.0,49407,49407,0.5,0.00023771416656721923,0,1
"4.0, 2.0, 0.0, 1.0","longitude, horizontalError_log, net_us, station_coverage",0.0,0.1,1.0,1,14.0,49411,49411,0.3333333333333333,0.00030254530290373355,0,0
"2.0, 6.0","horizontalError_log, station_coverage",5,0.0,0.0,1,17.5,49413,49413,0.16666666666666666,0.00037818162862966693,0,2
"7.0, 5.0, 1.0, 1.0, 0.0","latitude, absolute_longitude, dmin_log, nst_log, east_west",0.0,0.05332145038771685,0.7906976744186047,1,15.83926428024171,49414,49414,0.4166666666666667,0.00034229250067414397,0,0
"4.0, 3.0, 0.0, 2.0, 0.0","latitude, dmin_log, rms_log, depth_signed_log, east_west",0.0,0.06497246311060867,0.8928571428571428,1,22.395008,49417,49417,0.4166666666666667,0.00048396460563510975,0,0
"0.0, 7.0, 5.0, 5.0, 0.0","longitude, dmin_log, depth_signed_log, depthError_log, east_west",5.0,0.004115226337448558,0.3333333333333333,1,19.0656,49894,49422,0.4166666666666667,0.00041201483764581587,3,9
"0.0, 7.0, 5.0, 0.0","latitude, dmin_log, depth_signed_log, east_west",5.0,0.08250009529139642,0.6071428571428571,1,28.465512719144098,49995,49422,0.3333333333333333,0.000615150511994538,17,28
"2.0, 0.0, 1.0","absolute_longitude, horizontalError_log, depthError_log",2.0,0.0009765625,0.25,1,20.75,49424,49424,0.25,0.00044841535966089083,1,4
"0.0, 6.0, 1.0, 1.0, 3.0","latitude, horizontalError_log, net_us, east_west, station_coverage",4,1.0,1.0,1,23.0,49683,49426,0.4166666666666667,0.0004970387119132766,1,1
"1.0, 4.0","absolute_longitude, dmin_log",0.0,0.10979242280002384,0.6428571428571429,1,17.4504764416,49977,49429,0.16666666666666666,0.00037711140577416705,9,14
"3.0, 0.0, 0.0, 5.0","latitude, net_us, east_west, station_coverage",1.0,0.03125,0.5,1,20.6,49827,49431,0.3333333333333333,0.00044517380284406514,3,6
"7.0, 5.0, 7.0, 7.0, 3.0","longitude, latitude, absolute_longitude, dmin_log, nst_log",2,0.0,0.0,1,33.5,49435,49435,0.4166666666666667,0.0007239476890910767,0,2
"0.0, 6.0, 6.0, 0.0","longitude, dmin_log, rms_log, net_us",2.0,0.3666478320532007,0.8181818181818182,1,27.7863936,49970,49436,0.3333333333333333,0.0006004744905938832,9,11
"0.0, 4.0, 4.0, 4.0, 0.0, 1.0","latitude, dmin_log, horizontalError_log, depthError_log, net_us, station_coverage",1.0,0.1,1.0,1,18.0,49438,49438,0.5,0.00038898681801908603,0,0
"0.0, 7.0, 6.0, 0.0, 0.0, 2.0","longitude, absolute_longitude, depth_signed_log, net_us, east_west, station_coverage",2.0,0.03125,0.5,1,23.0,49943,49441,0.5,0.0004970387119132766,1,2
"0.0, 7.0, 6.0, 1.0, 7.0, 1.0, 7.0","latitude, dmin_log, depthError_log, net_us, nst_log, east_west, station_coverage",5.0,1.0,1.0,1,42.0,49998,49442,0.5833333333333334,0.0009076359087112006,2,2
"7.0, 0.0, 4.0, 7.0, 1.0, 7.0, 7.0","longitude, latitude, absolute_longitude, dmin_log, net_us, nst_log, station_coverage",5.0,0.3276800000000001,0.8,1,43.82364268544,49998,49442,0.5833333333333334,0.0009470455179008166,12,15
"2.0, 2.0, 3.0, 0.0","absolute_longitude, rms_log, nst_log, east_west",0.0,1.0,1.0,1,17.0,49667,49443,0.3333333333333333,0.0003673764392402479,1,1
"1.0, 5.0, 0.0, 0.0, 0.0","longitude, absolute_longitude, nst_log, east_west, station_coverage",0.0,1.0,1.0,2,36.21216,49990,49445,0.4166666666666667,0.0015651169879997806,9,9
"0.0, 0.0, 7.0, 5.0, 0.0, 6.0","latitude, absolute_longitude, dmin_log, depth_signed_log, east_west, station_coverage",5.0,1.0,1.0,1,18.5,49832,49446,0.5,0.00039979200740850507,2,2
"0.0, 0.0, 7.0, 0.0","latitude, absolute_longitude, dmin_log, east_west",5.0,0.040386107340619246,0.5263157894736842,1,25.053238421356543,49883,49446,0.3333333333333333,0.0005414099719220551,10,19
"1.0, 1.0, 6.0","latitude, east_west, station_coverage",4.0,1.0,1.0,2,24.0,49457,49450,0.25,0.0010372981813842293,1,1
"7.0, 0.0, 7.0, 1.0","longitude, absolute_longitude, depthError_log, east_west",4,1.0,1.0,1,22.666666666666668,49952,49450,0.3333333333333333,0.0004898352523203305,3,3
"3.0, 0.0, 0.0","absolute_longitude, horizontalError_log, net_us",1.0,0.00019869482337892967,0.18181818181818182,1,13.9914496,49979,49453,0.25,0.00030236052552102296,2,11
"3.0, 1.0, 0.0","absolute_longitude, rms_log, net_us",1.0,0.023078380428451596,0.47058823529411764,1,15.455401058304,49827,49453,0.25,0.00033399707104880485,8,17
"5.0, 3.0","longitude, rms_log",0.0,0.46266436603796024,0.8571428571428571,3,20.445380915199998,49985,49454,0.16666666666666666,0.0013254972775652992,12,14
"7.0, 5.0, 7.0, 0.0, 7.0, 7.0","rms_log, horizontalError_log, depth_signed_log, net_us, nst_log, station_coverage",3.0,0.2373046875,0.75,1,25.75,49845,49455,0.5,0.0005564672535550814,3,4
"1.0, 7.0, 5.0, 7.0, 0.0, 7.0, 0.0, 7.0","longitude, rms_log, horizontalError_log, depth_signed_log, net_us, nst_log, east_west, station_coverage",3.0,1.0,1.0,2,25.666666666666668,49845,49455,0.6666666666666666,0.0011093327773136897,3,3
"0.0, 5.0, 1.0, 7.0, 1.0","absolute_longitude, depthError_log, net_us, nst_log, east_west",4,0.0,0.0,1,28.5,49457,49457,0.4166666666666667,0.0006158957951968862,0,2
"2.0, 7.0, 6.0, 6.0, 6.0, 0.0","longitude, latitude, dmin_log, rms_log, horizontalError_log, net_us",1.0,1.0,1.0,1,32.666666666666664,49972,49459,0.5,0.0007059390401087115,3,3
"2.0, 7.0, 6.0, 6.0, 0.0, 0.0","longitude, latitude, dmin_log, horizontalError_log, net_us, east_west",1.0,1.0,1.0,1,32.4,49972,49459,0.5,0.0007001762724343548,5,5
"7.0, 6.0, 4.0, 0.0","longitude, dmin_log, horizontalError_log, net_us",3.0,1.0,1.0,1,25.304000000000002,49937,49461,0.3333333333333333,0.0005468290246197197,7,7
"0.0, 5.0, 5.0, 1.0, 7.0, 7.0","latitude, depth_signed_log, depthError_log, net_us, nst_log, station_coverage",5.0,0.18593443208187066,0.7142857142857143,1,45.391999999999996,49989,49466,0.5,0.0009809383135290194,5,7
"4.0, 0.0, 0.0, 3.0","dmin_log, net_us, east_west, station_coverage",1.0,0.07775999999999998,0.6,1,13.305663999999998,49926,49471,0.3333333333333333,0.00028754043894395017,6,10
"0.0, 4.0, 4.0, 0.0","absolute_longitude, dmin_log, depth_signed_log, east_west",1.0,0.13168724279835387,0.6666666666666666,1,21.4,49856,49471,0.3333333333333333,0.00046246210586713555,4,6
"3.0, 0.0, 0.0, 0.0","absolute_longitude, net_us, nst_log, east_west",0.0,0.004115226337448558,0.3333333333333333,1,19.666666666666668,49671,49472,0.3333333333333333,0.00042500411598381623,1,3
"3.0, 2.0, 3.0, 0.0, 0.0","longitude, dmin_log, horizontalError_log, net_us, nst_log",0.0,0.07564544677734375,0.9375,1,18.4608,49472,49472,0.4166666666666667,0.0003989448805603746,0,0
"7.0, 5.0, 4.0","dmin_log, depthError_log, station_coverage",4.0,0.3276800000000001,0.8,1,21.4,49962,49474,0.25,0.00046246210586713555,4,5
"4.0, 2.0, 3.0, 1.0, 0.0, 6.0","longitude, absolute_longitude, rms_log, depthError_log, net_us, nst_log",1.0,0.1,1.0,1,17.16,49476,49476,0.5,0.000370834099844862,0,0
"7.0, 7.0, 1.0, 7.0, 7.0","longitude, dmin_log, net_us, nst_log, station_coverage",5.0,0.2495343537242618,0.7575757575757576,1,32.70222070016413,49998,49478,0.4166666666666667,0.0007067073762397074,25,33
"7.0, 7.0, 7.0, 6.0, 1.0","longitude, absolute_longitude, dmin_log, depth_signed_log, east_west",3.0,1.0,1.0,1,30.6,49860,49479,0.4166666666666667,0.0006612775906324462,5,5
"7.0, 7.0, 5.0, 1.0, 7.0, 7.0","longitude, dmin_log, depthError_log, net_us, nst_log, station_coverage",4.0,5.949901826619859e-05,0.14285714285714285,2,39.688,49833,49480,0.5,0.001715345425949054,1,7
"1.0, 0.0, 0.0","dmin_log, net_us, nst_log",0.0,0.5904900000000001,0.9,1,30.715328,49992,49481,0.25,0.0006637698723962521,9,10
"7.0, 7.0","longitude, absolute_longitude",3.0,0.3666478320532007,0.8181818181818182,1,30.31548378107819,49917,49483,0.16666666666666666,0.000655129087372823,18,22
"3.0, 4.0, 0.0, 1.0, 6.0","longitude, latitude, rms_log, depth_signed_log, station_coverage",1.0,0.1,1.0,1,27.0,49486,49486,0.4166666666666667,0.000583480227028629,0,0
"7.0, 0.0, 5.0, 7.0, 1.0, 4.0","longitude, latitude, absolute_longitude, depth_signed_log, net_us, station_coverage",4.0,0.1,1.0,1,33.0,49488,49488,0.5,0.0007131424997016577,0,0
"0.0, 1.0, 3.0, 2.0","latitude, net_us, nst_log, station_coverage",4,1.0,1.0,1,24.8,49933,49489,0.3333333333333333,0.0005359373937151851,5,5
"1.0, 0.0, 6.0, 3.0, 0.0","longitude, latitude, depth_signed_log, depthError_log, net_us",1.0,1.0,1.0,1,18.0,49829,49491,0.4166666666666667,0.00038898681801908603,1,1
"1.0, 0.0, 6.0, 4.0, 0.0","longitude, latitude, absolute_longitude, horizontalError_log, east_west",1.0,1.0,1.0,2,20.535999999999998,49946,49491,0.4166666666666667,0.0008875814772044389,7,7
"6.0, 7.0, 6.0, 1.0, 6.0","latitude, absolute_longitude, dmin_log, net_us, nst_log",3,0.009476709214604372,0.6225806451612903,1,16.696171500141382,49495,49495,0.4166666666666667,0.000360810590274497,0,0
"2.0, 2.0, 0.0, 0.0, 2.0","dmin_log, depth_signed_log, net_us, east_west, station_coverage",0.0,0.1,1.0,1,25.79777188322614,49497,49497,0.4166666666666667,0.0005574996220465767,0,0
"4.0, 3.0, 2.0, 2.0","longitude, latitude, absolute_longitude, nst_log",2,0.0,0.0,1,9.0,49499,49499,0.3333333333333333,0.00019449340900954301,0,1
"5.0, 3.0, 1.0, 0.0, 0.0","longitude, latitude, horizontalError_log, depthError_log, east_west",1.0,0.13168724279835387,0.6666666666666666,1,33.666666666666664,49944,49500,0.4166666666666667,0.0007275494188875497,2,3
"5.0, 3.0, 1.0, 0.0, 0.0, 0.0","longitude, latitude, horizontalError_log, depthError_log, net_us, east_west",1.0,0.13168724279835387,0.6666666666666666,1,33.666666666666664,49944,49500,0.5,0.0007275494188875497,2,3
"1.0, 0.0, 6.0, 4.0, 4.0, 0.0","longitude, latitude, absolute_longitude, horizontalError_log, depthError_log, east_west",1.0,1.0,1.0,1,29.0,49946,49501,0.5,0.0006267009845863053,2,2
"3.0, 0.0, 0.0, 0.0, 0.0","longitude, rms_log, depthError_log, net_us, east_west",0.0,0.0009765625,0.25,1,21.5,49987,49502,0.4166666666666667,0.0004646231437450194,1,4
"7.0, 7.0, 7.0, 1.0, 7.0","longitude, dmin_log, nst_log, east_west, station_coverage",5.0,0.22301350200402018,0.7407407407407407,1,32.65979915821431,49998,49506,0.4166666666666667,0.0007057906306497894,20,27
"7.0, 5.0, 0.0, 4.0, 5.0","latitude, horizontalError_log, net_us, nst_log, station_coverage",1.0,0.2373046875,0.75,1,25.0,49691,49507,0.4166666666666667,0.0005402594694709527,3,4
"7.0, 6.0, 0.0, 4.0","latitude, depthError_log, net_us, nst_log",1.0,0.3276800000000001,0.8,2,30.8,49691,49507,0.3333333333333333,0.0013311993327764276,4,5
"5.0, 3.0, 0.0, 1.0, 3.0","longitude, latitude, dmin_log, rms_log, station_coverage",0.0,0.1,1.0,1,19.0,49509,49509,0.4166666666666667,0.0004105971967979241,0,0
"3.0, 2.0, 0.0, 5.0","latitude, rms_log, east_west, station_coverage",1.0,0.03125,0.5,1,18.0,49637,49510,0.3333333333333333,0.00038898681801908603,1,2
"1.0, 4.0, 0.0","absolute_longitude, dmin_log, net_us",0.0,0.06754356352880661,0.5833333333333334,1,17.868229120000002,49977,49511,0.25,0.00038613919939026523,7,12
"7.0, 7.0, 1.0","longitude, absolute_longitude, nst_log",3.0,1.0,1.0,2,28.666666666666668,49910,49514,0.25,0.0012389950499867184,3,3
"1.0, 1.0, 4.0, 3.0, 2.0, 0.0","absolute_longitude, dmin_log, rms_log, depth_signed_log, depthError_log, net_us",1.0,1.0,1.0,1,6.0,49515,49515,0.5,0.00012966227267302867,1,1
"4.0, 4.0, 0.0, 0.0, 0.0, 0.0, 0.0, 0.0, 6.0","latitude, absolute_longitude, rms_log, horizontalError_log, depth_signed_log, depthError_log, net_us, east_west, station_coverage",1.0,1.0,1.0,1,17.0,49516,49516,0.75,0.0003673764392402479,1,1
"4.0, 0.0, 0.0","absolute_longitude, rms_log, east_west",0.0,0.4234790289079717,0.8421052631578947,2,28.619289020825597,49963,49519,0.25,0.0012369473522421681,16,19
"2.0, 7.0, 6.0, 5.0","longitude, latitude, rms_log, horizontalError_log",1.0,0.05292214940134466,0.5555555555555556,1,26.48864,49898,49520,0.3333333333333333,0.0005724295437362824,5,9
"7.0, 5.0, 0.0, 3.0","latitude, horizontalError_log, net_us, nst_log",1.0,1.0,1.0,2,19.240000000000002,49947,49520,0.3333333333333333,0.0008315673754096906,6,6
"3.0, 2.0, 0.0","absolute_longitude, horizontalError_log, east_west",1.0,0.004115226337448558,0.3333333333333333,2,15.68409088,49904,49521,0.25,0.0006778782894370407,4,12
"0.0, 5.0","net_us, station_coverage",1.0,0.07472287811932173,0.5952380952380952,1,18.356015111605196,49994,49521,0.16666666666666666,0.0003966804394318646,25,42
"6.0, 5.0, 0.0","rms_log, horizontalError_log, net_us",1.0,0.004115226337448558,0.3333333333333333,1,20.028339199999998,49898,49522,0.25,0.0004328199964230514,4,12
"2.0, 7.0, 6.0, 5.0, 0.0, 3.0","longitude, latitude, rms_log, horizontalError_log, net_us, nst_log",1.0,1.0,1.0,1,21.0,49898,49522,0.5,0.0004538179543556003,1,1
"2.0, 7.0, 0.0","longitude, latitude, depthError_log",2.0,0.13168724279835387,0.6666666666666666,2,13.333333333333334,49722,49523,0.25,0.000576276767435683,2,3
"5.0, 3.0, 1.0, 0.0","longitude, latitude, absolute_longitude, net_us",1.0,0.2373046875,0.75,1,26.5328,49944,49526,0.3333333333333333,0.0005733838580631559,6,8
"5.0, 3.0, 1.0, 0.0","longitude, latitude, depth_signed_log, net_us",1.0,0.07775999999999998,0.6,1,27.4,49944,49526,0.3333333333333333,0.0005921243785401642,3,5
"0.0, 7.0, 6.0, 0.0, 4.0","longitude, absolute_longitude, dmin_log, net_us, nst_log",5,0.0,0.0,1,38.0,49527,49527,0.4166666666666667,0.0008211943935958482,0,2
"0.0, 4.0","longitude, nst_log",2.0,0.06092699470458736,0.5714285714285714,2,23.712,49970,49527,0.16666666666666666,0.0010248506032076185,4,7
"6.0, 1.0, 0.0, 4.0, 4.0, 0.0, 0.0","longitude, latitude, absolute_longitude, dmin_log, depth_signed_log, net_us, east_west",1.0,0.07775999999999998,0.6,1,22.0,49856,49529,0.5833333333333334,0.00047542833313443845,3,5
"0.0, 3.0, 0.0","absolute_longitude, depthError_log, east_west",1.0,0.00012860082304526745,0.16666666666666666,1,19.04,49539,49529,0.25,0.00041146161194907763,1,6
"5.0, 2.0, 1.0","longitude, latitude, absolute_longitude",0.0,1.0,1.0,1,22.664,49977,49530,0.25,0.000489777624643587,7,7
"7.0, 7.0, 6.0, 5.0, 1.0, 6.0","longitude, rms_log, horizontalError_log, depthError_log, net_us, nst_log",5,1.0,1.0,1,29.0,49601,49531,0.5,0.0006267009845863053,1,1
"7.0, 3.0, 6.0, 5.0, 1.0, 6.0","longitude, absolute_longitude, horizontalError_log, depthError_log, net_us, nst_log",4,0.0,0.0,1,29.0,49531,49531,0.5,0.0006267009845863053,0,1
"7.0, 5.0, 1.0, 7.0","dmin_log, depth_signed_log, east_west, station_coverage",5.0,0.6472278485082303,0.9166666666666666,1,46.81507072,49965,49532,0.3333333333333333,0.0010116914108172935,11,12
"7.0, 0.0, 7.0, 5.0, 1.0, 7.0, 1.0, 7.0","longitude, latitude, dmin_log, depth_signed_log, net_us, nst_log, east_west, station_coverage",5.0,0.5549289573066435,0.8888888888888888,1,54.240320000000004,49902,49532,0.6666666666666666,0.0011721538602853885,8,9
"7.0, 7.0, 7.0","dmin_log, depthError_log, station_coverage",5.0,0.03125,0.5,1,30.001984,49957,49533,0.25,0.0006483542383566406,5,10
"0.0, 0.0, 7.0, 0.0","latitude, net_us, nst_log, east_west",3.0,0.0,0.0,1,12.0,49534,49534,0.3333333333333333,0.00025932454534605733,0,2
"7.0, 0.0, 7.0, 1.0, 4.0","longitude, latitude, depth_signed_log, east_west, station_coverage",4.0,1.0,1.0,1,32.0,49731,49535,0.4166666666666667,0.0006915321209228195,2,2
"7.0, 5.0, 0.0, 5.0","latitude, horizontalError_log, net_us, station_coverage",1.0,0.2373046875,0.75,1,22.75,49809,49536,0.3333333333333333,0.000491636117218567,3,4
"1.0, 2.0","latitude, horizontalError_log",3,0.0,0.0,1,14.68,49538,49538,0.16666666666666666,0.0003172403604733435,0,6
"0.0, 3.0","absolute_longitude, horizontalError_log",1.0,0.010240000000000003,0.4,1,18.6,49856,49539,0.16666666666666666,0.00040195304528638893,2,5
"6.0, 0.0, 3.0, 4.0, 3.0, 0.0, 0.0","longitude, dmin_log, horizontalError_log, depth_signed_log, depthError_log, net_us, east_west",1.0,0.07009387860082306,0.9166666666666667,1,10.0,49539,49539,0.5833333333333334,0.00021610378778838112,0,0
"2.0, 7.0, 5.0","longitude, latitude, horizontalError_log",1.0,0.03125,0.5,1,22.76110502084608,49947,49540,0.25,0.0004918761009253977,9,18
"2.0, 7.0, 6.0, 0.0, 3.0","longitude, latitude, depthError_log, net_us, nst_log",1.0,1.0,1.0,1,24.2,49972,49540,0.4166666666666667,0.0005229711664478823,5,5
"7.0, 0.0, 7.0, 1.0, 7.0","longitude, absolute_longitude, depth_signed_log, net_us, station_coverage",0,0.0,0.0,1,19.0,49542,49542,0.4166666666666667,0.0004105971967979241,0,1
"4.0, 0.0, 0.0, 2.0","absolute_longitude, rms_log, east_west, station_coverage",0.0,1.0,1.0,1,34.0,49963,49544,0.3333333333333333,0.0007347528784804958,3,3
"5.0, 2.0, 1.0, 2.0, 0.0, 2.0, 0.0, 5.0","longitude, latitude, absolute_longitude, rms_log, horizontalError_log, depth_signed_log, net_us, nst_log",0.0,0.1,1.0,1,23.25,49545,49545,0.6666666666666666,0.0005024413066079861,0,0
"0.0, 0.0, 6.0, 1.0, 0.0, 7.0","latitude, absolute_longitude, depthError_log, net_us, east_west, station_coverage",5.0,1.0,1.0,1,31.333333333333332,49883,49547,0.5,0.0006771252017369275,3,3
"0.0, 5.0, 6.0, 7.0, 7.0","absolute_longitude, depth_signed_log, depthError_log, nst_log, station_coverage",5.0,1.0,1.0,1,30.0,49654,49547,0.4166666666666667,0.0006483113633651434,2,2
"3.0, 0.0","absolute_longitude, station_coverage",1.0,0.03125,0.5,1,17.0,49631,49548,0.16666666666666666,0.0003673764392402479,1,2
"2.0, 7.0, 5.0, 6.0, 6.0, 0.0","longitude, latitude, absolute_longitude, dmin_log, horizontalError_log, net_us",0,0.0,0.0,1,39.0,49549,49549,0.5,0.0008428047723746864,0,2
"2.0, 7.0, 0.0, 1.0","longitude, rms_log, net_us, nst_log",2.0,5.41922809869769e-05,0.2222222222222222,1,14.72384,49551,49551,0.3333333333333333,0.00031818775947900773,0,0
"6.0, 7.0, 2.0, 0.0","dmin_log, rms_log, depth_signed_log, net_us",2.0,0.004115226337448558,0.3333333333333333,1,13.666666666666666,49689,49551,0.3333333333333333,0.0002953418433107875,1,3
"7.0, 0.0","latitude, nst_log",0.0,0.620921323059155,0.9090909090909091,1,34.226419199999995,49990,49552,0.16666666666666666,0.0007396458831552972,10,11
"1.0, 0.0, 0.0, 0.0, 7.0, 7.0","rms_log, horizontalError_log, depthError_log, net_us, nst_log, station_coverage",2.0,1.0,1.0,1,15.333333333333334,49993,49553,0.5,0.00033135914127551774,3,3
"4.0, 3.0, 0.0","absolute_longitude, depthError_log, east_west",1.0,0.0,0.0,1,27.587200000000003,49557,49557,0.25,0.0005961698414475628,0,8
"5.0, 7.0, 6.0, 0.0","latitude, absolute_longitude, dmin_log, net_us",1,0.0,0.0,1,24.0,49558,49558,0.3333333333333333,0.0005186490906921147,0,5
"5.0, 7.0, 7.0","latitude, absolute_longitude, rms_log",3.0,0.3666478320532007,0.8181818181818182,1,24.073804799999998,49928,49558,0.25,0.000520244040375811,9,11
"0.0, 6.0, 0.0, 2.0","longitude, rms_log, net_us, nst_log",2.0,1.0,1.0,1,31.0,49785,49559,0.3333333333333333,0.0006699217421439814,1,1
"0.0, 6.0, 6.0, 7.0, 0.0","longitude, latitude, dmin_log, horizontalError_log, net_us",2.0,0.401877572016461,0.8333333333333334,1,29.6,49970,49559,0.4166666666666667,0.0006396672118536081,5,6
"2.0, 4.0, 4.0, 0.0","longitude, latitude, dmin_log, net_us",1.0,1.0,1.0,1,14.0,49926,49560,0.3333333333333333,0.00030254530290373355,1,1
"4.0, 3.0, 2.0, 0.0, 5.0","absolute_longitude, rms_log, depthError_log, net_us, station_coverage",1,0.006633190264917693,0.4583333333333333,1,9.006778879999999,49560,49560,0.4166666666666667,0.00019463990317403928,0,0
"5.0, 2.0, 1.0, 3.0, 0.0, 0.0","longitude, latitude, absolute_longitude, rms_log, net_us, east_west",0.0,1.0,1.0,1,26.0,49913,49565,0.5,0.0005618698482497909,1,1
"7.0, 5.0, 0.0, 4.0","latitude, absolute_longitude, net_us, nst_log",1.0,0.2373046875,0.75,1,23.25,49691,49569,0.3333333333333333,0.0005024413066079861,3,4
"3.0, 1.0, 0.0","latitude, depth_signed_log, net_us",1.0,0.0024299999999999994,0.3,1,23.044031999999998,49944,49570,0.25,0.0004979902601116663,3,10
"3.0, 1.0, 0.0, 2.0, 0.0, 0.0","latitude, absolute_longitude, dmin_log, depthError_log, net_us, east_west",1.0,0.1,1.0,1,15.0,49570,49570,0.5,0.0003241556816825717,0,0
"0.0, 5.0, 5.0","latitude, depth_signed_log, nst_log",5.0,0.014458261438686257,0.42857142857142855,1,16.095999999999997,49894,49572,0.25,0.0003478406568241782,3,7
"4.0, 5.0, 3.0, 0.0, 7.0, 0.0, 7.0","longitude, latitude, absolute_longitude, depth_signed_log, nst_log, east_west, station_coverage",2.0,1.0,1.0,1,10.0,49573,49573,0.5833333333333334,0.00021610378778838112,1,1
"7.0, 0.0, 0.0","latitude, nst_log, east_west",0.0,0.5904900000000001,0.9,1,33.951167999999996,49990,49574,0.25,0.0007336976004639675,9,10
"7.0, 4.0, 2.0, 2.0","longitude, absolute_longitude, nst_log, station_coverage",4,0.1,1.0,1,25.119999999999997,49576,49576,0.3333333333333333,0.0005428527149244133,0,0
"2.0, 1.0, 0.0","absolute_longitude, dmin_log, net_us",0.0,0.2373046875,0.75,1,13.25,49872,49579,0.25,0.00028633751881960496,3,4
"1.0, 3.0","net_us, station_coverage",4,0.014458261438686257,0.42857142857142855,1,13.7809166336,49984,49580,0.16666666666666666,0.0002978108283716866,6,14
"6.0, 7.0, 5.0, 7.0, 7.0","absolute_longitude, rms_log, horizontalError_log, nst_log, station_coverage",3.0,1.0,1.0,1,20.0,49774,49584,0.4166666666666667,0.00043220757557676224,2,2
"4.0, 2.0, 2.0, 0.0","longitude, absolute_longitude, rms_log, east_west",0.0,1.0,1.0,1,17.4,49751,49585,0.3333333333333333,0.0003760205907517831,5,5
"3.0, 2.0, 2.0, 1.0, 0.0, 0.0","latitude, absolute_longitude, rms_log, depth_signed_log, net_us, east_west",0.0,1.0,1.0,1,20.0,49603,49585,0.5,0.00043220757557676224,1,1
"1.0, 6.0, 3.0, 3.0, 6.0, 2.0, 0.0, 0.0, 5.0","longitude, absolute_longitude, dmin_log, rms_log, depth_signed_log, depthError_log, net_us, east_west, station_coverage",2.0,1.0,1.0,1,16.0,49586,49586,0.75,0.00034576606046140976,1,1
"3.0, 3.0, 0.0, 5.0","latitude, dmin_log, net_us, station_coverage",2.0,0.03125,0.5,1,16.5,49587,49587,0.3333333333333333,0.00035657124985082885,1,2
"6.0, 1.0, 0.0, 4.0, 4.0, 0.0","longitude, latitude, absolute_longitude, dmin_log, depth_signed_log, east_west",1.0,0.03125,0.5,1,24.5,49856,49588,0.5,0.0005294542800815338,2,4
"6.0, 0.0, 2.0, 3.0, 0.0","longitude, absolute_longitude, rms_log, horizontalError_log, net_us",0.0,0.0,0.0,1,21.0,49589,49589,0.4166666666666667,0.0004538179543556003,0,2
"5.0, 2.0, 1.0, 0.0","latitude, rms_log, nst_log, east_west",0.0,1.0,1.0,1,10.0,49996,49591,0.3333333333333333,0.00021610378778838112,1,1
"2.0, 3.0, 0.0, 1.0","rms_log, depthError_log, net_us, nst_log",0.0,0.0035818053670309625,0.513157894736842,1,10.5,49591,49591,0.3333333333333333,0.00022690897717780016,0,0
"5.0, 4.0, 7.0, 6.0, 5.0, 4.0, 0.0, 2.0","latitude, absolute_longitude, dmin_log, horizontalError_log, depthError_log, nst_log, east_west, station_coverage",4.0,0.1,1.0,1,7.5200000000000005,49592,49592,0.6666666666666666,0.0001625100484168626,0,0
"7.0, 7.0, 6.0, 6.0, 7.0, 1.0","longitude, absolute_longitude, rms_log, depth_signed_log, depthError_log, station_coverage",3.0,1.0,1.0,1,35.0,49741,49597,0.5,0.0007563632572593339,2,2
"3.0, 4.0, 0.0, 1.0","longitude, latitude, rms_log, nst_log",0.0,1.0,1.0,2,33.8438912,49945,49599,0.3333333333333333,0.001462758616363572,11,11
"6.0, 4.0","latitude, station_coverage",1.0,0.0,0.0,1,15.75,49600,49600,0.16666666666666666,0.00034036346576670027,0,4
"7.0, 0.0, 3.0, 7.0, 7.0, 6.0, 5.0, 1.0","longitude, latitude, absolute_longitude, dmin_log, rms_log, horizontalError_log, depthError_log, net_us",5.0,0.03125,0.5,1,39.5,49635,49601,0.6666666666666666,0.0008536099617641054,1,2
"7.0, 6.0, 7.0, 1.0","rms_log, horizontalError_log, depth_signed_log, net_us",5.0,0.002757929721271342,0.3076923076923077,1,27.498136576,49883,49601,0.3333333333333333,0.0005942451471195824,4,13
"3.0, 2.0, 1.0, 6.0","rms_log, horizontalError_log, depthError_log, station_coverage",1.0,0.0,0.0,1,18.0,49604,49604,0.3333333333333333,0.00038898681801908603,0,1
"4.0, 1.0, 0.0, 0.0, 5.0","absolute_longitude, rms_log, net_us, east_west, station_coverage",1.0,0.1,1.0,1,16.0,49605,49605,0.4166666666666667,0.00034576606046140976,0,0
"3.0, 0.0","dmin_log, east_west",0.0,0.03125,0.5,1,19.365469755558735,49985,49606,0.16666666666666666,0.005603478403951316,16,32
"0.0, 4.0","east_west, station_coverage",0.0,0.010950846084540578,0.40540540540540543,1,15.66599535539721,49997,49606,0.16666666666666666,0.01293570212534276,15,37
"6.0, 0.0, 4.0, 0.0, 3.0","longitude, absolute_longitude, dmin_log, net_us, station_coverage",1.0,1.0,1.0,1,17.0,49607,49607,0.4166666666666667,0.0003673764392402479,1,1
"7.0, 0.0, 6.0, 6.0, 0.0, 2.0, 0.0","longitude, absolute_longitude, dmin_log, depth_signed_log, net_us, nst_log, east_west",3.0,0.094388026602679,0.9882352941176471,1,23.485495808000003,49610,49610,0.5833333333333334,0.0005075304602196947,0,0
"6.0, 5.0, 1.0, 0.0","dmin_log, depth_signed_log, net_us, east_west",2.0,0.0,0.0,1,19.0,49611,49611,0.3333333333333333,0.0004105971967979241,0,3
"6.0, 5.0, 0.0","dmin_log, rms_log, net_us",2.0,0.13168724279835387,0.6666666666666666,1,21.0,49969,49612,0.25,0.0004538179543556003,2,3
"4.0, 2.0, 5.0, 5.0","longitude, latitude, nst_log, station_coverage",0.0,1.0,1.0,1,19.0,49648,49615,0.3333333333333333,0.0004105971967979241,1,1
"1.0, 7.0, 5.0, 4.0, 7.0, 0.0","longitude, latitude, absolute_longitude, horizontalError_log, nst_log, east_west",5.0,0.05000000420826679,0.5192307692307693,1,14.666666666666666,49618,49618,0.5,0.0003169522220896256,0,0
"5.0, 1.0, 4.0, 0.0, 5.0, 0.0, 7.0, 0.0, 7.0","longitude, absolute_longitude, dmin_log, horizontalError_log, depth_signed_log, net_us, nst_log, east_west, station_coverage",1.0,0.1,1.0,1,19.0,49619,49619,0.75,0.0004105971967979241,0,0
"0.0, 0.0, 7.0, 7.0, 5.0","latitude, absolute_longitude, dmin_log, horizontalError_log, depth_signed_log",5.0,0.03125,0.5,1,29.32,49832,49621,0.4166666666666667,0.0006336163057955335,3,6
"0.0, 0.0, 7.0, 5.0, 7.0, 0.0, 6.0","latitude, absolute_longitude, dmin_log, depth_signed_log, nst_log, east_west, station_coverage",5.0,0.1,1.0,1,24.0,49621,49621,0.5833333333333334,0.0005186490906921147,0,0
"7.0, 7.0, 6.0, 1.0","longitude, depthError_log, nst_log, east_west",4,1.0,1.0,1,27.333333333333332,49865,49622,0.3333333333333333,0.000590683686621575,3,3
"7.0, 0.0, 6.0, 7.0, 1.0, 1.0, 5.0","longitude, absolute_longitude, horizontalError_log, depthError_log, net_us, east_west, station_coverage",4,0.1,1.0,1,25.0,49622,49622,0.5833333333333334,0.0005402594694709527,0,0
"0.0, 6.0, 0.0","latitude, dmin_log, net_us",3.0,0.401877572016461,0.8333333333333334,1,20.44,49937,49627,0.25,0.00044171614223945105,5,6
"4.0, 2.0, 1.0, 3.0, 6.0","longitude, latitude, horizontalError_log, depth_signed_log, nst_log",1.0,0.1,1.0,1,20.0,49628,49628,0.4166666666666667,0.00043220757557676224,0,0
"4.0, 0.0, 6.0","longitude, net_us, nst_log",2,0.1,1.0,1,16.4,49628,49628,0.25,0.000354410211972945,0,0
"7.0, 5.0, 6.0, 7.0","rms_log, depthError_log, nst_log, station_coverage",2.0,0.0,0.0,1,28.0,49629,49629,0.3333333333333333,0.0006050906058074671,0,1
"5.0, 7.0, 0.0, 0.0, 7.0","dmin_log, rms_log, net_us, east_west, station_coverage",2,0.03125,0.5,1,22.0,49799,49629,0.4166666666666667,0.00047542833313443845,1,2
"6.0, 0.0, 3.0, 4.0, 6.0","longitude, dmin_log, horizontalError_log, depth_signed_log, station_coverage",1.0,0.04626643660379603,0.8571428571428571,1,12.504,49633,49633,0.4166666666666667,0.00027021617625059175,0,0
"2.0, 6.0, 0.0, 7.0","longitude, depth_signed_log, net_us, nst_log",2.0,0.03125,0.5,1,15.5,49826,49634,0.3333333333333333,0.0003349608710719907,1,2
"3.0, 3.0, 1.0, 4.0","latitude, absolute_longitude, horizontalError_log, nst_log",1.0,0.03125,0.5,1,26.5,49827,49637,0.3333333333333333,0.0005726750376392099,1,2
"7.0, 4.0, 7.0, 7.0","dmin_log, depthError_log, nst_log, station_coverage",5.0,1.0,1.0,1,50.040768,49995,49639,0.3333333333333333,0.0010813999508639612,10,10
"7.0, 0.0, 0.0, 6.0, 1.0, 7.0","longitude, latitude, absolute_longitude, rms_log, net_us, nst_log",5.0,1.0,1.0,1,48.0,49739,49639,0.5,0.0010372981813842293,2,2
"5.0, 3.0","longitude, latitude",1.0,0.13168724279835387,0.6666666666666666,1,28.6,49944,49641,0.16666666666666666,0.00061805683307477,4,6
"7.0, 6.0, 7.0, 1.0","absolute_longitude, depth_signed_log, depthError_log, net_us",2,0.0,0.0,1,26.0,49642,49642,0.3333333333333333,0.0005618698482497909,0,3
"0.0, 0.0, 0.0, 4.0","absolute_longitude, dmin_log, east_west, station_coverage",0.0,0.13168724279835387,0.6666666666666666,1,13.666666666666666,49997,49643,0.3333333333333333,0.0002953418433107875,2,3
"6.0, 0.0, 4.0, 0.0","longitude, absolute_longitude, rms_log, net_us",0.0,0.095367431640625,0.625,1,16.84,49930,49643,0.3333333333333333,0.0003639187786356338,5,8
"7.0, 1.0","absolute_longitude, net_us",3.0,0.03662616470883121,0.5161290322580645,1,29.117757589251774,49928,49645,0.16666666666666666,0.007188630644119612,16,31
"4.0, 2.0, 2.0, 3.0, 0.0, 5.0, 0.0","longitude, latitude, dmin_log, rms_log, net_us, nst_log, east_west",0.0,0.0642314010398144,0.8888888888888888,1,13.0,49648,49648,0.5833333333333334,0.00028093492412489547,0,0
"6.0, 5.0, 7.0, 6.0, 6.0, 5.0, 2.0","latitude, absolute_longitude, dmin_log, horizontalError_log, depth_signed_log, nst_log, station_coverage",2.0,0.1,1.0,1,9.25,49650,49650,0.5833333333333334,0.00019989600370425253,0,0
"0.0, 6.0, 6.0, 7.0, 0.0, 7.0","absolute_longitude, horizontalError_log, depthError_log, nst_log, east_west, station_coverage",5.0,1.0,1.0,1,34.0,49883,49654,0.5,0.0007347528784804958,1,1
"2.0, 1.0, 1.0, 5.0, 0.0","longitude, horizontalError_log, depthError_log, nst_log, east_west",1,0.007775999999999998,0.6,1,17.2299733330559,49655,49655,0.4166666666666667,0.00037234625007661774,0,0
"3.0, 4.0, 1.0, 0.0, 6.0, 0.0","horizontalError_log, depth_signed_log, depthError_log, net_us, nst_log, east_west",2.0,0.0024485192702139343,0.47619047619047616,1,15.232924932301128,49658,49658,0.5,0.00032918927769663426,0,0
"1.0, 3.0, 0.0, 0.0","absolute_longitude, dmin_log, net_us, nst_log",0.0,0.1,1.0,1,14.333333333333334,49659,49659,0.3333333333333333,0.0003097487624966796,0,0
"2.0, 7.0, 7.0, 0.0","longitude, latitude, dmin_log, depthError_log",2.0,0.1,1.0,1,11.0,49660,49660,0.3333333333333333,0.00023771416656721923,0,0
"7.0, 7.0, 5.0","depth_signed_log, depthError_log, station_coverage",4,1.0,1.0,1,22.666666666666668,49935,49665,0.25,0.0004898352523203305,3,3
"6.0, 7.0, 5.0, 7.0, 0.0, 7.0, 7.0","absolute_longitude, rms_log, horizontalError_log, depth_signed_log, net_us, nst_log, station_coverage",3.0,0.1,1.0,1,26.0,49666,49666,0.5833333333333334,0.0005618698482497909,0,0
"5.0, 0.0, 0.0, 0.0","latitude, nst_log, east_west, station_coverage",0.0,0.07775999999999998,0.6,1,15.6,49951,49671,0.3333333333333333,0.00033712190894987453,3,5
"7.0, 7.0, 7.0, 1.0","longitude, dmin_log, depthError_log, net_us",4.0,0.03125,0.5,1,24.7647679488,49952,49672,0.3333333333333333,0.0005351760157435978,7,14
"7.0, 7.0, 7.0, 1.0","dmin_log, rms_log, depthError_log, net_us",4.0,0.06092699470458736,0.5714285714285714,1,23.9116315648,49935,49672,0.3333333333333333,0.0005167394153353494,8,14
"0.0, 0.0","nst_log, east_west",0.0,0.25126003423796484,0.7586206896551724,1,25.35272928489892,49992,49673,0.16666666666666666,0.0005478820829240071,22,29
"6.0, 5.0, 1.0, 5.0, 5.0, 2.0, 7.0, 0.0, 0.0, 3.0","longitude, latitude, absolute_longitude, dmin_log, rms_log, depth_signed_log, depthError_log, net_us, east_west, station_coverage",2.0,1.0,1.0,1,4.0,49674,49674,0.8333333333333334,8.644151511535244e-05,1,1
"0.0, 7.0, 6.0, 7.0, 1.0","latitude, rms_log, horizontalError_log, depth_signed_log, net_us",5.0,0.014458261438686257,0.42857142857142855,1,28.288,49883,49676,0.4166666666666667,0.0006113143948957725,3,7
"0.0, 4.0, 4.0, 0.0, 3.0","absolute_longitude, rms_log, horizontalError_log, net_us, nst_log",5,0.0,0.0,1,19.0,49677,49677,0.4166666666666667,0.0004105971967979241,0,2
"6.0, 1.0, 0.0, 4.0, 0.0","longitude, latitude, absolute_longitude, rms_log, east_west",0.0,0.03125,0.5,1,14.92,49930,49677,0.4166666666666667,0.00032242685138026463,3,6
"0.0, 0.0, 7.0, 0.0, 5.0","longitude, latitude, absolute_longitude, east_west, station_coverage",4.0,1.0,1.0,1,27.666666666666668,49851,49678,0.4166666666666667,0.0005978871462145211,3,3
"7.0, 7.0, 6.0, 1.0","longitude, rms_log, horizontalError_log, net_us",5.0,0.019403791345598595,0.45454545454545453,1,22.28732517518541,49968,49682,0.3333333333333333,0.010386065125787469,10,22
"0.0, 3.0, 5.0, 3.0","latitude, absolute_longitude, depth_signed_log, station_coverage",4,0.1,1.0,1,19.5,49683,49683,0.3333333333333333,0.0004214023861873432,0,0
"0.0, 3.0","latitude, absolute_longitude",4,1.6935087808430282e-05,0.1111111111111111,1,17.563200000000002,49683,49683,0.16666666666666666,0.00037954740456848954,1,9
"2.0, 3.0, 0.0","latitude, absolute_longitude, east_west",2.0,0.004115226337448558,0.3333333333333333,1,8.666666666666666,49685,49685,0.25,0.00018728994941659695,1,3
"4.0, 0.0, 2.0, 1.0","absolute_longitude, rms_log, horizontalError_log, depth_signed_log",0.0,1.0,1.0,1,25.0,49915,49686,0.3333333333333333,0.0005402594694709527,2,2
"5.0, 7.0, 0.0","absolute_longitude, rms_log, net_us",2.0,0.004115226337448558,0.3333333333333333,1,24.32,49799,49689,0.25,0.0005255644119013429,2,6
"7.0, 7.0, 7.0, 6.0, 1.0","longitude, absolute_longitude, dmin_log, horizontalError_log, net_us",3.0,0.401877572016461,0.8333333333333334,1,31.759999999999998,49917,49690,0.4166666666666667,0.0006863456300158984,5,6
"7.0, 5.0, 7.0, 5.0, 5.0, 1.0, 1.0","longitude, latitude, absolute_longitude, rms_log, depth_signed_log, east_west, station_coverage",3.0,1.0,1.0,1,30.5,49917,49690,0.5833333333333334,0.0006591165527545623,2,2
"3.0, 5.0","absolute_longitude, station_coverage",1.0,0.004115226337448558,0.3333333333333333,1,20.04,49828,49692,0.16666666666666666,0.0004330719907279157,2,6
"3.0, 2.0, 0.0, 0.0","absolute_longitude, horizontalError_log, net_us, east_west",1.0,0.000541922809869769,0.2222222222222222,1,15.48224,49904,49692,0.3333333333333333,0.00033457707074487856,2,9
"3.0, 5.0, 1.0, 1.0, 0.0","longitude, latitude, dmin_log, depth_signed_log, east_west",0.0,0.013168724279835387,0.6666666666666666,1,12.666666666666666,49693,49693,0.4166666666666667,0.0002737314645319494,0,0
"2.0, 4.0, 0.0","longitude, dmin_log, nst_log",0.0,0.027764104954708237,0.7635802469135802,1,21.096974346805535,49694,49694,0.25,0.00045591360672189837,0,0
"6.0, 1.0, 4.0, 4.0, 3.0","longitude, latitude, rms_log, horizontalError_log, depth_signed_log",2.0,0.0,0.0,1,17.0,49695,49695,0.4166666666666667,0.0003673764392402479,0,4
"7.0, 0.0, 0.0, 6.0, 0.0","longitude, latitude, absolute_longitude, dmin_log, net_us",3.0,1.0,1.0,1,22.25,49937,49696,0.4166666666666667,0.000480830927829148,4,4
"7.0, 6.0, 4.0, 3.0","longitude, dmin_log, horizontalError_log, depthError_log",3.0,0.1,1.0,1,23.666666666666668,49696,49696,0.3333333333333333,0.0005114456310991687,0,0
"5.0, 0.0","longitude, east_west",0.0,0.05507317760000002,0.56,1,22.367131215131153,49985,49698,0.16666666666666666,0.00048336217775495776,14,25
"1.0, 3.0","dmin_log, rms_log",5,0.0,0.0,1,10.5,49698,49698,0.16666666666666666,0.00022690897717780016,0,2
"6.0, 6.0, 7.0, 7.0, 0.0","latitude, dmin_log, horizontalError_log, depth_signed_log, net_us",2.0,0.1,1.0,1,32.0,49699,49699,0.4166666666666667,0.0006915321209228195,0,0
"0.0, 6.0, 5.0, 1.0, 5.0, 1.0","absolute_longitude, rms_log, depth_signed_log, net_us, nst_log, east_west",4,0.03056426219358005,0.7857142857142857,1,19.82032896,49700,49700,0.5,0.00042832481634677447,0,0
"5.0, 5.0","depthError_log, station_coverage",4.0,0.5904900000000001,0.9,2,19.136192,49874,49700,0.16666666666666666,0.0008270807150091434,9,10
"4.0, 2.0, 2.0, 0.0, 4.0, 0.0","longitude, absolute_longitude, rms_log, depthError_log, nst_log, east_west",0.0,0.1,1.0,1,17.0,49702,49702,0.5,0.0003673764392402479,0,0
"4.0, 2.0, 2.0, 0.0, 0.0, 0.0","longitude, absolute_longitude, rms_log, horizontalError_log, net_us, east_west",0.0,0.1,1.0,1,17.0,49702,49702,0.5,0.0003673764392402479,0,0
"1.0, 0.0, 0.0","latitude, absolute_longitude, east_west",1.0,0.02094302882090425,0.46153846153846156,1,15.570629120000001,49976,49704,0.25,0.00033648719310800675,6,13
"0.0, 6.0, 0.0, 1.0","longitude, dmin_log, depth_signed_log, station_coverage",1,0.04150097220836204,0.8387096774193549,1,23.149002408506856,49709,49709,0.3333333333333333,0.0005002587104000689,0,0
"7.0, 7.0, 6.0, 7.0","longitude, absolute_longitude, depth_signed_log, depthError_log",3.0,1.0,1.0,1,30.25,49910,49710,0.3333333333333333,0.0006537139580598529,4,4
"7.0, 5.0, 7.0, 2.0, 1.0","longitude, latitude, absolute_longitude, nst_log, east_west",5,0.0,0.0,1,32.75,49710,49710,0.4166666666666667,0.0007077399050069482,0,4
"7.0, 6.0, 1.0, 6.0","rms_log, horizontalError_log, net_us, nst_log",5.0,0.0003200000000000001,0.2,1,22.8,49968,49711,0.3333333333333333,0.000492716636157509,1,5
"7.0, 0.0, 7.0, 6.0, 1.0","longitude, latitude, rms_log, horizontalError_log, net_us",5.0,0.2373046875,0.75,1,24.0530816,49968,49711,0.4166666666666667,0.0005197962041743014,9,12
"3.0, 4.0, 0.0, 0.0, 1.0","longitude, latitude, rms_log, net_us, nst_log",0.0,1.0,1.0,1,33.73248,49945,49714,0.4166666666666667,0.0007289716699495811,9,9
"4.0, 7.0, 7.0","depthError_log, nst_log, station_coverage",5.0,0.3276800000000001,0.8,1,47.484864,49995,49715,0.25,0.0010261658973016138,8,10
"0.0, 7.0, 5.0, 1.0, 7.0","latitude, dmin_log, depth_signed_log, net_us, nst_log",5.0,0.708245596707819,0.9333333333333333,1,43.64590798848,49995,49715,0.4166666666666667,0.0009432046037773689,14,15
"3.0, 1.0","absolute_longitude, horizontalError_log",1.0,0.2373046875,0.75,1,22.5,49828,49716,0.16666666666666666,0.0004862335225238575,3,4
"6.0, 0.0, 6.0, 5.0, 5.0, 1.0, 2.0","longitude, absolute_longitude, dmin_log, horizontalError_log, depth_signed_log, nst_log, station_coverage",1.0,0.1,1.0,1,6.0,49717,49717,0.5833333333333334,0.00012966227267302867,0,0
"2.0, 6.0, 5.0, 7.0, 0.0","longitude, rms_log, horizontalError_log, nst_log, east_west",2.0,0.2373046875,0.75,1,30.0,49826,49718,0.4166666666666667,0.0006483113633651434,3,4
"2.0, 4.0, 0.0, 0.0, 5.0","horizontalError_log, depth_signed_log, net_us, east_west, station_coverage",1.0,0.066384,0.9,1,14.096703999999999,49719,49719,0.4166666666666667,0.0003046351129731623,0,0
"1.0, 4.0, 3.0, 0.0, 5.0","latitude, rms_log, depthError_log, net_us, station_coverage",1.0,1.0,1.0,1,13.0,49912,49719,0.4166666666666667,0.00028093492412489547,1,1
"0.0, 6.0, 6.0, 6.0, 5.0, 0.0","longitude, latitude, absolute_longitude, dmin_log, horizontalError_log, east_west",2.0,1.0,1.0,1,10.0,49721,49721,0.5,0.00021610378778838112,1,1
"2.0, 5.0, 0.0, 7.0","longitude, absolute_longitude, depthError_log, nst_log",2.0,0.05658436213991769,0.8333333333333333,1,14.0,49722,49722,0.3333333333333333,0.00030254530290373355,0,0
"2.0, 7.0, 5.0, 0.0, 0.0","longitude, latitude, horizontalError_log, depthError_log, east_west",2.0,0.05658436213991769,0.8333333333333333,1,18.44,49722,49722,0.4166666666666667,0.0003984953846817748,0,0
"4.0, 0.0, 3.0, 4.0, 0.0","absolute_longitude, rms_log, horizontalError_log, depthError_log, east_west",0.0,0.1,1.0,1,28.5,49723,49723,0.4166666666666667,0.0006158957951968862,0,0
"2.0, 3.0, 0.0","longitude, dmin_log, east_west",0.0,0.03125,0.5,1,14.25,49792,49725,0.25,0.0003079478975984431,2,4
"0.0, 6.0, 7.0, 7.0, 0.0","longitude, latitude, horizontalError_log, depthError_log, net_us",2.0,1.0,1.0,1,22.666666666666668,49970,49727,0.4166666666666667,0.0004898352523203305,3,3
"0.0, 6.0, 6.0, 6.0, 0.0","longitude, latitude, absolute_longitude, dmin_log, net_us",2.0,0.2373046875,0.75,1,13.0,49758,49727,0.4166666666666667,0.00028093492412489547,3,4
0.0,rms_log,0.0,0.534824985896467,0.8823529411764706,4,26.4165184397312,49987,49730,0.08333333333333333,0.0022834838780030112,15,17
"7.0, 7.0, 7.0, 1.0, 1.0, 4.0","rms_log, depth_signed_log, depthError_log, net_us, east_west, station_coverage",4.0,1.0,1.0,1,28.5,49796,49731,0.5,0.0006158957951968862,2,2
"7.0, 1.0, 6.0, 1.0, 4.0","depth_signed_log, net_us, nst_log, east_west, station_coverage",3,0.0,0.0,1,29.0,49731,49731,0.4166666666666667,0.0006267009845863053,0,1
"6.0, 6.0, 6.0, 0.0, 0.0","latitude, rms_log, horizontalError_log, net_us, east_west",3.0,0.0009765625,0.25,1,12.75,49974,49733,0.4166666666666667,0.0002755323294301859,1,4
"0.0, 2.0, 3.0, 7.0, 0.0, 6.0","latitude, dmin_log, horizontalError_log, nst_log, east_west, station_coverage",2.0,1.0,1.0,1,11.0,49736,49736,0.5,0.00023771416656721923,1,1
"0.0, 0.0, 6.0, 1.0, 7.0, 0.0, 7.0","latitude, absolute_longitude, rms_log, net_us, nst_log, east_west, station_coverage",5.0,0.03125,0.5,1,30.0,49739,49739,0.5833333333333334,0.0006483113633651434,1,2
"0.0, 1.0, 7.0","latitude, net_us, nst_log",5.0,0.401877572016461,0.8333333333333334,2,34.78389957159881,49998,49740,0.25,0.00150338649029463,20,24
"7.0, 7.0, 7.0, 1.0","longitude, absolute_longitude, dmin_log, east_west",3.0,0.512908935546875,0.875,3,31.6448,49917,49741,0.3333333333333333,0.0020515683431417287,7,8
"7.0, 5.0, 7.0, 6.0, 2.0, 1.0","longitude, latitude, absolute_longitude, depth_signed_log, nst_log, east_west",3.0,0.1,1.0,1,32.333333333333336,49741,49741,0.5,0.0006987355805157657,0,0
"1.0, 7.0, 0.0, 3.0","longitude, depthError_log, net_us, nst_log",1.0,2.6932907434290447e-07,0.07692307692307693,1,22.352392192,49742,49742,0.3333333333333333,0.0004830436618822635,0,0
"6.0, 1.0, 0.0, 4.0, 0.0, 3.0, 0.0","longitude, latitude, absolute_longitude, dmin_log, net_us, nst_log, east_west",1.0,1.0,1.0,1,17.0,49804,49745,0.5833333333333334,0.0003673764392402479,1,1
"7.0, 6.0, 0.0, 3.0","latitude, depthError_log, net_us, nst_log",1.0,1.0,1.0,1,21.0,49972,49748,0.3333333333333333,0.0004538179543556003,5,5
"2.0, 7.0, 6.0, 6.0, 6.0, 0.0, 0.0","longitude, latitude, dmin_log, horizontalError_log, depth_signed_log, net_us, east_west",1.0,0.1,1.0,1,33.75,49748,49748,0.5833333333333334,0.0007293502837857862,0,0
"1.0, 0.0, 3.0, 6.0, 4.0, 0.0, 0.0","longitude, latitude, rms_log, depth_signed_log, depthError_log, net_us, east_west",1.0,1.0,1.0,1,27.0,49946,49749,0.5833333333333334,0.000583480227028629,1,1
"4.0, 5.0, 0.0","longitude, nst_log, east_west",0.0,0.0,0.0,1,7.0,49751,49751,0.25,0.00015127265145186677,0,1
"4.0, 2.0, 5.0, 0.0","longitude, absolute_longitude, nst_log, east_west",4,0.1,1.0,1,14.5,49751,49751,0.3333333333333333,0.00031335049229315264,0,0
"6.0, 5.0, 0.0","latitude, horizontalError_log, nst_log",3,0.1,1.0,1,16.5,49752,49752,0.25,0.00035657124985082885,0,0
"6.0, 0.0","latitude, nst_log",5,0.0,0.0,1,25.75,49752,49752,0.16666666666666666,0.0005564672535550814,0,4
"1.0, 0.0, 0.0","horizontalError_log, net_us, east_west",0.0,0.05032843750000002,0.55,1,23.593953644373606,49987,49754,0.25,0.0005098742751452615,11,20
"2.0, 2.0, 0.0","dmin_log, depthError_log, east_west",0.0,0.03125,0.5,1,18.75,49990,49754,0.25,0.0004051946021032146,2,4
"4.0, 3.0, 0.0, 7.0, 0.0, 1.0, 1.0","dmin_log, rms_log, depth_signed_log, depthError_log, net_us, nst_log, station_coverage",1.0,0.007775999999999998,0.6,1,14.6,49755,49755,0.5833333333333334,0.0003155115301710364,0,0
"7.0, 1.0, 6.0","depth_signed_log, net_us, station_coverage",4,1.0,1.0,1,17.5,49921,49756,0.25,0.00037818162862966693,2,2
"0.0, 7.0, 0.0","latitude, dmin_log, east_west",5.0,0.023847592523562257,0.47368421052631576,1,27.63431196894822,49995,49757,0.25,0.0005971879489415507,9,19
"0.0, 0.0, 5.0","longitude, latitude, depth_signed_log",5.0,0.07775999999999998,0.6,1,33.0,49995,49757,0.25,0.0007131424997016577,3,5
"0.0, 6.0, 6.0, 0.0","longitude, dmin_log, depthError_log, net_us",2.0,0.004115226337448558,0.3333333333333333,1,21.333333333333332,49758,49758,0.3333333333333333,0.00046102141394854633,1,3
"1.0, 4.0, 0.0, 0.0","latitude, dmin_log, net_us, east_west",1.0,1.0,1.0,1,24.0,49856,49759,0.3333333333333333,0.0005186490906921147,2,2
"3.0, 3.0, 0.0, 2.0, 2.0, 0.0, 0.0, 7.0, 7.0","latitude, absolute_longitude, dmin_log, rms_log, depth_signed_log, depthError_log, net_us, nst_log, station_coverage",3.0,1.0,1.0,1,19.0,49848,49763,0.75,0.0004105971967979241,1,1
"3.0, 3.0, 2.0, 0.0, 7.0, 7.0","latitude, absolute_longitude, depth_signed_log, depthError_log, nst_log, station_coverage",3.0,1.0,1.0,2,19.0,49848,49763,0.5,0.0008211943935958482,1,1
"0.0, 0.0, 5.0, 5.0","longitude, latitude, depthError_log, station_coverage",4.0,1.0,1.0,1,28.0,49836,49766,0.3333333333333333,0.0006050906058074671,1,1
"0.0, 7.0, 5.0, 6.0, 0.0, 5.0","latitude, absolute_longitude, depth_signed_log, nst_log, east_west, station_coverage",4.0,0.1,1.0,1,27.631999999999998,49766,49766,0.5,0.0005971379864168546,0,0
"4.0, 5.0, 4.0, 5.0, 6.0, 4.0, 0.0","absolute_longitude, dmin_log, rms_log, horizontalError_log, depth_signed_log, depthError_log, net_us",3.0,0.1,1.0,1,9.5,49767,49767,0.5833333333333334,0.00020529859839896205,0,0
"7.0, 6.0, 7.0, 7.0, 7.0","absolute_longitude, dmin_log, depth_signed_log, depthError_log, station_coverage",4.0,1.0,1.0,1,17.0,49768,49768,0.4166666666666667,0.0003673764392402479,1,1
"1.0, 7.0, 2.0, 0.0, 7.0","longitude, depth_signed_log, depthError_log, net_us, nst_log",3.0,0.02373046875,0.75,1,20.653893632,49769,49769,0.4166666666666667,0.00044633846464535237,0,0
"3.0, 0.0, 4.0, 3.0","absolute_longitude, net_us, nst_log, station_coverage",0,0.0,0.0,1,9.0,49773,49773,0.3333333333333333,0.00019449340900954301,0,1
"1.0, 0.0","rms_log, net_us",1.0,0.009174309075821474,0.391304347826087,1,21.916001951416426,49944,49773,0.16666666666666666,0.021600691341198783,9,23
"7.0, 6.0, 5.0, 5.0, 0.0, 7.0, 7.0","latitude, absolute_longitude, dmin_log, horizontalError_log, net_us, nst_log, station_coverage",3.0,0.060173174957001196,0.8636363636363636,1,24.666666666666668,49774,49774,0.5833333333333334,0.0005330560098780068,0,0
"1.0, 7.0, 5.0, 0.0, 7.0, 0.0, 7.0","longitude, rms_log, horizontalError_log, net_us, nst_log, east_west, station_coverage",3.0,1.0,1.0,1,24.0,49845,49774,0.5833333333333334,0.0005186490906921147,1,1
"5.0, 2.0, 0.0, 0.0","longitude, absolute_longitude, net_us, east_west",0.0,0.3276800000000001,0.8,1,19.36224,49985,49775,0.3333333333333333,0.0004184253404067704,8,10
"2.0, 2.0, 4.0, 1.0, 0.0, 5.0, 0.0","latitude, absolute_longitude, rms_log, horizontalError_log, net_us, nst_log, east_west",0.0,0.02935778904262872,0.782608695652174,1,18.2700603131367,49779,49779,0.5833333333333334,0.0003948229236791017,0,0
"5.0, 2.0, 0.0, 0.0","longitude, absolute_longitude, net_us, east_west",2,1.6935087808430282e-05,0.1111111111111111,2,19.935679999999998,49873,49779,0.3333333333333333,0.0008616351920274146,1,9
"7.0, 7.0, 0.0, 0.0, 0.0","absolute_longitude, dmin_log, depthError_log, net_us, station_coverage",2.0,0.05658436213991769,0.8333333333333333,1,14.7913548054528,49780,49780,0.4166666666666667,0.0003196467799980223,0,0
"0.0, 2.0, 1.0","longitude, depth_signed_log, nst_log",0,0.05658436213991769,0.8333333333333333,1,10.333333333333334,49780,49780,0.25,0.00022330724738132716,0,0
"7.0, 6.0, 7.0, 7.0, 1.0","longitude, rms_log, depth_signed_log, depthError_log, east_west",5,0.13168724279835387,0.6666666666666666,1,27.333333333333332,49957,49784,0.4166666666666667,0.000590683686621575,2,3
"0.0, 7.0, 6.0, 6.0, 0.0","longitude, absolute_longitude, dmin_log, rms_log, east_west",2.0,0.03125,0.5,1,38.0,49970,49785,0.4166666666666667,0.0008211943935958482,1,2
"2.0, 0.0","absolute_longitude, nst_log",1,1.0,1.0,1,11.0,49955,49788,0.16666666666666666,0.00023771416656721923,1,1
"7.0, 6.0, 5.0, 1.0, 7.0","dmin_log, rms_log, depth_signed_log, east_west, station_coverage",5.0,0.03125,0.5,1,50.0,49895,49789,0.4166666666666667,0.0010805189389419055,1,2
"7.0, 6.0, 6.0, 0.0","absolute_longitude, horizontalError_log, depthError_log, net_us",1.0,0.03125,0.5,1,9.0,49790,49790,0.3333333333333333,0.00019449340900954301,1,2
3.0,dmin_log,0.0,0.03125,0.5,1,19.35985090543616,49985,49792,0.08333333333333333,0.00041837371116830744,9,18
"2.0, 3.0, 4.0, 0.0","longitude, dmin_log, rms_log, east_west",0.0,0.003125,0.5,1,13.5,49792,49792,0.3333333333333333,0.0002917401135143145,0,0
"6.0, 3.0, 1.0","latitude, dmin_log, net_us",3,0.1,1.0,1,13.0,49794,49794,0.25,0.00028093492412489547,0,0
"4.0, 2.0, 1.0, 0.0, 0.0, 4.0","longitude, absolute_longitude, rms_log, horizontalError_log, net_us, station_coverage",0.0,1.0,1.0,1,17.0,49890,49801,0.5,0.0003673764392402479,1,1
"6.0, 1.0, 4.0, 3.0, 0.0","longitude, latitude, dmin_log, nst_log, east_west",1.0,0.072185265625,0.925,1,18.063380460345755,49804,49804,0.4166666666666667,0.0003903564937743349,0,0
"1.0, 0.0, 4.0, 4.0, 0.0, 0.0","latitude, absolute_longitude, dmin_log, depthError_log, net_us, east_west",1.0,1.0,1.0,1,31.0,49856,49804,0.5,0.0006699217421439814,1,1
"0.0, 6.0, 6.0, 5.0, 1.0","absolute_longitude, dmin_log, depth_signed_log, depthError_log, net_us",4.0,1.0,1.0,1,15.0,49807,49807,0.4166666666666667,0.0003241556816825717,1,1
"2.0, 5.0, 6.0","longitude, absolute_longitude, rms_log",1.0,0.03125,0.5,1,17.0,49925,49808,0.25,0.0003673764392402479,1,2
"2.0, 5.0, 6.0, 0.0, 0.0","longitude, absolute_longitude, rms_log, net_us, east_west",1.0,0.03125,0.5,1,17.0,49925,49808,0.4166666666666667,0.0003673764392402479,1,2
"7.0, 7.0, 5.0, 0.0, 3.0","latitude, rms_log, horizontalError_log, net_us, nst_log",3,0.0,0.0,1,17.0,49809,49809,0.4166666666666667,0.0003673764392402479,0,1
"6.0, 5.0, 1.0, 7.0","horizontalError_log, depthError_log, net_us, nst_log",5.0,0.0,0.0,1,30.5,49810,49810,0.3333333333333333,0.0006591165527545623,0,2
"5.0, 2.0, 2.0, 0.0, 0.0","longitude, absolute_longitude, depth_signed_log, net_us, east_west",0.0,1.0,1.0,2,23.0,49923,49811,0.4166666666666667,0.0009940774238265532,1,1
"6.0, 7.0, 5.0, 5.0","absolute_longitude, dmin_log, depthError_log, station_coverage",4.0,0.1,1.0,1,24.333333333333332,49812,49812,0.3333333333333333,0.0005258525502850607,0,0
"7.0, 5.0, 5.0","horizontalError_log, depthError_log, station_coverage",4.0,1.0,1.0,2,24.5,49836,49812,0.25,0.0010589085601630675,2,2
"0.0, 7.0, 5.0, 3.0, 0.0","longitude, absolute_longitude, depth_signed_log, depthError_log, station_coverage",1.0,0.0004839299713805059,0.32388663967611336,1,14.635560960000001,49813,49813,0.4166666666666667,0.0003162800159863756,0,0
"4.0, 0.0, 1.0, 0.0, 1.0","latitude, dmin_log, nst_log, east_west, station_coverage",0.0,1.0,1.0,1,35.0,49875,49816,0.4166666666666667,0.0007563632572593339,2,2
"3.0, 0.0, 0.0","longitude, dmin_log, rms_log",0.0,0.401877572016461,0.8333333333333334,1,30.52,49987,49816,0.25,0.0006595487603301392,5,6
"5.0, 3.0, 1.0, 1.0, 0.0, 0.0","longitude, latitude, rms_log, horizontalError_log, net_us, east_west",1.0,0.13168724279835387,0.6666666666666666,1,33.666666666666664,49944,49817,0.5,0.0007275494188875497,2,3
"1.0, 7.0, 5.0, 0.0, 0.0, 0.0","longitude, latitude, absolute_longitude, nst_log, east_west, station_coverage",0.0,1.0,1.0,1,35.6,49990,49819,0.5,0.0007693294845266368,5,5
"1.0, 7.0, 5.0, 5.0, 2.0","latitude, dmin_log, depth_signed_log, depthError_log, nst_log",3.0,1.0,1.0,1,7.0,49820,49820,0.4166666666666667,0.00015127265145186677,1,1
"5.0, 7.0","latitude, absolute_longitude",3.0,0.13168724279835387,0.6666666666666666,1,22.98935996416,49928,49821,0.16666666666666666,0.0004968087767085538,10,15
"5.0, 7.0, 7.0, 6.0","latitude, absolute_longitude, rms_log, horizontalError_log",3.0,0.13168724279835387,0.6666666666666666,1,24.880000000000003,49928,49821,0.3333333333333333,0.0005376662240174923,4,6
"0.0, 0.0, 2.0","dmin_log, rms_log, horizontalError_log",0.0,1.0,1.0,1,37.5,49916,49822,0.25,0.0008103892042064292,2,2
"3.0, 4.0, 0.0, 2.0, 0.0","longitude, absolute_longitude, rms_log, nst_log, east_west",0.0,0.1,1.0,1,24.0,49822,49822,0.4166666666666667,0.0005186490906921147,0,0
"1.0, 0.0, 4.0, 0.0","longitude, net_us, nst_log, east_west",2,0.0009765625,0.25,1,16.75,49971,49823,0.3333333333333333,0.00036197384454553835,1,4
"7.0, 0.0, 0.0, 4.0, 7.0, 0.0, 0.0","longitude, latitude, absolute_longitude, dmin_log, depth_signed_log, net_us, east_west",3.0,0.07211459057822749,0.9367088607594937,1,22.104393688599025,49824,49824,0.5833333333333334,0.00047768432028718347,0,0
"3.0, 4.0, 5.0","absolute_longitude, nst_log, station_coverage",2,0.0,0.0,1,23.0,49827,49827,0.25,0.0004970387119132766,0,2
"3.0, 3.0, 1.0","latitude, absolute_longitude, horizontalError_log",1.0,0.0,0.0,1,27.0,49827,49827,0.25,0.000583480227028629,0,1
"3.0, 1.0, 6.0, 0.0, 5.0","longitude, horizontalError_log, depth_signed_log, east_west, station_coverage",1.0,0.1,1.0,2,17.0,49828,49828,0.4166666666666667,0.0007347528784804958,0,0
"1.0, 0.0, 4.0, 6.0, 3.0, 0.0, 0.0","longitude, latitude, horizontalError_log, depth_signed_log, depthError_log, net_us, east_west",1.0,0.1,1.0,1,21.52,49829,49829,0.5833333333333334,0.0004650553513205962,0,0
"7.0, 5.0, 7.0, 7.0, 6.0, 6.0","longitude, latitude, absolute_longitude, dmin_log, horizontalError_log, depth_signed_log",3.0,0.1,1.0,1,30.839559892991996,49830,49830,0.5,0.0006664545706602211,0,0
"7.0, 7.0, 7.0, 1.0, 4.0","longitude, absolute_longitude, depthError_log, net_us, nst_log",3.0,0.1,1.0,1,31.0,49830,49830,0.4166666666666667,0.0006699217421439814,0,0
"1.0, 1.0, 0.0, 3.0, 0.0, 0.0","longitude, latitude, depth_signed_log, depthError_log, net_us, east_west",1.0,0.1,1.0,1,11.5,49831,49831,0.5,0.0002485193559566383,0,0
"0.0, 0.0, 5.0, 0.0, 6.0","latitude, absolute_longitude, depth_signed_log, east_west, station_coverage",5.0,0.1,1.0,1,18.5,49832,49832,0.4166666666666667,0.00039979200740850507,0,0
"7.0, 7.0, 6.0, 5.0, 1.0, 7.0, 7.0","longitude, dmin_log, rms_log, depthError_log, net_us, nst_log, station_coverage",4.0,1.2860082304526745e-05,0.16666666666666666,1,41.36,49833,49833,0.5833333333333334,0.0008938052662927443,0,0
"6.0, 0.0, 0.0, 4.0, 0.0","longitude, absolute_longitude, dmin_log, horizontalError_log, net_us",0.0,0.2373046875,0.75,1,13.0,49997,49835,0.4166666666666667,0.00028093492412489547,3,4
"6.0, 0.0, 0.0, 4.0, 4.0, 0.0, 0.0","longitude, absolute_longitude, dmin_log, rms_log, horizontalError_log, net_us, east_west",0.0,1.0,1.0,1,17.0,49930,49835,0.5833333333333334,0.0003673764392402479,1,1
"1.0, 4.0, 0.0, 0.0, 0.0","dmin_log, horizontalError_log, depth_signed_log, nst_log, east_west",0.0,0.1,1.0,1,28.5,49837,49837,0.4166666666666667,0.0006158957951968862,0,0
"6.0, 0.0, 0.0","latitude, nst_log, east_west",0.0,1.0,1.0,1,26.0,49958,49837,0.25,0.0005618698482497909,2,2
"2.0, 0.0, 3.0, 0.0, 0.0, 0.0, 0.0","latitude, dmin_log, rms_log, horizontalError_log, depthError_log, net_us, east_west",1.0,0.028462802079628785,0.7777777777777778,1,26.15456,49838,49838,0.5833333333333334,0.0005652099483938482,0,0
"7.0, 7.0","absolute_longitude, rms_log",3.0,0.0063582343481257495,0.36363636363636365,1,24.0260864,49928,49841,0.16666666666666666,0.0005192128276770909,4,11
"1.0, 0.0","rms_log, east_west",0.0,0.008416533573215765,0.38461538461538464,1,22.146006016,49951,49843,0.16666666666666666,0.00047858357844418755,5,13
"5.0, 1.0, 1.0, 0.0, 0.0","longitude, rms_log, horizontalError_log, net_us, east_west",0.0,0.0,0.0,1,32.0,49843,49843,0.4166666666666667,0.0006915321209228195,0,2
"1.0, 7.0, 5.0, 0.0, 0.0, 7.0","longitude, rms_log, horizontalError_log, net_us, east_west, station_coverage",3.0,0.1,1.0,1,24.0,49845,49845,0.5,0.0005186490906921147,0,0
"4.0, 4.0, 0.0, 0.0, 1.0, 0.0","latitude, absolute_longitude, rms_log, net_us, nst_log, east_west",0.0,1.0,1.0,1,36.0,49945,49847,0.5,0.0007779736360381721,3,3
"3.0, 4.0, 0.0, 2.0","longitude, absolute_longitude, rms_log, horizontalError_log",0.0,1.0,1.0,1,34.333333333333336,49945,49847,0.3333333333333333,0.0007419563380734418,3,3
"0.0, 7.0, 6.0, 1.0, 7.0","latitude, dmin_log, depthError_log, net_us, nst_log",5.0,1.0,1.0,1,32.75,49998,49849,0.4166666666666667,0.0007077399050069482,4,4
"0.0, 0.0, 7.0, 1.0, 6.0, 0.0","longitude, latitude, absolute_longitude, net_us, nst_log, east_west",4,0.1,1.0,1,25.0,49851,49851,0.5,0.0005402594694709527,0,0
"0.0, 0.0, 7.0, 7.0, 0.0, 5.0","longitude, latitude, rms_log, depthError_log, east_west, station_coverage",4.0,0.1,1.0,1,27.666666666666668,49851,49851,0.5,0.0005978871462145211,0,0
"6.0, 7.0, 7.0, 7.0, 3.0","absolute_longitude, dmin_log, rms_log, horizontalError_log, station_coverage",5.0,0.0002078683127572016,0.23333333333333334,1,19.3341568,49854,49854,0.4166666666666667,0.00041781845181744856,0,0
"7.0, 0.0, 7.0, 1.0","longitude, latitude, rms_log, net_us",5.0,0.13168724279835387,0.6666666666666666,2,17.65472,49968,49854,0.3333333333333333,0.0007630503728686576,6,9
"1.0, 7.0, 5.0, 0.0, 0.0","longitude, latitude, absolute_longitude, east_west, station_coverage",0.0,1.0,1.0,1,35.0,49990,49855,0.4166666666666667,0.0007563632572593339,4,4
"4.0, 0.0, 0.0","dmin_log, net_us, east_west",1.0,0.004115226337448558,0.3333333333333333,2,15.31552,49926,49856,0.25,0.0006619483767897413,3,9
"2.0, 5.0, 0.0, 0.0","dmin_log, depth_signed_log, depthError_log, east_west",2.0,1.0,1.0,1,13.0,49857,49857,0.3333333333333333,0.00028093492412489547,1,1
"5.0, 7.0, 7.0, 1.0, 1.0","latitude, absolute_longitude, rms_log, net_us, station_coverage",3.0,0.0,0.0,1,34.0,49858,49858,0.4166666666666667,0.0007347528784804958,0,1
"1.0, 7.0, 0.0, 7.0","net_us, nst_log, east_west, station_coverage",5.0,1.0,1.0,1,37.0,49995,49859,0.3333333333333333,0.0007995840148170101,3,3
"7.0, 7.0, 6.0, 1.0","longitude, absolute_longitude, depth_signed_log, east_west",3.0,1.0,1.0,1,22.0,49910,49860,0.3333333333333333,0.00047542833313443845,1,1
"7.0, 7.0, 7.0, 7.0, 7.0, 1.0, 7.0","longitude, dmin_log, rms_log, depth_signed_log, depthError_log, net_us, nst_log",4.0,1.0,1.0,1,19.0,49935,49861,0.5833333333333334,0.0004105971967979241,1,1
"7.0, 7.0, 6.0","dmin_log, depthError_log, station_coverage",4,0.011797074426477034,0.6317907444668008,1,18.448,49861,49861,0.25,0.0003986682677120055,0,0
"1.0, 6.0, 3.0, 2.0, 5.0","longitude, absolute_longitude, rms_log, horizontalError_log, station_coverage",2.0,1.0,1.0,1,15.0,49863,49863,0.4166666666666667,0.0003241556816825717,1,1
"7.0, 5.0","dmin_log, station_coverage",4.0,0.2373046875,0.75,1,17.25,49935,49867,0.16666666666666666,0.00037277903393495744,3,4
"0.0, 7.0, 7.0, 6.0, 3.0","latitude, dmin_log, horizontalError_log, depthError_log, station_coverage",4.0,1.0,1.0,1,17.0,49964,49868,0.4166666666666667,0.0003673764392402479,1,1
"5.0, 2.0, 3.0, 0.0","longitude, absolute_longitude, dmin_log, east_west",2,0.0,0.0,1,17.5,49873,49873,0.3333333333333333,0.00037818162862966693,0,2
"7.0, 4.0, 6.0, 5.0, 1.0, 5.0","longitude, absolute_longitude, dmin_log, depthError_log, net_us, station_coverage",4,0.1,1.0,1,25.5,49874,49874,0.5,0.0005510646588603718,0,0
"7.0, 1.0, 5.0, 1.0, 1.0","longitude, latitude, depth_signed_log, net_us, east_west",4,0.03125,0.5,1,22.5,49975,49874,0.4166666666666667,0.0004862335225238575,1,2
"3.0, 4.0, 4.0, 0.0, 1.0","longitude, latitude, absolute_longitude, rms_log, nst_log",0.0,1.0,1.0,1,42.0,49945,49875,0.4166666666666667,0.0009076359087112006,1,1
"3.0, 4.0, 0.0, 0.0, 1.0, 0.0","longitude, latitude, dmin_log, rms_log, nst_log, east_west",4,0.0,0.0,1,35.0,49875,49875,0.5,0.0007563632572593339,0,1
"3.0, 3.0, 3.0, 1.0, 0.0, 7.0","longitude, absolute_longitude, dmin_log, depthError_log, net_us, station_coverage",2.0,0.1,1.0,1,10.0,49876,49876,0.5,0.00021610378778838112,0,0
"3.0, 3.0, 3.0, 3.0, 7.0","latitude, absolute_longitude, dmin_log, rms_log, station_coverage",2.0,0.1,1.0,1,8.5,49876,49876,0.4166666666666667,0.00018368821962012395,0,0
"0.0, 6.0, 7.0, 6.0, 6.0, 4.0","longitude, latitude, horizontalError_log, depth_signed_log, depthError_log, nst_log",3.0,1.0,1.0,1,32.0,49877,49877,0.5,0.0006915321209228195,1,1
"6.0, 6.0, 2.0","absolute_longitude, depthError_log, nst_log",2.0,0.051562500000000004,0.75,1,18.5,49878,49878,0.25,0.00039979200740850507,0,0
"7.0, 6.0, 5.0, 3.0, 6.0, 0.0, 0.0","latitude, dmin_log, horizontalError_log, depth_signed_log, depthError_log, net_us, east_west",2.0,0.0,0.0,1,21.0,49878,49878,0.5833333333333334,0.0004538179543556003,0,1
"1.0, 4.0, 4.0, 0.0, 6.0, 0.0","longitude, dmin_log, horizontalError_log, net_us, nst_log, east_west",1.0,0.1,1.0,1,13.0,49879,49879,0.5,0.00028093492412489547,0,0
"0.0, 6.0, 0.0","latitude, absolute_longitude, east_west",1.0,0.07775999999999998,0.6,1,15.8,49981,49879,0.25,0.0003414439847056422,3,5
"0.0, 5.0, 3.0, 2.0, 0.0","longitude, latitude, dmin_log, depth_signed_log, net_us",0.0,0.04018775720164611,0.8333333333333334,1,14.36,49881,49881,0.4166666666666667,0.00031032503926411526,0,0
"0.0, 0.0, 7.0, 6.0, 7.0, 7.0","latitude, absolute_longitude, rms_log, depthError_log, nst_log, station_coverage",5.0,0.1,1.0,1,34.0,49883,49883,0.5,0.0007347528784804958,0,0
"6.0, 0.0, 7.0, 6.0, 6.0, 1.0, 7.0, 0.0","longitude, latitude, dmin_log, horizontalError_log, depthError_log, net_us, nst_log, east_west",5.0,0.1,1.0,1,34.0,49883,49883,0.6666666666666666,0.0007347528784804958,0,0
"1.0, 2.0, 1.0, 0.0, 7.0","absolute_longitude, dmin_log, depthError_log, net_us, nst_log",1.0,0.007775999999999998,0.6,1,19.4,49884,49884,0.4166666666666667,0.00041924134830945934,0,0
"1.0, 1.0, 0.0, 7.0","absolute_longitude, depthError_log, net_us, station_coverage",4,0.007775999999999998,0.6,1,19.4,49884,49884,0.3333333333333333,0.00041924134830945934,0,0
"4.0, 6.0, 0.0, 0.0","dmin_log, horizontalError_log, net_us, east_west",1.0,0.0,0.0,1,14.0,49887,49887,0.3333333333333333,0.00030254530290373355,0,1
"7.0, 0.0, 7.0, 4.0, 1.0","longitude, latitude, rms_log, depthError_log, net_us",5.0,1.0,1.0,1,19.0,49932,49889,0.4166666666666667,0.0004105971967979241,1,1
"7.0, 0.0, 7.0, 1.0, 5.0","longitude, latitude, rms_log, net_us, nst_log",5.0,0.0,0.0,1,11.0,49889,49889,0.4166666666666667,0.00023771416656721923,0,1
"4.0, 2.0, 1.0, 0.0, 0.0, 0.0, 4.0","longitude, absolute_longitude, rms_log, horizontalError_log, net_us, east_west, station_coverage",0.0,0.0835088461134468,0.9615384615384616,1,16.799249614356437,49890,49890,0.5833333333333334,0.0003630381473664927,0,0
"4.0, 3.0, 0.0, 0.0, 3.0, 0.0, 4.0","longitude, latitude, horizontalError_log, net_us, nst_log, east_west, station_coverage",0.0,0.0835088461134468,0.9615384615384616,1,22.152,49890,49890,0.5833333333333334,0.00047871311070882185,0,0
"6.0, 1.0, 4.0, 0.0, 1.0","latitude, dmin_log, horizontalError_log, net_us, nst_log",0.0,0.1,1.0,1,11.208,49892,49892,0.4166666666666667,0.00024220912535321756,0,0
"4.0, 4.0, 3.0, 2.0, 0.0, 3.0, 3.0","absolute_longitude, dmin_log, rms_log, horizontalError_log, net_us, nst_log, station_coverage",0.0,1.0,1.0,1,6.0,49896,49896,0.5833333333333334,0.00012966227267302867,1,1
"6.0, 0.0, 7.0, 7.0","longitude, absolute_longitude, depth_signed_log, depthError_log",4,0.07564544677734375,0.9375,1,24.5,49897,49897,0.3333333333333333,0.0005294542800815338,0,0
"6.0, 0.0, 7.0, 1.0, 6.0, 5.0","longitude, latitude, depthError_log, net_us, nst_log, station_coverage",4,0.07564544677734375,0.9375,1,20.172800000000002,49897,49897,0.5,0.0004359418490297455,0,0
"5.0, 0.0, 3.0","horizontalError_log, net_us, nst_log",1.0,1.0,1.0,1,17.0,49947,49898,0.25,0.0003673764392402479,1,1
"7.0, 6.0, 5.0, 6.0, 0.0, 3.0","latitude, rms_log, horizontalError_log, depthError_log, net_us, nst_log",1.0,0.1,1.0,1,19.8,49898,49898,0.5,0.0004278854998209946,0,0
"1.0, 0.0, 0.0, 7.0, 7.0","rms_log, horizontalError_log, net_us, nst_log, station_coverage",2.0,1.0,1.0,1,18.0,49993,49899,0.4166666666666667,0.00038898681801908603,1,1
"4.0, 1.0, 1.0, 0.0, 0.0, 0.0, 7.0, 7.0","absolute_longitude, dmin_log, rms_log, horizontalError_log, depthError_log, net_us, nst_log, station_coverage",2.0,0.1,1.0,1,14.0,49899,49899,0.6666666666666666,0.00030254530290373355,0,0
"2.0, 2.0, 0.0, 2.0, 3.0","longitude, dmin_log, net_us, nst_log, station_coverage",1.0,0.0783526166468459,0.9523809523809523,1,23.490116711689748,49900,49900,0.4166666666666667,0.0005076303196987306,0,0
"3.0, 2.0, 0.0","horizontalError_log, depthError_log, east_west",2.0,0.010240000000000003,0.4,1,11.0,49967,49903,0.25,0.00023771416656721923,2,5
"3.0, 2.0, 2.0, 0.0, 0.0","absolute_longitude, horizontalError_log, depthError_log, net_us, east_west",1.0,0.0,0.0,1,12.5,49904,49904,0.4166666666666667,0.0002701297347354764,0,2
"0.0, 5.0, 4.0","longitude, latitude, nst_log",2.0,1.0,1.0,1,14.0,49943,49905,0.25,0.00030254530290373355,1,1
"7.0, 7.0, 6.0, 1.0, 4.0","longitude, dmin_log, depthError_log, net_us, station_coverage",4.0,0.06982844953101751,0.9306930693069307,1,19.602432542551192,49906,49906,0.4166666666666667,0.00042361599223115386,0,0
"5.0, 3.0, 0.0, 1.0","longitude, latitude, dmin_log, horizontalError_log",1.0,1.0,1.0,1,35.0,49944,49909,0.3333333333333333,0.0007563632572593339,1,1
"5.0, 3.0, 1.0, 0.0","longitude, latitude, horizontalError_log, east_west",1.0,1.0,1.0,1,35.0,49944,49909,0.3333333333333333,0.0007563632572593339,1,1
"5.0, 7.0, 6.0, 6.0, 7.0, 0.0","latitude, absolute_longitude, dmin_log, depth_signed_log, depthError_log, net_us",3.0,0.1,1.0,1,30.0,49910,49910,0.5,0.0006483113633651434,0,0
"4.0, 0.0, 0.0, 0.0","absolute_longitude, rms_log, net_us, east_west",0.0,0.2373046875,0.75,1,31.0,49963,49911,0.3333333333333333,0.0006699217421439814,3,4
"1.0, 3.0, 0.0, 4.0, 5.0","latitude, depth_signed_log, net_us, nst_log, station_coverage",1.0,0.1,1.0,1,13.0,49912,49912,0.4166666666666667,0.00028093492412489547,0,0
"1.0, 1.0, 4.0, 3.0, 0.0, 0.0, 5.0","latitude, absolute_longitude, rms_log, depthError_log, net_us, east_west, station_coverage",1.0,0.1,1.0,1,12.5,49912,49912,0.5833333333333334,0.0002701297347354764,0,0
"5.0, 2.0, 1.0, 3.0","longitude, latitude, absolute_longitude, rms_log",0.0,0.1,1.0,1,26.0,49913,49913,0.3333333333333333,0.0005618698482497909,0,0
"5.0, 2.0, 1.0, 5.0, 0.0, 0.0","longitude, latitude, absolute_longitude, depth_signed_log, net_us, east_west",0.0,0.1,1.0,1,24.080000000000002,49913,49913,0.5,0.0005203779209944217,0,0
"1.0, 7.0, 1.0, 7.0, 1.0","latitude, dmin_log, net_us, nst_log, east_west",4,0.0,0.0,1,33.0,49914,49914,0.4166666666666667,0.0007131424997016577,0,1
"4.0, 0.0, 0.0, 0.0","absolute_longitude, rms_log, net_us, east_west",2,0.0,0.0,1,33.0,49915,49915,0.3333333333333333,0.0007131424997016577,0,3
"3.0, 0.0, 0.0, 1.0, 3.0","longitude, rms_log, depth_signed_log, nst_log, station_coverage",0.0,0.1,1.0,1,31.804864000000002,49916,49916,0.4166666666666667,0.0006873151580494322,0,0
"0.0, 6.0, 7.0, 7.0, 0.0","longitude, latitude, horizontalError_log, depthError_log, net_us",0,0.0,0.0,1,28.0,49920,49920,0.4166666666666667,0.0006050906058074671,0,2
"0.0, 6.0, 7.0, 7.0, 0.0, 1.0","longitude, latitude, horizontalError_log, depthError_log, net_us, nst_log",0,0.1,1.0,1,12.0,49920,49920,0.5,0.00025932454534605733,0,0
"7.0, 3.0, 7.0, 7.0, 7.0, 5.0, 1.0, 6.0","longitude, latitude, rms_log, horizontalError_log, depth_signed_log, depthError_log, east_west, station_coverage",4.0,0.1,1.0,1,9.0,49921,49921,0.6666666666666666,0.00019449340900954301,0,0
"7.0, 3.0, 5.0, 7.0, 1.0, 1.0, 6.0","longitude, latitude, absolute_longitude, depth_signed_log, net_us, east_west, station_coverage",4,0.1,1.0,1,17.5,49921,49921,0.5833333333333334,0.00037818162862966693,0,0
"5.0, 2.0, 2.0, 0.0, 3.0, 0.0","longitude, absolute_longitude, depth_signed_log, net_us, nst_log, east_west",0.0,0.1,1.0,1,23.0,49923,49923,0.5,0.0004970387119132766,0,0
"0.0, 1.0, 7.0, 1.0","latitude, net_us, nst_log, east_west",5.0,1.0,1.0,2,30.0,49998,49924,0.3333333333333333,0.0012966227267302867,2,2
"7.0, 0.0, 7.0, 6.0, 1.0","longitude, latitude, rms_log, depthError_log, net_us",5.0,0.0,0.0,1,17.0,49924,49924,0.4166666666666667,0.0003673764392402479,0,1
"7.0, 6.0, 0.0, 3.0","latitude, horizontalError_log, net_us, nst_log",1.0,1.0,1.0,1,24.0,49972,49925,0.3333333333333333,0.0005186490906921147,3,3
"2.0, 4.0, 3.0, 0.0","longitude, dmin_log, depth_signed_log, net_us",1.0,0.05726966784000001,0.8400000000000001,1,17.055966640299467,49926,49926,0.3333333333333333,0.00036858589953609833,0,0
"4.0, 0.0","absolute_longitude, net_us",1.0,0.03125,0.5,1,23.68,49972,49926,0.16666666666666666,0.0005117337694828865,3,6
"7.0, 6.0","latitude, horizontalError_log",1.0,1.0,1.0,1,23.0,49980,49927,0.16666666666666666,0.0004970387119132766,4,4
"7.0, 6.0, 6.0, 0.0","latitude, dmin_log, horizontalError_log, net_us",1.0,1.0,1.0,1,26.0,49972,49927,0.3333333333333333,0.0005618698482497909,2,2
"5.0, 7.0, 7.0, 0.0","latitude, absolute_longitude, rms_log, east_west",3.0,0.05904900000000001,0.9,1,21.592256,49928,49928,0.3333333333333333,0.00046661683084963984,0,0
"1.0, 1.0, 3.0, 0.0","longitude, latitude, depthError_log, east_west",5,0.006262164207306115,0.5615942028985508,1,11.318226778067721,49929,49929,0.3333333333333333,0.00024459116777883196,0,0
"1.0, 0.0, 0.0, 3.0","longitude, net_us, east_west, station_coverage",1.0,1.0,1.0,1,25.0,49953,49929,0.3333333333333333,0.0005402594694709527,1,1
"0.0, 7.0, 1.0, 2.0","latitude, depthError_log, net_us, station_coverage",4.0,0.1,1.0,1,25.087616215928932,49933,49933,0.3333333333333333,0.0005421528890843455,0,0
"5.0, 7.0, 7.0, 1.0, 1.0, 5.0","latitude, horizontalError_log, depthError_log, net_us, east_west, station_coverage",4,0.1,1.0,1,22.666666666666668,49935,49935,0.5,0.0004898352523203305,0,0
"7.0, 7.0, 5.0","longitude, depthError_log, station_coverage",4,0.1,1.0,1,23.0,49935,49935,0.25,0.0004970387119132766,0,0
"7.0, 0.0, 0.0, 6.0","longitude, latitude, absolute_longitude, dmin_log",3.0,0.03125,0.5,1,25.0,49937,49937,0.3333333333333333,0.0005402594694709527,1,2
"1.0, 7.0, 2.0, 0.0, 0.0","longitude, latitude, dmin_log, east_west, station_coverage",0.0,1.0,1.0,1,35.0,49990,49938,0.4166666666666667,0.0007563632572593339,1,1
"1.0, 5.0, 0.0","longitude, absolute_longitude, station_coverage",0.0,1.0,1.0,1,35.666666666666664,49990,49938,0.25,0.0007707701764452259,3,3
"4.0, 2.0, 0.0, 0.0, 5.0","rms_log, depthError_log, net_us, east_west, station_coverage",1.0,1.0,1.0,1,18.0,49994,49940,0.4166666666666667,0.00038898681801908603,1,1
"5.0, 3.0, 0.0, 1.0, 0.0, 0.0","longitude, latitude, dmin_log, horizontalError_log, net_us, east_west",1.0,0.1,1.0,1,35.0,49944,49944,0.5,0.0007563632572593339,0,0
"3.0, 0.0","latitude, east_west",1.0,0.03125,0.5,1,18.5,49979,49944,0.16666666666666666,0.00039979200740850507,1,2
"4.0, 0.0, 0.0, 1.0, 0.0","latitude, rms_log, net_us, nst_log, east_west",0.0,0.1,1.0,1,33.8438912,49945,49945,0.4166666666666667,0.000731379308181786,0,0
"1.0, 0.0, 6.0, 4.0, 4.0, 0.0, 0.0","longitude, latitude, absolute_longitude, horizontalError_log, depthError_log, net_us, east_west",1.0,0.1,1.0,1,29.0,49946,49946,0.5833333333333334,0.0006267009845863053,0,0
"1.0, 0.0, 4.0, 4.0","longitude, latitude, horizontalError_log, depthError_log",1.0,0.1,1.0,1,25.666666666666668,49946,49946,0.3333333333333333,0.0005546663886568449,0,0
"2.0, 7.0, 5.0, 0.0, 3.0","longitude, latitude, horizontalError_log, net_us, nst_log",1.0,0.1,1.0,1,19.240000000000002,49947,49947,0.4166666666666667,0.0004157836877048453,0,0
"1.0, 6.0, 7.0, 0.0, 0.0","latitude, dmin_log, depthError_log, net_us, east_west",3.0,0.1,1.0,1,16.75,49948,49948,0.4166666666666667,0.00036197384454553835,0,0
"5.0, 6.0, 3.0","longitude, dmin_log, horizontalError_log",3.0,0.1,1.0,1,8.0,49948,49948,0.25,0.00017288303023070488,0,0
"7.0, 5.0, 6.0, 6.0, 6.0, 6.0","latitude, absolute_longitude, dmin_log, rms_log, nst_log, station_coverage",2.0,1.0,1.0,1,6.0,49950,49950,0.5,0.00012966227267302867,1,1
"5.0, 3.0, 1.0, 0.0","latitude, horizontalError_log, depth_signed_log, nst_log",0.0,0.03201647236092616,0.7962962962962963,1,17.283071954646953,49951,49951,0.3333333333333333,0.00037349373140183463,0,0
"7.0, 7.0, 1.0, 1.0","longitude, depthError_log, net_us, east_west",4.0,0.0,0.0,1,29.0,49952,49952,0.3333333333333333,0.0006267009845863053,0,1
"7.0, 3.0, 0.0, 7.0, 1.0","longitude, latitude, absolute_longitude, depthError_log, east_west",4,0.1,1.0,1,22.666666666666668,49952,49952,0.4166666666666667,0.0004898352523203305,0,0
"7.0, 0.0","latitude, net_us",1.0,0.03125,0.5,1,30.0,49980,49953,0.16666666666666666,0.0006483113633651434,2,4
"7.0, 5.0, 6.0, 6.0, 6.0, 0.0, 3.0","latitude, absolute_longitude, dmin_log, horizontalError_log, depthError_log, net_us, nst_log",1.0,0.1,1.0,1,19.5,49953,49953,0.5833333333333334,0.0004214023861873432,0,0
"7.0, 0.0, 5.0, 7.0, 0.0, 0.0","longitude, absolute_longitude, dmin_log, depth_signed_log, net_us, east_west",3.0,0.0670176922268936,0.9230769230769231,1,19.538055365445558,49956,49956,0.5,0.0004222247770491888,0,0
"0.0, 6.0, 7.0, 1.0","latitude, rms_log, nst_log, east_west",5.0,1.0,1.0,1,31.0,49998,49957,0.3333333333333333,0.0006699217421439814,1,1
"1.0, 4.0, 4.0, 0.0","longitude, horizontalError_log, depthError_log, nst_log",0.0,1.0,1.0,1,38.0,49978,49958,0.3333333333333333,0.0008211943935958482,1,1
"6.0, 4.0, 0.0, 0.0","latitude, horizontalError_log, nst_log, east_west",0.0,0.1,1.0,1,27.0,49958,49958,0.3333333333333333,0.000583480227028629,0,0
"2.0, 2.0, 0.0, 7.0, 0.0, 4.0","rms_log, depthError_log, net_us, nst_log, east_west, station_coverage",2.0,0.003125,0.5,1,20.0,49959,49959,0.5,0.00043220757557676224,0,0
"0.0, 5.0, 1.0","latitude, depthError_log, net_us",4.0,0.13168724279835387,0.6666666666666666,2,20.333333333333332,49988,49960,0.25,0.0008788220703394165,2,3
"7.0, 1.0, 6.0, 4.0","dmin_log, net_us, nst_log, station_coverage",4.0,1.0,1.0,1,24.0,49962,49960,0.3333333333333333,0.0005186490906921147,1,1
"6.0, 1.0, 1.0, 4.0","longitude, latitude, absolute_longitude, rms_log",1.0,1.0,1.0,1,18.0,49994,49961,0.3333333333333333,0.00038898681801908603,1,1
"7.0, 6.0, 7.0, 1.0, 6.0, 4.0","longitude, absolute_longitude, dmin_log, net_us, nst_log, station_coverage",4.0,0.1,1.0,1,24.0,49962,49962,0.5,0.0005186490906921147,0,0
"6.0, 4.0","rms_log, station_coverage",4.0,0.1,1.0,1,31.0,49962,49962,0.16666666666666666,0.0006699217421439814,0,0
"4.0, 1.0, 2.0, 0.0, 0.0","latitude, dmin_log, depth_signed_log, nst_log, east_west",0.0,0.08276091094715003,0.9594594594594594,1,31.494796511113243,49963,49963,0.4166666666666667,0.0006806144821675862,0,0
"0.0, 7.0, 6.0, 1.0, 3.0","latitude, horizontalError_log, depthError_log, net_us, station_coverage",4,0.1,1.0,1,19.333333333333332,49964,49964,0.4166666666666667,0.0004178006563908701,0,0
"0.0, 7.0, 7.0, 4.0, 3.0, 3.0","latitude, dmin_log, rms_log, depth_signed_log, nst_log, station_coverage",5,0.1,1.0,1,16.2,49964,49964,0.5,0.0003500881362171774,0,0
"7.0, 1.0, 1.0, 7.0","dmin_log, net_us, east_west, station_coverage",5.0,1.0,1.0,2,31.0,49998,49965,0.3333333333333333,0.0013398434842879629,1,1
"7.0, 5.0, 1.0, 7.0","rms_log, depth_signed_log, east_west, station_coverage",5.0,0.054349632073343514,0.8825757575757576,1,46.81507072,49965,49965,0.3333333333333333,0.0010116914108172935,0,0
"0.0, 3.0, 2.0, 6.0","latitude, horizontalError_log, depthError_log, nst_log",2.0,0.0,0.0,1,18.0,49967,49967,0.3333333333333333,0.00038898681801908603,0,1
"7.0, 0.0, 7.0, 6.0, 1.0","longitude, latitude, rms_log, horizontalError_log, net_us",0,0.0,0.0,1,15.0,49968,49968,0.4166666666666667,0.0003241556816825717,0,1
"0.0, 7.0, 6.0, 7.0, 4.0","longitude, absolute_longitude, dmin_log, depthError_log, nst_log",2.0,0.1,1.0,1,31.333333333333332,49970,49970,0.4166666666666667,0.0006771252017369275,0,0
"7.0, 6.0, 7.0, 4.0, 0.0","absolute_longitude, dmin_log, depthError_log, nst_log, east_west",2.0,0.1,1.0,1,31.333333333333332,49970,49970,0.4166666666666667,0.0006771252017369275,0,0
"1.0, 1.0, 0.0, 4.0, 0.0","longitude, latitude, net_us, nst_log, east_west",2,9.765625e-05,0.25,1,16.75,49971,49971,0.4166666666666667,0.00036197384454553835,0,0
"1.0, 7.0, 0.0, 4.0, 0.0","longitude, depth_signed_log, net_us, nst_log, east_west",2,9.765625e-05,0.25,1,16.75,49971,49971,0.4166666666666667,0.00036197384454553835,0,0
"7.0, 6.0, 7.0, 5.0, 1.0, 1.0","longitude, horizontalError_log, depth_signed_log, depthError_log, east_west, station_coverage",2.0,1.0,1.0,1,34.0,49973,49973,0.5,0.0007347528784804958,1,1
"1.0, 0.0, 0.0, 0.0","latitude, absolute_longitude, net_us, east_west",1.0,0.0,0.0,1,13.0,49976,49976,0.3333333333333333,0.00028093492412489547,0,1
"1.0, 0.0, 2.0, 0.0","latitude, absolute_longitude, rms_log, east_west",1.0,0.0,0.0,1,13.0,49976,49976,0.3333333333333333,0.00028093492412489547,0,1
"5.0, 2.0, 1.0, 3.0","longitude, latitude, absolute_longitude, station_coverage",0.0,0.1,1.0,1,22.664,49977,49977,0.3333333333333333,0.000489777624643587,0,0
"5.0, 2.0","longitude, latitude",0.0,0.1,1.0,1,22.664,49977,49977,0.16666666666666666,0.000489777624643587,0,0
"3.0, 1.0, 0.0, 0.0","latitude, dmin_log, net_us, east_west",1.0,0.0013233719653374116,0.42105263157894735,1,19.569992838873087,49979,49979,0.3333333333333333,0.00042291495794719676,0,0
"0.0, 0.0, 7.0","net_us, east_west, station_coverage",1.0,0.0,0.0,1,18.0,49979,49979,0.25,0.00038898681801908603,0,1
"7.0, 6.0, 0.0","latitude, horizontalError_log, east_west",1.0,0.06805831970337532,0.9259259259259259,1,25.52948437395873,49980,49980,0.25,0.000551701827349677,0,0
"7.0, 6.0, 7.0, 0.0","latitude, horizontalError_log, depth_signed_log, net_us",1.0,0.1,1.0,1,23.0,49980,49980,0.3333333333333333,0.0004970387119132766,0,0
"0.0, 6.0, 6.0, 0.0, 5.0","latitude, absolute_longitude, depth_signed_log, net_us, station_coverage",4,0.013168724279835387,0.6666666666666666,1,18.033484659753448,49981,49981,0.4166666666666667,0.0003897104341996385,0,0
"3.0, 5.0, 1.0, 0.0, 0.0, 0.0","longitude, latitude, dmin_log, depth_signed_log, net_us, east_west",0.0,0.014437976426629319,0.674384236453202,1,26.532530615608806,49983,49983,0.5,0.000573378036564425,0,0
"5.0, 2.0, 0.0, 2.0","longitude, absolute_longitude, net_us, station_coverage",0.0,0.03951721830189802,0.8285714285714285,1,20.445380915199998,49985,49985,0.3333333333333333,0.00044183242585509974,0,0
"5.0, 3.0, 0.0","longitude, rms_log, east_west",0.0,0.03951721830189802,0.8285714285714285,1,19.36224,49985,49985,0.25,0.0004184253404067704,0,0
"0.0, 1.0, 0.0","rms_log, horizontalError_log, depth_signed_log",0.0,0.0534824985896467,0.8823529411764706,1,26.4165184397312,49987,49987,0.25,0.0005708709695007528,0,0
"0.0, 5.0","rms_log, station_coverage",0.0,0.0534824985896467,0.8823529411764706,1,26.4165184397312,49987,49987,0.16666666666666666,0.0005708709695007528,0,0
"5.0, 1.0","depthError_log, net_us",4.0,0.0,0.0,1,34.0,49988,49988,0.16666666666666666,0.0007347528784804958,0,1
"5.0, 5.0, 1.0, 7.0","depth_signed_log, depthError_log, net_us, nst_log",5.0,0.084518076545487,0.9642857142857143,1,34.0,49989,49989,0.3333333333333333,0.0007347528784804958,0,0
"0.0, 7.0, 7.0, 1.0, 7.0, 0.0, 7.0","latitude, dmin_log, horizontalError_log, net_us, nst_log, east_west, station_coverage",5.0,1.0,1.0,1,43.0,49995,49989,0.5833333333333334,0.0009292462874900388,1,1
"4.0, 3.0, 2.0, 1.0, 0.0, 5.0","longitude, absolute_longitude, dmin_log, depth_signed_log, net_us, station_coverage",2.0,1.0,1.0,1,13.0,49991,49991,0.5,0.00028093492412489547,1,1
"1.0, 3.0, 0.0, 0.0","dmin_log, horizontalError_log, nst_log, east_west",0.0,0.0795245,0.95,1,19.0,49992,49992,0.3333333333333333,0.0004105971967979241,0,0
"3.0, 4.0, 3.0, 1.0, 0.0, 0.0, 0.0, 7.0, 7.0","longitude, latitude, absolute_longitude, rms_log, horizontalError_log, depthError_log, net_us, nst_log, station_coverage",0,0.1,1.0,1,15.333333333333334,49993,49993,0.75,0.00033135914127551774,0,0
"0.0, 1.0, 0.0, 0.0, 0.0, 7.0, 7.0","dmin_log, rms_log, horizontalError_log, depthError_log, net_us, nst_log, station_coverage",2.0,0.0512908935546875,0.875,1,13.8592,49993,49993,0.5833333333333334,0.00029950256157167316,0,0
"1.0, 4.0, 2.0, 0.0, 0.0, 5.0","latitude, rms_log, depthError_log, net_us, east_west, station_coverage",1.0,0.1,1.0,1,18.0,49994,49994,0.5,0.00038898681801908603,0,0
"4.0, 0.0, 5.0","rms_log, east_west, station_coverage",1.0,0.04018775720164611,0.8333333333333334,1,14.701890559999999,49994,49994,0.25,0.00031771342376662434,0,0
"6.0, 0.0, 0.0, 4.0, 3.0","longitude, absolute_longitude, dmin_log, horizontalError_log, nst_log",3,0.04018775720164611,0.8333333333333334,1,15.144972800000001,49997,49997,0.4166666666666667,0.00032728859880320045,0,0
"0.0, 7.0, 1.0, 7.0, 1.0, 7.0","latitude, dmin_log, net_us, nst_log, east_west, station_coverage",5.0,0.1,1.0,1,42.0,49998,49998,0.5,0.0009076359087112006,0,0
"7.0, 0.0, 0.0, 4.0, 0.0, 0.0, 0.0","longitude, latitude, absolute_longitude, horizontalError_log, net_us, nst_log, station_coverage",2.0,0.003125,0.5,1,22.48,49999,49999,0.5833333333333334,0.00048580131494828073,0,0
