Specified Values,Specified Attribute Names,mag_class,Fitness,Accuracy,Numerosity,Avg Match Set Size,TimeStamp GA,Iteration Initialized,Specificity,Deletion Probability,Correct Count,Match Count
"[1785468497.9772298,1787099281.42677], [-194.419898,-100.84210200000001], [-144.94699999999997,144.94699999999997], [15.909999999999997,222.09], [-6.996315,7.396315], [0.40000000000000013,1.8], [-3.96,3.96], [1786039552.0949998,1786790776.447], [2947.04,4532.96], 3.0, [-16.475,26.275], [-9.275115,9.275115], [-2.58,2.58]","time, longitude, depth, gap, dmin, rms, net, updated, place, type, horizontalError, depthError, locationSource",0.0,0.13168724279835387,0.6666666666666666,1,20.0,8538,12,0.8125,0.00020562597160656611,2,3
"[30.327571333332997,68.422095333333], [-221.30392133332998,-19.751745333329993], [-161.77824999999999,161.05824999999996], [-75.3,93.3], [68.77,295.23], [-5.834735000000001,7.0019350000000005], [3488.7799999999997,5917.22], 2.0, [16.151474999999998,47.068525], [7.5600000000000005,16.439999999999998]","latitude, longitude, depth, nst, gap, dmin, place, type, depthError, locationSource",1.0,0.08825375108068294,0.6153846153846154,1,31.454964224,8544,18,0.625,0.0003233978790204889,8,13
"[1786293472.94371,1787613630.9742901], [45.27925000000002,434.0007499999999], [-82.97,124.97], [7.66,12.34], [1786674302.008,1787399622.072], [-622.86,1210.8600000000001], [-9.254999999999999,23.995], [-9.459253000000002,31.351253], [5.8,14.2]","time, depth, nst, net, updated, place, horizontalError, depthError, locationSource",4.0,0.15359020233154297,0.6875,1,51.40523273830401,8610,84,0.5625,0.0005285125463737712,11,16
"[-254.85266099999998,-202.77843035554397], [-154.92399999999998,161.32399999999996], [-11.65869,12.45869], [-0.8039999999999999,1.604], [-2.52,2.52], 0.0","longitude, depth, dmin, rms, net, type",1.0,0.006285491210937498,0.575,1,6.980507446677908,92,92,0.375,7.176868130150075e-05,0,0
"[1785678756.70103,1786791831.1189702], [-257.77431044921997,12.161639550779967], [-244.25875005722045,249.87874994277948], [-13.024799000000002,13.037531000000001], [-1.8459999999999999,1.906], [1.8199999999999998,8.18], 0.0, [-11.645,12.105], [-20.653593995,21.393594005000004], 0.0, [2.5999999999999996,7.4]","time, longitude, depth, dmin, rms, net, type, horizontalError, depthError, status, locationSource",1.0,0.03649745326498895,0.5157657657657657,1,85.61748714770079,9949,93,0.6875,0.0008802589490629331,229,444
"[1785774116.65829,1787042503.7857099], [26.332997999999996,93.73100199999999], [51.345,194.655], [-4.38,4.38], [1785908731.375,1787048520.047], [2087.5,5804.5], 0.0, [-16.370188999999996,19.493589], 1.0, [-1.6800000000000002,1.6800000000000002]","time, latitude, nst, net, updated, place, type, depthError, status, locationSource",2.0,0.17405764484871927,0.7049180327868853,1,71.13573806746174,9952,145,0.625,0.0007313677628036007,43,61
"[13.952018999999993,106.257981], [-37.27799999999999,331.678], [160.89,335.11], [-56.05,96.05], [-3.96,3.96], [1900.3,5121.7], 0.0, [-12.014061,13.956261], [-3.3600000000000003,3.3600000000000003]","latitude, depth, nst, gap, net, place, type, depthError, locationSource",3.0,0.43375716751999094,0.8461538461538461,1,27.876813312000003,9033,267,0.5625,0.00028660984112874284,11,13
"[1785455880.6144702,1787537748.12624], [90.65015048894463,204.74349999999998], [199.43,378.57], [-9.319245,12.286215], [-0.8999999999999999,2.492], [-3.4200000000000004,3.4200000000000004], [1786898533.728,1788297365.28], [-11.23425848854153,18.508661], [-2.52,2.52]","time, depth, gap, dmin, rms, net, updated, depthError, locationSource",2.0,0.0,0.0,1,98.0,414,414,0.5625,0.001007567260872174,0,1
"[-77.508064,6.020489000000001], [-2.8996369999999985,245.441437], [-154.71249999999998,220.83199999999997], [-15.439999999999998,119.44], [-5.366235000000001,15.250235000000002], [-0.45600000000000007,1.4260000000000002], [6.1,13.9], [1787753162.2788491,1788600158.1200001], 0.0","latitude, longitude, depth, nst, dmin, rms, net, updated, type",5.0,0.006874884690045616,0.5119047619047619,1,20.333333333333332,533,533,0.5625,0.00020905307113334222,0,0
"[-77.92749999999998,119.72749999999999], [-62.754999999999995,136.755], [186.54,301.46], [-8.64877,9.24477], [-0.8879999999999999,1.968], [1785821829.843,1787168852.8190002], 0.0, [-33.129999999999995,35.269999999999996], 1.0","depth, nst, gap, dmin, rms, updated, type, horizontalError, status",2.0,0.027024524699793526,0.4856815578465063,1,79.46959730069544,9952,594,0.5625,0.0008170506579069022,424,873
"[52.024407,199.589393], [-6.770000000000003,184.25660444467965], [-1.286,2.4659999999999997], [-7.993456,21.2744235], 1.0","longitude, nst, rms, depthError, status",4,0.07055684888762791,0.5884476534296029,1,71.07625383745464,9986,794,0.3125,0.0006975379644057016,489,831
"[70.25941,161.94813399999998], [-100.58024999999998,182.21349999999998], [-1.286,2.4659999999999997], 0.0, [8.5,11.5]","longitude, depth, rms, type, locationSource",4.0,0.29216374136964296,0.7818532818532818,1,76.1729561970177,9986,955,0.3125,0.000763038862822866,405,518
"[1784909457.75998,1785893104.9200199], [27.828502625609133,107.94500000000001], [-63.25882918380863,236.05], [-9.896345,9.942145], [-1.1760000000000002,1.456], [1785085455.1,1785733062.3000002], [-1654.8200000000002,1764.8200000000002], [-22.6177875,23.7577875]","time, nst, gap, dmin, rms, updated, place, depthError",1.0,0.0713372140882071,0.5897435897435898,1,50.41320950612124,9809,1031,0.5,0.0005183132593250778,69,117
"[1785678756.70103,1786791831.1189702], [-244.25875005722045,249.87874994277948], [-57.3,111.3], [1.8199999999999998,8.18], 0.0, [-11.645,12.105], 0.0, [-1.690598176832248,7.4]","time, depth, nst, net, type, horizontalError, status, locationSource",1.0,0.033237290002836775,0.5062034739454094,1,85.61748714770079,9949,1039,0.5,0.0008802589490629331,204,403
"[-6.770000000000003,184.25660444467965], [0.5916683029425414,2.4659999999999997], [-5.390027354186316,21.2744235], [8.5,11.5]","nst, rms, depthError, locationSource",4,0.1290655670966479,0.6639908256880734,2,58.39969290608606,9996,1071,0.25,0.0012645898587421895,579,872
"[12.465420000000023,228.41418], [-6.770000000000003,184.25660444467965], [-5.390027354186316,21.2744235], [7.6,11.5]","longitude, nst, depthError, locationSource",4.0,0.1478210654286754,0.6822558459422283,1,71.08560403800229,9986,1109,0.25,0.0006976581296602219,496,727
"[1784534165.64312,1787046005.37635], [-44.818801273367555,81.267212666667], [-202.86498333332997,-22.907683333330013], [-94.02749999999999,189.98705], [-43.95,141.95], [-8.744970617154962,11.530264999999998], [6.0,12.0], 0.0, [7.02,10.98]","time, latitude, longitude, depth, gap, dmin, net, type, locationSource",1.0,0.036781564958056324,0.516566265060241,1,77.33089956555223,9883,1146,0.5625,0.0007950620679188229,343,664
"[1785033553.01802,1786638451.01598], [-46.80233399999998,161.94813399999998], [-120.85749999999999,182.21349999999998], [-16.96,72.96000000000001], [63.359999999999985,252.64000000000001], [-0.05400000000000005,1.514], [1786627116.824,1788284991.256], [-1286.1599999999999,2282.16], [-17.735,40.214999999999996], [-16.3137875,30.061787499999998]","time, longitude, depth, nst, gap, rms, updated, place, horizontalError, depthError",4.0,0.9029894958315272,0.9797979797979798,1,95.38024576495023,9986,1232,0.625,0.0009806327853745477,97,99
"[1787108843.34314,1787988948.69686], [8.788765916259997,52.769436], [19.810000000000002,192.19], 0.0, [-9.7126265,10.692626500000001]","time, latitude, gap, type, depthError",0.0,0.0346525580064234,0.5104427736006684,1,84.18481713613627,9967,1367,0.3125,0.0007837538923041741,611,1197
"[1784513187.5504398,1787051850.3986], [-6.770000000000003,88.77000000000001], [-1.286,2.4659999999999997], [1786696410.5149999,1788017529.203], [-22.799999999999997,36.1], [7.54,12.4]","time, nst, rms, updated, horizontalError, locationSource",4.0,0.027128797633689694,0.4860557768924303,1,76.28522322002199,9986,1460,0.375,0.0007644816763031555,366,753
"[-95.55024999999999,121.87024999999998], [-9.886215000000002,12.09962], [-0.608,1.968], [4.66,9.34], [241.87999999999988,2918.12], [-13.003502000000001,14.203502], 1.0, [5.08,8.92]","depth, dmin, rms, net, place, depthError, status, locationSource",2.0,0.03960797831843654,0.5242718446601942,1,37.73967035471022,9381,1553,0.5,0.00038801281923994045,54,103
"[1785033553.01802,1786638451.01598], [-17.094550999999996,55.677338], [70.25941,161.94813399999998], [63.359999999999985,252.64000000000001], 0.0, [-22.799999999999997,40.214999999999996], [-7.033944499999999,30.061787499999998]","time, latitude, longitude, gap, type, horizontalError, depthError",4.0,0.6345375005651499,0.9130434782608695,1,85.96416709818658,9986,1703,0.4375,0.0008888718162452193,231,253
"[1785897700.1589298,1786751920.06107], [-17.094550999999996,21.023880000000005], [-6.770000000000003,184.25660444467965], [-1.286,2.4659999999999997], [5.8,14.2], [1785523929.112,1787129994.968], [-7.993456,11.793456], [8.5,11.5]","time, latitude, nst, rms, net, updated, depthError, locationSource",4.0,0.14812880887639787,0.6825396825396826,1,71.40081303332397,9645,1755,0.5,0.0007340930776738006,43,63
"[1784534165.64312,1787046005.37635], [-24.682035435690928,81.267212666667], [-248.92237866667,-54.54989266667002], [-77.54,113.54], [6.329999999999998,141.95], [-0.976,1.604], [-84.22000000000003,2344.2200000000003], 0.0, [-17.731059499999997,18.7510595], 1.0","time, latitude, longitude, nst, gap, rms, place, type, depthError, status",1.0,0.029533393314702866,0.4943820224719101,1,78.71309370360204,9987,1770,0.625,0.0008564497415746151,792,1602
"[1785611627.911689,1787046005.37635], [-3.7128793333329995,81.267212666667], [-250.57884895458997,-54.54989266667002], [32.12651490036175,113.54], [-4.821775,10.940410000000002], [-0.976,0.916], 0.0, [-16.215,17.035]","time, latitude, longitude, nst, dmin, rms, type, horizontalError",1.0,0.02232227408770877,0.4674634794156706,1,49.416724131410604,9846,1795,0.5,0.0057817231172295576,352,753
"[-62.754999999999995,136.755], [186.54,301.46], [-1.112,1.912], [1785821829.843,1787168852.8190002], 0.0, 1.0","nst, gap, rms, updated, type, status",2.0,0.028913181661737095,0.4922879177377892,1,79.4693020423712,9952,1859,0.375,0.0008170476222679123,383,778
"[-161.77824999999999,161.32399999999996], [-75.3,93.3], [68.77,295.23], [-5.834735000000001,7.0019350000000005], 2.0, [7.5600000000000005,16.439999999999998]","depth, nst, gap, dmin, type, locationSource",1.0,0.17359814762676115,0.7045454545454546,1,37.30041247243684,9727,2323,0.375,0.00038349667779852514,31,44
"[1787108843.34314,1787988948.69686], [-62.325,120.325], [19.810000000000002,192.19], 0.0, 1.0, [10.2,13.8]","time, nst, gap, type, status, locationSource",0.0,0.04886455635519026,0.5467625899280576,1,54.26078686147596,9938,2364,0.375,0.0005578713509263895,76,139
"[34.450803,79.871197], [-77.92749999999998,321.4985814561891], [-62.754999999999995,136.755], [186.54,301.46], [-11.65869,12.45869], 0.0, 1.0","latitude, depth, nst, gap, dmin, type, status",2.0,0.026586116437663274,0.4840954274353877,1,66.92699767438668,9952,2395,0.4375,0.0007650185458510976,487,1006
"[1787108843.34314,1787988948.69686], [-226.16693013323135,-73.08353733333], [-62.325,120.325], [19.810000000000002,192.19], 0.0, [10.2,13.8]","time, longitude, nst, gap, type, locationSource",0.0,0.05100488528217957,0.5514705882352942,1,54.26078686147497,9938,2438,0.375,0.0005578713509263794,75,136
"[1787078453.15098,1788062100.31102], [77.37748500000002,275.330515], [-41.985,61.985], [-9.786215,12.386215000000002], [-0.49999999999999994,0.8999999999999999], [-3.1928719622211976,4.0200000000000005], [1786982957.06,1788407692.9], [1067.48,2752.52], [3.974999999999998,56.22500000000001]","time, longitude, nst, dmin, rms, net, updated, place, horizontalError",3.0,0.16806999999999994,0.7,2,51.269696,9391,2497,0.5625,0.0010542381053973277,7,10
"[34.450803,79.871197], [-77.92749999999998,321.4985814561891], [-62.754999999999995,136.755], [186.54,301.46], [-11.653185,12.45869], [-3.3000000000000003,3.3000000000000003], 0.0, [-28.825,42.425]","latitude, depth, nst, gap, dmin, net, type, horizontalError",2.0,0.026694751053983994,0.4844903988183161,1,76.56204577018028,9952,2647,0.5,0.0008888445537369448,328,677
"[-46.80233399999998,161.94813399999998], [1786089383.9759998,1787540024.104], [-17.735,40.214999999999996], [-16.3137875,16.734843628019142], 1.0","longitude, updated, horizontalError, depthError, status",4.0,0.2943922530059213,0.7830423940149626,1,70.58766093422388,9986,2690,0.3125,0.0007257328181517318,314,401
"[1784513187.5504398,1787473429.36835], [-60.646028,3.821628000000004], [-6.770000000000003,133.70499999999998], [-6.570000000000007,172.57], [-3.6563250000000007,9.958325], [3605.88,6282.12], [8.5,12.4]","time, latitude, nst, gap, dmin, place, locationSource",4.0,0.23246189771549627,0.7469135802469136,1,52.18689162697278,9906,2838,0.4375,0.0005365490147961424,121,162
"[-6.770000000000003,184.25660444467965], [-6.570000000000007,172.57], [0.5916683029425414,2.4659999999999997], 1.0, [8.5,12.4]","nst, gap, rms, status, locationSource",4,0.22141656262776785,0.7396768402154399,1,60.43283462659658,9996,2948,0.3125,0.0006649563935659247,412,557
"[1785611627.911689,1787875152.7182841], [-250.57884895458997,-90.55995466667002], [32.12651490036175,58.745], [-4.821775,10.940410000000002], [-1.6239999999999997,1.904]","time, longitude, nst, dmin, rms",1.0,0.024899905362743828,0.477792732166891,1,47.00174176915773,9961,2968,0.3125,0.004929899086117164,355,743
"[1784513187.5504398,1787051850.3986], [-25.96,63.96], [0.5916683029425414,3.5952992443684497], [6.46,13.54], [-22.799999999999997,36.1], [8.5,12.4]","time, nst, rms, net, horizontalError, locationSource",4,0.18384059722752208,0.7126696832579186,1,60.262098638728006,9996,3083,0.375,0.0006622136003320431,315,442
"[-256.77347499999996,13.162474999999972], [-48.542555224535974,161.32399999999996], [-75.3,93.3], [68.77,295.23], [-5.834735000000001,7.0019350000000005], 2.0, [7.5600000000000005,16.439999999999998]","longitude, depth, nst, gap, dmin, type, locationSource",1.0,0.14082878195139625,0.6756756756756757,2,37.3001419233469,9727,3164,0.4375,0.0007669877924051016,25,37
"[1784687440.8357701,1786856723.91582], [-13.224175809815002,90.80317819018501], [-94.97,112.97], [53.95,206.05], [-0.8839999999999999,1.2439999999999998], [1.04,8.96], [3.32,6.68]","time, latitude, nst, gap, rms, net, locationSource",0.0,0.052295116800433965,0.5542328042328042,1,94.60008324478987,9984,3213,0.4375,0.0009587321624462894,419,756
"[1784551439.96787,1785768056.1921299], [16.075446666667,103.985886666667], [-260.23912933332997,-73.08353733333], [-94.97,112.97], [30.53,243.47], [3739.26,8013.594011493831], 0.0, [-16.025,17.225], [0.7999999999999998,4.34]","time, latitude, longitude, nst, gap, place, type, horizontalError, locationSource",0.0,0.5057654686881164,0.8725490196078431,1,106.52026674065617,9725,3309,0.5625,0.0010951666672169007,89,102
"[-283.37715299999996,-63.82924700000001], [171.60000000000002,374.4], [-0.8039999999999999,1.6919999999999997], [6.58,16.82742818284668], [1784901910.6999998,1787485689.832], [3667.8999999999996,5898.1]","longitude, gap, rms, net, updated, place",3.0,0.029412288803337433,0.4939759036144578,1,38.24346951773242,9943,3340,0.375,0.0003931925288594912,41,83
"[1784534165.64312,1787046005.37635], [-133.434867666667,-0.26646566666700267], [-172.38045,51.430871965576785], [-77.54,113.54], [1784572630.9662864,1787103090.556], [14.296451999999999,48.923548], 1.0","time, longitude, depth, nst, updated, depthError, status",1.0,0.09343698076092326,0.6224489795918368,2,46.45507115221082,9879,3383,0.4375,0.0009552369141725511,61,98
"[19.057816557861,58.617514557861], [-214.76024233332998,-95.98842433332999], [-67.89510268410527,112.97], [53.95,195.67000000000002], [-12.827703000000001,12.845637000000002], [-0.8839999999999999,1.2439999999999998], [1785734654.7159998,1786594224.8430002], [-16.025,17.225], [3.32,6.68]","latitude, longitude, nst, gap, dmin, rms, updated, horizontalError, locationSource",0.0,0.08863613244474716,0.615916955017301,1,90.59055374402517,9984,3395,0.5625,0.0009313885315996012,178,289
"[20.058853333332994,78.665813333333], [-256.77347499999996,13.162474999999972], [1785179870.596,1786760032.1640003], 2.0","latitude, longitude, updated, type",1.0,0.11950274109665414,0.6538461538461539,1,41.01370987667521,9727,3523,0.25,0.00042167419712905784,17,26
"[-17.094550999999996,55.677338], [-46.80233399999998,161.94813399999998], [1787113098.2879999,1788284991.256], 0.0, [-16.3137875,10.8979445], [7.54,12.46]","latitude, longitude, updated, type, depthError, locationSource",4.0,0.3343129831177878,0.8032128514056225,1,69.1079828176216,9951,3556,0.375,0.000672242486853313,200,249
"[7.899977,50.390023], [-248.92237866667,-54.54989266667002], [-94.02749999999999,189.98705], [-43.95,151.67000000000002], [-11.420145,11.530264999999998], [-0.8039999999999999,1.604], [6.0,12.0], [192.53999999999974,3017.46], 0.0, 1.0","latitude, longitude, depth, gap, dmin, rms, net, place, type, status",1.0,0.04008759110253892,0.5255354200988468,1,73.77206117962072,9979,3597,0.625,0.0007584725878739274,319,607
"[-87.33475,90.55475], [-28.795,80.795], [-10.42331,10.582150000000002], [-1.248,1.6079999999999999], [1786686592.6839998,1788473988.556], [-1088.5,2628.5], [-18.165000000000003,18.885], [12.132258499999999,51.0877415], 1.0, [8.9,13.1]","depth, nst, dmin, rms, updated, place, horizontalError, depthError, status, locationSource",2.0,0.00045182066995894555,0.21428571428571427,1,28.928866918399997,6749,3635,0.625,0.0002974263183786524,3,14
"[-260.23912933332997,-73.08353733333], [-224.6575,236.5375], [30.53,243.47], [-12.215005,12.291365], [-0.8839999999999999,1.2439999999999998], [-16.468571,21.868571], 1.0, [0.7999999999999998,4.34]","longitude, depth, gap, dmin, rms, depthError, status, locationSource",0.0,0.164934453805285,0.6973684210526315,1,85.50798075485547,9989,3637,0.5,0.0009244812075557127,1060,1520
"[1784734946.2073498,1786320544.7713618], [13.598759000000001,76.601241], [-168.17415833333,-78.19550833333001], [-80.705,90.705], [55.56999999999999,214.43], [-7.907675,8.040915], [-1.2999999999999998,1.5], [7.92,16.08], [1784834345.2740002,1785844612.506], 2.0, [18.3156685,44.9043315], [8.58,15.42]","time, latitude, longitude, nst, gap, dmin, rms, net, updated, type, depthError, locationSource",2.0,0.0003200000000000001,0.2,1,32.2,4956,3962,0.75,0.0003310578142865715,1,5
"[-171.18375,191.18375], [-6.770000000000003,184.25660444467965], [-6.570000000000007,172.57], [0.5916683029425414,2.4659999999999997], 0.0, 1.0, [8.5,12.4]","depth, nst, gap, rms, type, status, locationSource",4,0.19091534508692293,0.7180722891566265,1,63.47444738588132,9996,4082,0.4375,0.0007138184700408351,298,415
"[34.450803,79.871197], [15.921218986447855,136.755], [186.54,301.46], [-11.653185,12.853185], [-0.886,2.026], 0.0","latitude, nst, gap, dmin, rms, type",2.0,0.154499017558717,0.6883116883116883,2,77.62598223185445,9952,4231,0.375,0.001596191801833911,212,308
"[1787108843.34314,1787988948.69686], [8.788765916259997,52.769436], [-260.23912933332997,-73.08353733333], [19.810000000000002,192.19], [-1222.9,1502.9], 1.0","time, latitude, longitude, gap, place, status",0.0,0.06754356352880661,0.5833333333333334,1,76.68989399468543,9967,4434,0.375,0.0006874319639868387,189,324
"[1784334101.51891,1786171968.58109], [-229.1174999809265,68.2771876412605], [-55.655,87.655], [-1.482,1.604], [1785200303.006384,1785756089.7810001], 0.0, [-12.08,12.62], 0.0","time, depth, nst, rms, updated, type, horizontalError, status",1.0,0.06966740954451933,0.5869565217391305,1,76.04607929410074,9973,4462,0.5,0.0007818524470859717,54,92
"[-260.23912933332997,-73.08353733333], [30.53,243.47], [-12.215005,12.291365], [-0.8839999999999999,1.2439999999999998], 0.0, [-27.429999999999996,17.225], [-16.468571,21.868571], 1.0, [0.7999999999999998,4.34]","longitude, gap, dmin, rms, type, horizontalError, depthError, status, locationSource",0.0,0.1640017960507942,0.6965779467680608,1,85.50798075485547,9989,4485,0.5625,0.0009244812075557127,916,1315
"[1784534165.64312,1787046005.37635], [-202.86498333332997,-54.54989266667002], [-43.95,141.95], [-12.153185,12.353185], [6.0,13.620000000000001], [1785602281.2199998,1787103090.556], [-20.00727172341735,20.84272827658265], 1.0","time, longitude, gap, dmin, net, updated, horizontalError, status",1.0,0.05147118012013387,0.5524752475247525,1,80.32794703515187,9979,4496,0.5,0.0008258756078131942,279,505
"[18.421193000000002,107.796807], [51.345,120.35000000000001], [-55.57000000000001,123.57000000000001], [-3.9000000000000004,3.9000000000000004], [-18.2,23.599999999999998], 1.0, [-1.6800000000000002,1.6800000000000002]","latitude, nst, gap, net, horizontalError, status, locationSource",2.0,0.32252790144585197,0.7974683544303798,1,53.16823027703046,9806,4522,0.4375,0.0005466384504658017,63,79
"[-280.94553399999995,-72.19506600000003], [-6.770000000000003,184.25660444467965], [-6.570000000000007,172.57], [-4.85486,6.036860000000001], [0.5916683029425414,2.4659999999999997], [-28.605,42.644999999999996], [8.5,12.4]","longitude, nst, gap, dmin, rms, horizontalError, locationSource",4,0.06817245642686091,0.5844155844155844,1,46.162723519562554,9906,4631,0.4375,0.0004746127437857666,45,77
"[-28.086936385033603,21.023880000000005], [-280.94553399999995,-72.19506600000003], [-6.770000000000003,88.77000000000001], [-4.85486,12.87475], [1786206361.688,1787708810.392], [-7.145,42.644999999999996], 1.0, [8.5,11.5]","latitude, longitude, nst, dmin, updated, horizontalError, status, locationSource",4,0.6255689169996302,0.9104477611940298,2,52.00291629018608,9853,4673,0.5,0.0010693150188544438,61,67
"[1787886328.0835137,1787988948.69686], [-94.97,112.97], [19.810000000000002,192.19], [-1222.9,524.4478115142894]","time, nst, gap, place",0.0,0.00385173609954167,0.5213523131672598,1,72.73615226977557,4781,4781,0.25,0.0007478220990697871,0,0
"[51.345,120.35000000000001], [-55.57000000000001,123.57000000000001], [-1.0480366199236766,1.256], [-28.325000000000003,35.325], [-1.6800000000000002,1.6800000000000002]","nst, gap, rms, horizontalError, locationSource",2.0,0.3276800000000001,0.8,4,51.53358808900758,9946,4797,0.3125,0.0021193288242349496,60,75
"[-260.23912933332997,-73.08353733333], [53.54,168.46], [-1.632,1.672], [1787253731.916,1788004956.2680001], [3739.26,8013.594011493831], 0.0, [-10.409308529999999,12.46930847]","longitude, gap, rms, updated, place, type, depthError",0.0,0.05853987236172168,0.5668789808917197,1,91.48007672460552,9915,4833,0.4375,0.0009405339829570113,89,157
"[1785563670.3878055,1787046005.37635], [1.1396930000000012,58.727900847898276], [-172.38045,189.98705], [-43.95,177.09], [-12.153185,12.353185], [1784572630.9662864,1787103090.556], 1.0, [-2.0200000000000005,6.0200000000000005]","time, latitude, depth, gap, dmin, updated, status, locationSource",0,0.04441609342406283,0.5364238410596026,1,86.7010797586602,9989,4866,0.5,0.0008913996882356443,405,755
"[34.450803,79.871197], [15.921218986447855,136.755], [186.54,321.0857306452849], [-3.4200000000000004,3.4200000000000004], 0.0, 1.0, [-2.46,2.46]","latitude, nst, gap, net, type, status, locationSource",2.0,0.2662118732867609,0.7674418604651163,1,86.09733044234676,9952,4880,0.4375,0.0008851923612469568,132,172
"[-244.25875005722045,51.430871965576785], [-46.39,66.985], [-1.482,1.604], [2.5999999999999996,7.4], [1784572630.9662864,1787103090.556], [-12.08,12.62], [-16.234377519,21.393594005000004], 0.0","depth, nst, rms, net, updated, horizontalError, depthError, status",1.0,0.03986124777203103,0.5249406175771971,1,87.14287385086105,9973,4906,0.5,0.0008959419052085864,221,421
"[-46.80233399999998,161.94813399999998], [-120.85749999999999,182.21349999999998], [-16.96,72.96000000000001], [63.359999999999985,252.64000000000001], [-6.188789999999999,10.14879], [-0.05400000000000005,1.514], [6.04,13.96], [1786627116.824,1788284991.256], [-13.905000000000001,25.045], [-16.3137875,30.061787499999998]","longitude, depth, nst, gap, dmin, rms, net, updated, horizontalError, depthError",4.0,0.6193469797444633,0.9086294416243654,1,86.34865170446616,9986,4913,0.625,0.0008938130675410948,179,197
"[1786202774.86788,1786927567.51212], [-219.16677533333,-24.81289133333], [-149.07125,147.41124999999997], [183.39,416.61], [-8.78607,9.107470000000001], [-0.7899999999999999,0.89], [9.0,15.0], [563.8400000000001,4132.16], 2.0, 1.0, [10.08,13.92]","time, longitude, depth, gap, dmin, rms, net, place, type, status, locationSource",0.0,1.0,1.0,1,20.0,4961,4961,0.6875,0.00020562597160656611,1,1
"[-54.225,136.755], [186.54,296.57], [-12.01776,12.853185], [-1.076,1.556], [4.66,9.34], [1785286071.5379999,1786399955.9220002], [241.87999999999988,2918.12], [-26.195000000000004,27.955000000000002], [-13.003502000000001,26.8612465], [5.08,8.92]","nst, gap, dmin, rms, net, updated, place, horizontalError, depthError, locationSource",2.0,0.012558674125514407,0.4166666666666667,1,41.883274240000006,8739,4965,0.625,0.0004306144479832132,5,12
"[1785613688.55313,1786985617.48687], [-214.76024233332998,-95.98842433332999], [-67.89510268410527,20.543497118747226], [53.95,206.05], [-0.8839999999999999,1.2439999999999998], [-16.025,17.225], [3.32,6.68]","time, longitude, nst, gap, rms, horizontalError, locationSource",0.0,0.11713514660837492,0.6512345679012346,1,100.31067995947525,9984,4992,0.4375,0.00103132405145912,211,324
"[-28.086936385033603,21.023880000000005], [-6.57475,12.87475], [-0.03199999999999992,1.592], [3043.6800000000003,5224.32], [-7.033944499999999,10.8979445], 1.0, [8.5,11.5]","latitude, dmin, rms, place, depthError, status, locationSource",4.0,0.2373046875,0.75,1,55.428520852798115,9830,5013,0.4375,0.0005698771727535712,102,136
"[-44.818801273367555,44.43168241623394], [-202.86498333332997,-22.907683333330013], [-43.95,141.95], [-8.744970617154962,11.530264999999998], [6.0,12.0], [1785602281.2199998,1787103090.556], 0.0, 1.0","latitude, longitude, gap, dmin, net, updated, type, status",1.0,0.05942269875053789,0.5685785536159601,1,82.59368816568107,9979,5020,0.5,0.0008491703688818956,228,401
"[-260.23912933332997,-73.08353733333], [-94.97,112.97], [30.53,243.47], [-0.8839999999999999,1.2439999999999998], [2109.84,5678.16], [-27.429999999999996,17.225], 1.0, [0.7999999999999998,4.34]","longitude, nst, gap, rms, place, horizontalError, status, locationSource",0.0,0.2814655186409138,0.7760416666666666,1,117.27035577684515,9942,5134,0.5,0.0012056915423630733,447,576
"[-132.04424999999998,138.08425], [-33.09,156.67000000000002], [-0.596,1.604], 0.0, [-16.215,20.97], 0.0, [-4.32,4.32]","depth, gap, rms, type, horizontalError, status, locationSource",1.0,0.056313514709472656,0.5625,1,68.75950688846007,9971,5228,0.4375,0.0007069370205563989,45,80
"[124.085183,228.46041699999998], [-154.92399999999998,156.77849999999995], [186.54,317.09000000000003], [2.5600000000000005,12.4], [-15.825,17.425], 1.0, [8.26,10.18]","longitude, depth, gap, net, horizontalError, status, locationSource",3,0.04693424471225029,0.5423728813559322,1,40.8660934095631,9871,5270,0.4375,0.00042015650815530503,32,59
"[1785009098.37661,1786070401.89139], [-62.84268900000001,27.984464000000003], [-89.652593,57.912393], [-0.894999999999996,274.5503969929382], [-55.640000000000015,133.64000000000001], [-3.8543650000000005,6.648365000000001], [-1.032,2.832], [5.8,14.2], [2900.0,5984.38865151405], 0.0, [-26.259999999999998,40.24], [-13.527525,17.389525], 1.0","time, latitude, longitude, nst, gap, dmin, rms, net, place, type, horizontalError, depthError, status",5.0,6.209213230591552e-06,0.09090909090909091,1,55.280051199999996,6724,5317,0.8125,0.0005683507119230361,1,11
"[1784534165.64312,1787046005.37635], [-44.818801273367555,81.267212666667], [-202.86498333332997,-22.907683333330013], [-94.02749999999999,189.98705], [-43.95,141.95], [1785602281.2199998,1787103090.556], 0.0, 1.0","time, latitude, longitude, depth, gap, updated, type, status",1.0,0.028225498135309772,0.48992355802640725,1,80.36301295868049,9988,5362,0.5,0.000826236131042987,705,1439
"[22.201494471224297,52.769436], [-260.23912933332997,-73.08353733333], [53.95,206.05], [-11.188478997999999,21.2744235], 1.0","latitude, longitude, gap, depthError, status",0.0,0.043795038702834715,0.5349152542372881,1,100.75961104759975,9989,5388,0.3125,0.0009889261588582033,789,1475
"[-60.646028,55.677338], [-46.80233399999998,161.94813399999998], [-6.188789999999999,12.87475], [-0.05400000000000005,1.514], [8.44,11.56], [1786627116.824,1788284991.256], 0.0, [-14.145000000000001,24.805]","latitude, longitude, dmin, rms, net, updated, type, horizontalError",4.0,0.27088050499642674,0.7701149425287356,1,72.15114406899434,9986,5463,0.5,0.0007113520486701239,201,261
"[34.450803,79.871197], [-201.00324999999998,253.60325], [13.786095719968102,136.755], [186.54,301.46], [-3.4200000000000004,3.4200000000000004], 0.0, [-22.5,34.5], [-18.277646499999996,26.8612465], 1.0","latitude, depth, nst, gap, net, type, horizontalError, depthError, status",2.0,0.2823636884658196,0.776536312849162,2,84.05985186606325,9952,5489,0.5625,0.0017284888713063277,139,179
"[1785455880.6144702,1787537748.12624], [-76.35000000000001,136.755], [186.54,331.26], [1785797091.8629014,1788066598.318], 0.0, [11.924999999999997,73.675], [-16.2150595,20.2670595], 1.0","time, nst, gap, updated, type, horizontalError, depthError, status",2.0,0.095367431640625,0.625,1,72.49896988171005,9831,5622,0.5,0.0007453835561200902,65,104
"[1784534165.64312,1787129419.20056], [-248.92237866667,-54.54989266667002], [10.749500000000012,182.0505], [-113.05830208052443,105.25], [6.329999999999998,151.67000000000002], [-0.976,3.9694770788823828], [-3.0,3.0], [1248.1799999999998,4667.82], 0.0, [4.5563741013800545,16.310000000000002], [-17.731059499999997,27.380475999999998], [-3.0,3.0]","time, longitude, depth, nst, gap, rms, net, place, type, horizontalError, depthError, locationSource",1.0,0.8033111840304636,0.9571428571428572,1,82.22533376629205,9934,5650,0.75,0.0008453832073183997,67,70
"[1787198822.7993,1787975386.3467], [-168.972266,-17.80813400000001], [-92.375,118.375], [69.35999999999999,258.64], [-12.215005,11.249215000000001], [5.88,12.120000000000001], [1786826968.1169999,1788510746.8370001], 0.0, [12.132035183444437,12.82]","time, longitude, nst, gap, dmin, net, updated, type, locationSource",0.0,0.066384,0.9,1,50.0,5653,5653,0.5625,0.0005140649290164153,0,0
"[1784656850.0865,1785951122.6655], [19.495272,83.962928], [106.52478,250.49061999999998], [1784486349.9599998,1786299650.1200001], [-4.3452625000000005,11.1132625], [7.42,12.58]","time, latitude, longitude, updated, depthError, locationSource",3.0,0.18593443208187066,0.7142857142857143,1,44.416,9825,5663,0.375,0.000456654157743862,5,7
"[-6.770000000000003,184.25660444467965], [0.5916683029425414,2.4659999999999997], [8.5,12.4]","nst, rms, locationSource",4,0.11835210429691255,0.6525821596244131,1,58.39969290608601,9996,5685,0.1875,0.0006322949293710941,278,426
"[1786396583.1573498,1787302573.96265], [-248.92237866667,-206.1308334455193], [-235.34599996662135,239.02600003337855], [9.920000000000002,118.08], [-11.469700000000001,10.703837000000002], [-16.215,21.61890514542128], [-12.3559905,12.995990500000001], 0.0","time, longitude, depth, gap, dmin, horizontalError, depthError, status",1.0,0.1,1.0,1,72.0,5703,5703,0.5,0.0007402534977836381,0,0
"[1784534165.64312,1786397918.1568801], [-45.25,95.25], [6.329999999999998,151.67000000000002], [-11.420145,10.940410000000002], [-0.976,3.9694770788823828], [-3.0,2.4000000000000004], [1785384284.148,1786239125.6520002], 0.0, [-17.731059499999997,27.380475999999998]","time, nst, gap, dmin, rms, net, updated, type, depthError",1.0,0.03672877810556856,0.5164179104477612,1,64.73060267465735,9988,5720,0.5625,0.0006655146533827502,173,335
"[-94.97,59.795], [-29.260000000000005,243.47], 0.0, [-22.149446499999996,22.9894465], [0.7999999999999998,4.34]","nst, gap, type, depthError, locationSource",0.0,0.12410095710399974,0.6588021778584392,1,83.0007622369529,9989,5755,0.3125,0.0008842039228858931,726,1102
"[34.450803,79.871197], [15.921218986447855,136.755], [186.54,301.46], [-11.653185,12.853185], [-0.886,1.2919999999999998], [-3.4200000000000004,3.4200000000000004], 0.0","latitude, nst, gap, dmin, rms, net, type",2.0,0.28927870691974233,0.7803030303030303,1,86.09793580200719,9952,5759,0.4375,0.0008851985851303741,103,132
"[-17.094550999999996,55.677338], [-46.80233399999998,161.94813399999998], [-16.96,72.96000000000001], [-0.05400000000000005,2.4659999999999997], [-1286.1599999999999,3885.88], [-22.799999999999997,40.214999999999996], [-16.3137875,30.061787499999998]","latitude, longitude, nst, rms, place, horizontalError, depthError",4.0,0.5744668049899452,0.8950617283950617,1,91.32032349384365,9986,5771,0.4375,0.000957707120178576,145,162
"[-214.76024233332998,-95.98842433332999], [-67.89510268410527,112.97], [53.95,206.05], [-12.827703000000001,12.845637000000002], [-0.8839999999999999,1.2439999999999998], [1785734654.7159998,1786594224.8430002], [-16.025,17.225], [3.32,6.68]","longitude, nst, gap, dmin, rms, updated, horizontalError, locationSource",0.0,0.07398597186830078,0.594059405940594,1,90.59055374402517,9984,5818,0.5,0.0009313885315996012,120,202
"[1784534165.64312,1787129419.20056], [-3.7128793333329995,144.30681446552546], [-248.92237866667,-54.54989266667002], [136.32681797084194,182.0505], [-0.976,3.9694770788823828], [-3.0,3.0], 0.0, [4.5563741013800545,16.310000000000002], [-3.0,3.0]","time, latitude, longitude, depth, rms, net, type, horizontalError, locationSource",1.0,1.0,1.0,1,55.088,9903,5819,0.5625,0.0005663761761931258,7,7
"[1784551439.96787,1785768056.1921299], [30.53,243.47], [-16.025,17.225], [0.7999999999999998,4.463268459857458]","time, gap, horizontalError, locationSource",0.0,0.11151327361161978,0.6448598130841121,1,73.66887023667559,9725,5867,0.25,0.0008259593054045462,138,214
"[1784687440.8357701,1785645202.54423], [19.732404900634997,57.826928900635004], [-67.89510268410527,112.97], [53.95,195.67000000000002], [-5.376670000000001,5.5150500000000005], [-0.8839999999999999,1.2439999999999998], [1785734654.7159998,1786594224.8430002], [-21.988616999999998,21.2744235], [3.32,6.68]","time, latitude, nst, gap, dmin, rms, updated, depthError, locationSource",0.0,0.10049355861780968,0.631578947368421,1,78.02548473559868,9917,5888,0.5625,0.0008022033054415386,48,76
"[-147.11865799999998,18.44205799999999], [-148.12399999999997,168.12399999999997], [-47.795,61.795], [189.14999999999998,408.85], [-0.444,1.124], [-222.76,1858.76], 0.0, [-19.83,37.17], [5.26,8.74]","longitude, depth, nst, gap, rms, place, type, horizontalError, locationSource",3.0,0.016028404235839844,0.4375,1,35.856642248704006,9680,5892,0.5625,0.0003686528450469405,7,16
"[48.55831700000003,304.09768299999996], [-9.786215,14.042175], [-1.3079999999999998,2.108], [1786982957.06,1788407692.9], [1067.48,2752.52], 0.0, 1.0, [-1.62,1.62]","longitude, dmin, rms, updated, place, type, status, locationSource",3.0,0.1043582467665522,0.6363636363636364,1,50.1219968,9391,5896,0.5,0.0005153192145430598,7,11
"[1785948328.55213,1787320257.4858701], [36.189215999999995,83.074784], [-243.3787258999,-2.2359438999000076], [-33.09,118.08], [-1.482,1.604], [1785754127.9256783,1787103090.556]","time, latitude, longitude, gap, rms, updated",1.0,0.04279219672617984,0.5324427480916031,1,92.73373075933026,9979,5901,0.375,0.0009534231744044496,279,524
"[-172.38045,138.08425], [-35.25,105.25], [-0.976,1.604], 0.0, [-16.215,20.97], 0.0, [-4.32,4.32]","depth, nst, rms, type, horizontalError, status, locationSource",1.0,0.15359020233154297,0.6875,1,71.95565954632157,9971,5967,0.4375,0.0007397976203401829,88,128
"[1787198822.7993,1787975386.3467], [-168.972266,-17.80813400000001], [-92.375,118.375], [69.35999999999999,258.64], [-10.923215,18.274473466232614], [-1.444,1.524], [7.12,12.879999999999999], [1787074686.4459999,1788292187.982], [-1286.48,1984.48], 0.0, [-19.2354465,25.903446499999998], [7.18,12.82]","time, longitude, nst, gap, dmin, rms, net, updated, place, type, depthError, locationSource",0,0.027781404364645906,0.4883720930232558,1,61.470223702139286,9443,6029,0.75,0.0006319937236812681,21,43
"[51.345,120.35000000000001], [-1.0480366199236766,1.256], [-8.2015855,38.0113419090158], [-1.6800000000000002,1.6800000000000002]","nst, rms, depthError, locationSource",2.0,0.207532640200251,0.7301587301587301,1,62.25983951699973,9952,6046,0.25,0.0006401119996375976,46,63
"[-67.89510268410527,112.97], [53.95,206.05], [-0.8839999999999999,1.2439999999999998], [3.38,6.62], [-16.025,17.225], [3.32,6.68]","nst, gap, rms, net, horizontalError, locationSource",0.0,0.03895718572207798,0.5225375626043406,1,96.25086435968606,9984,6054,0.375,0.0009799473793625582,313,599
"[1786018966.1237345,1787537748.12624], [34.450803,79.871197], [13.786095719968102,136.755], [186.54,378.57], [-11.653185,12.853185], [-1.046,2.492], [-3.4200000000000004,3.4200000000000004], 1.0","time, latitude, nst, gap, dmin, rms, net, status",2.0,0.25532893796498723,0.7610619469026548,1,84.60295381102075,9952,6076,0.5,0.000869828228908829,86,113
"[-154.92399999999998,-43.73028526455187], [186.54,271.74], [7.18,12.82], 1.0, [8.26,10.067778284007815]","depth, gap, net, status, locationSource",3,0.00910591233832761,0.6181818181818182,1,63.135857061888,6101,6101,0.3125,0.0006491185975781999,0,0
"[1784534165.64312,1787046005.37635], [-202.86498333332997,-22.907683333330013], [-172.38045,189.98705], [-11.947185000000001,12.559185], [-1.538,1.878], [10.379999999999999,12.0], [-1002.1400000000001,2120.1400000000003], 0.0","time, longitude, depth, dmin, rms, net, place, type",1.0,0.1473475405306393,0.6818181818181818,1,92.4706794483797,9979,6115,0.5,0.0009507186653346201,60,88
"[-17.094550999999996,55.677338], [-46.80233399999998,161.94813399999998], [1786070289.832,1787546834.248], [-1286.1599999999999,3885.88], [-22.799999999999997,40.214999999999996], 1.0","latitude, longitude, updated, place, horizontalError, status",4.0,0.2656597957637442,0.7671232876712328,1,80.59327022672251,9986,6119,0.375,0.0008286034747660176,112,146
"[1787078453.15098,1788062100.31102], [48.55831700000003,304.09768299999996], [-9.786215,14.042175], [-1.3079999999999998,2.108], [1786982957.06,1788407692.9], [1067.48,2752.52], 1.0, [-1.62,1.62]","time, longitude, dmin, rms, updated, place, status, locationSource",3.0,0.401877572016461,0.8333333333333334,1,45.0,9391,6154,0.5,0.00046265843611477376,5,6
"[1785276587.91172,1786104922.3622801], [-28.086936385033603,21.023880000000005], [-280.94553399999995,-72.19506600000003], [-6.770000000000003,88.77000000000001], [-4.85486,12.87475], [-7.145,42.644999999999996], 1.0, [8.5,11.5]","time, latitude, longitude, nst, dmin, horizontalError, status, locationSource",4,0.8219271067593519,0.9615384615384616,1,60.11972031509538,9853,6173,0.5,0.000618108795125325,25,26
"[34.450803,79.871197], [15.921218986447855,136.755], [186.54,301.46], [-3.4200000000000004,3.4200000000000004], 0.0, [-1.252974,16.060574000000003]","latitude, nst, gap, net, type, depthError",2.0,0.2935778904262872,0.782608695652174,1,86.38063410112714,9952,6189,0.375,0.0008881050907517773,90,115
"[124.085183,228.46041699999998], [186.54,317.09000000000003], [7.6,12.4], 0.0, 1.0, [8.26,10.18]","longitude, gap, net, type, status, locationSource",3,0.04206165333798857,0.5306122448979592,1,40.86539358275526,9871,6197,0.375,0.00042014931302693915,26,49
"[70.25941,161.94813399999998], [-120.85749999999999,384.6580548006227], [-16.96,72.96000000000001], [63.359999999999985,252.64000000000001], 0.0, [-17.735,40.214999999999996], [-7.033944499999999,30.061787499999998]","longitude, depth, nst, gap, type, horizontalError, depthError",4.0,0.6132462465921135,0.906832298136646,1,86.92244445007776,9986,6211,0.4375,0.0009011872357171688,146,161
"[1784534165.64312,1785893104.9200199], [-3.7128793333329995,144.30681446552546], [-199.267004,-26.50799600000002], [189.98705,226.64194805613164], [-43.95,236.05], [6.0,12.0], [-31.200000000000003,31.5]","time, latitude, longitude, depth, gap, net, horizontalError",1.0,0.004796349709770144,0.544593088071349,1,68.51215790629826,6239,6239,0.4375,0.000704393951817253,0,0
"[34.450803,79.871197], [-201.00324999999998,253.60325], [186.54,301.46], [0.6353308550880181,1.2919999999999998], [-3.4200000000000004,3.4200000000000004], 0.0, 1.0","latitude, depth, gap, rms, net, type, status",2.0,0.18280429436068166,0.711864406779661,1,75.165547760476,9931,6243,0.4375,0.0007727994394793814,42,59
"[1784534165.64312,1786397918.1568801], [-3.7128793333329995,144.30681446552546], [-248.92237866667,-54.54989266667002], [10.749500000000012,182.0505], [-113.05830208052443,105.25], [6.329999999999998,151.67000000000002], [-3.0,3.0], [1248.1799999999998,4667.82], 0.0, [4.5563741013800545,16.310000000000002], [-17.731059499999997,27.380475999999998], [-3.0,3.0]","time, latitude, longitude, depth, nst, gap, net, place, type, horizontalError, depthError, locationSource",1.0,0.818708915307767,0.9607843137254902,1,87.115487551941,9934,6244,0.75,0.0008956603384923793,49,51
"[-7.9642338465480655,21.023880000000005], [-6.770000000000003,88.77000000000001], [-6.57475,12.87475], [-0.03199999999999992,1.592], [3043.6800000000003,5224.32], [-7.145,26.105], [-7.033944499999999,10.8979445], 1.0, [8.5,11.5]","latitude, nst, dmin, rms, place, horizontalError, depthError, status, locationSource",4.0,0.43375716751999094,0.8461538461538461,1,70.61021021835458,9584,6246,0.5625,0.0007259646540746522,33,39
"[186.54,317.09000000000003], [-11.242175,14.042175], [-1.3079999999999998,2.108], [1785337222.3049998,1786917383.8730001], 0.0, [8.100000000000001,42.3], 1.0, [8.26,10.18]","gap, dmin, rms, updated, type, horizontalError, status, locationSource",3,0.0003200000000000001,0.2,1,49.621632,9825,6257,0.5,0.0005101748146351736,2,10
"[1785948328.55213,1786397918.1568801], [36.189215999999995,83.074784], [-249.702515,-54.54989266667002], [-33.09,118.08], [-11.469700000000001,11.8697], [-3.0,2.4000000000000004], [1785384284.148,1787103090.556]","time, latitude, longitude, gap, dmin, net, updated",1.0,0.08123088727470104,0.6052631578947368,1,84.67467608331671,9925,6277,0.4375,0.0008705656270051633,69,114
"[1786626572.87554,1788542096.2924602], [-7.9642338465480655,21.023880000000005], [-6.770000000000003,88.77000000000001], [-6.57475,12.87475], [-0.03199999999999992,1.592], [3043.6800000000003,5224.32], [-7.145,26.105], [-7.033944499999999,10.8979445], 1.0, [8.5,11.5]","time, latitude, nst, dmin, rms, place, horizontalError, depthError, status, locationSource",4.0,0.21720617794361205,0.7368421052631579,1,66.29049091899392,9584,6304,0.625,0.0006815523301747187,14,19
"[34.450803,79.871197], [-77.92749999999998,253.60325], [186.54,301.46], [0.6353308550880181,1.2919999999999998], [-3.4200000000000004,3.4200000000000004], [1785821829.843,1787168852.8190002], [-16.75,34.550000000000004], 1.0","latitude, depth, gap, rms, net, updated, horizontalError, status",2.0,0.2957885573215846,0.7837837837837838,1,80.22034507646403,9744,6311,0.5,0.0008247693199480965,29,37
"[-9.886215000000002,12.09962], [-0.608,1.968], [4.66,9.34], [241.87999999999988,2918.12], [-13.003502000000001,14.203502], 1.0, [5.08,8.92]","dmin, rms, net, place, depthError, status, locationSource",2.0,0.03902795518772003,0.5227272727272727,1,37.738671926415954,9381,6313,0.4375,0.00038800255410053605,23,44
"[1784534165.64312,1787633128.00476], [36.189215999999995,90.515307], [-172.38045,51.430871965576785], [1784572630.9662864,1787103090.556], [-33.919999999999995,31.5], [14.296451999999999,48.923548]","time, latitude, depth, updated, horizontalError, depthError",1.0,0.035056707593318304,0.5116279069767442,1,47.14788195823586,9879,6333,0.375,0.0004847414518426969,22,43
"[34.450803,79.871197], [13.786095719968102,136.755], [186.54,301.46], [-11.65869,12.853185], [-1.046,2.492], [1786939621.313,1787613132.8009999]","latitude, nst, gap, dmin, rms, updated",2.0,0.08272711798094676,0.6074766355140186,1,67.49244382044404,9952,6339,0.375,0.0006939099668340192,65,107
"[34.450803,79.871197], [-201.00324999999998,253.60325], [15.921218986447855,136.755], [186.54,301.46], [-3.4200000000000004,3.4200000000000004], 1.0","latitude, depth, nst, gap, net, status",2.0,0.29209816617096457,0.7818181818181819,1,86.09733044245664,9952,6350,0.375,0.0008851923612480865,86,110
"[1784534165.64312,1787633128.00476], [36.189215999999995,90.515307], [-172.38045,51.430871965576785], [12.950000000000003,165.05], [1784572630.9662864,1787103090.556], [-33.919999999999995,31.5], [14.296451999999999,48.923548]","time, latitude, depth, gap, updated, horizontalError, depthError",1.0,0.19649623617673456,0.7222222222222222,1,58.02153685041152,9879,6356,0.4375,0.0005965367444486025,13,18
"[1786777177.47398,1787760824.6340199], [-102.012494,-11.171706], [-223.89174999999994,243.89174999999994], [-79.16,123.16], [18.045875000000002,47.220125], [3515.54,6340.46], 0.0","time, latitude, depth, nst, dmin, place, type",5.0,0.03125,0.5,1,22.0,6361,6361,0.4375,0.00022618856876722274,1,2
"[18.421193000000002,107.796807], [51.345,120.35000000000001], [-3.9000000000000004,3.9000000000000004], [-28.325000000000003,35.325], [-1.6800000000000002,1.6800000000000002]","latitude, nst, net, horizontalError, locationSource",2.0,0.24432505180968345,0.7543859649122807,1,62.259852089070655,9952,6362,0.3125,0.0006401121288948124,43,57
"[-95.55024999999999,121.87024999999998], [85.25999999999999,240.74], [-9.886215000000002,12.09962], [-0.608,1.968], [4.66,9.34], [241.87999999999988,2918.12], [-13.003502000000001,14.203502], 1.0, [5.08,8.92]","depth, gap, dmin, rms, net, place, depthError, status, locationSource",2.0,0.06327006860516261,0.5757575757575758,2,39.027560830300764,9381,6388,0.5625,0.0008025080115164957,19,33
"[1785811367.40471,1787131525.43529], [28.136266333332998,148.50419828222147], [-94.97,112.97], [-12.215005,12.291365], [1785513575.958,1786756981.7819998], 1.0, [0.7999999999999998,4.34]","time, latitude, nst, dmin, updated, status, locationSource",0.0,0.17525145137855438,0.7058823529411765,1,90.44617266030275,9989,6408,0.4375,0.0010312935763114384,228,323
"[7.899977,144.30681446552546], [-248.92237866667,-26.50799600000002], [-43.95,151.67000000000002], [-11.420145,11.530264999999998], [6.0,12.0], 0.0, 1.0","latitude, longitude, gap, dmin, net, type, status",1.0,0.056313514709472656,0.5625,2,73.06165994266547,9979,6413,0.4375,0.001502337481289912,252,448
"[70.25941,161.94813399999998], [-16.96,72.96000000000001], 0.0, [-17.735,40.214999999999996], [-7.033944499999999,30.061787499999998]","longitude, nst, type, horizontalError, depthError",4.0,0.48343942740008333,0.8647058823529412,1,86.91345517812854,9986,6416,0.3125,0.0009010717089810066,147,170
"[-260.23912933332997,-73.08353733333], [-84.755,114.755], [53.54,206.05], [-0.8839999999999999,1.672], [3739.26,8013.594011493831], 0.0, 0.0, [3.32,9.14]","longitude, nst, gap, rms, place, type, status, locationSource",0.0,0.047837431455232074,0.5444444444444444,1,107.45290684206562,9902,6448,0.5,0.0011047554185674789,49,90
"[1.1396930000000012,144.30681446552546], [-77.54,113.54], [-63.25882918380863,177.09], [-11.469700000000001,11.530264999999998], [-1.482,1.604], [6.0,12.0], [1785754127.9256783,1787103090.556], 0.0, [-32.0722392401755,33.47776075982451], 1.0","latitude, nst, gap, dmin, rms, net, updated, type, horizontalError, status",1.0,0.03525146660039371,0.5121951219512195,1,82.96211082365821,9979,6451,0.625,0.0008529582322323167,168,328
"[-256.77347499999996,13.162474999999972], [-48.542555224535974,161.32399999999996], [68.77,295.23], [-5.834735000000001,7.0019350000000005], 2.0, [7.5600000000000005,16.439999999999998]","longitude, depth, gap, dmin, type, locationSource",1.0,0.19649623617673456,0.7222222222222222,3,37.461873231298554,9727,6481,0.375,0.0011554701122081664,13,18
"[1784534165.64312,1787129419.20056], [-248.92237866667,-47.95376600000003], [-172.38045,182.0505], [6.329999999999998,151.67000000000002], [-11.420145,10.940410000000002], 0.0, [4.5563741013800545,16.310000000000002], [-3.0,3.0]","time, longitude, depth, gap, dmin, type, horizontalError, locationSource",1.0,0.5782141295548349,0.8962264150943396,1,77.15087284898746,9934,6485,0.5,0.0007932111594933845,95,106
"[-260.23912933332997,-95.98842433332999], [-67.89510268410527,112.97], [53.95,206.05], [1787253731.916,1788004956.2680001], [-10.409308529999999,-8.481268834123936], [0.8599999999999994,6.68]","longitude, nst, gap, updated, depthError, locationSource",0.0,0.03276800000000001,0.8,1,80.0,6489,6489,0.375,0.0008225038864262645,0,0
"[1785976214.72575,1787917623.5942502], [-20.839264000000004,84.65326400000001], [-260.23912933332997,123.85398097704781], [30.53,243.47], [-0.8839999999999999,1.2439999999999998], [2792.08,5963.92], [-32.74,22.155], 1.0, [0.7999999999999998,9.2]","time, latitude, longitude, gap, rms, place, horizontalError, status, locationSource",0.0,0.09055190276944446,0.6185567010309279,1,104.26845996875498,9942,6493,0.5625,0.0010720151694497795,240,388
"[1786080991.23498,1787064638.39502], [-47.85296700000001,12.219167000000002], [369.59175,797.8442499999999], [7.6499999999999915,204.35000000000002], [-0.03600000000000003,1.476], [6.9399999999999995,13.06], [1786889424.984,1788158735.096], 0.0, 1.0","time, latitude, depth, nst, rms, net, updated, type, status",5.0,0.0003200000000000001,0.2,1,31.2,6499,6499,0.5625,0.00032077651570624316,1,5
"[-67.89510268410527,20.543497118747226], [53.95,235.19], [-0.8839999999999999,1.2439999999999998], [1.04,8.96], [3.32,6.68]","nst, gap, rms, net, locationSource",0.0,0.08552333998741996,0.6115288220551378,1,98.80845629075468,9984,6506,0.3125,0.0010158792413865675,244,399
"[-6.570000000000007,172.57], [-4.85486,9.958325], [0.5916683029425414,2.4659999999999997], [3605.88,6282.12], 1.0, [8.5,12.4]","gap, dmin, rms, place, status, locationSource",4,0.18213222047712327,0.711340206185567,1,53.51531648674743,9906,6537,0.375,0.0005502069474210163,69,97
"[-3.303197411987,42.117196588013], [-248.92237866667,-54.54989266667002], [-132.04424999999998,138.08425], [-33.09,156.67000000000002], [-10.488290000000001,10.517170000000002], [-0.596,1.604], [1785384284.148,1786239125.6520002], [2037.8200000000002,3574.18], 0.0, [-17.731059499999997,18.7510595], [-4.32,4.32]","latitude, longitude, depth, gap, dmin, rms, updated, place, type, depthError, locationSource",1.0,0.05032843750000002,0.55,1,83.90097833168076,9623,6552,0.6875,0.0008626110094096654,11,20
"[1.1396930000000012,90.515307], [-172.38045,51.430871965576785], [-46.39,60.39], [-33.919999999999995,31.5], [14.296451999999999,48.923548]","latitude, depth, nst, horizontalError, depthError",1.0,0.03675211426219847,0.5164835164835165,1,52.89222791272311,9879,6556,0.3125,0.0005438007877494813,47,91
"[1785247563.1918535,1786397918.1568801], [-3.7128793333329995,144.30681446552546], [-248.92237866667,-54.54989266667002], [10.749500000000012,182.0505], [-113.05830208052443,105.25], [6.329999999999998,151.67000000000002], [-1.38,1.98], [1248.1799999999998,4667.82], 0.0, [4.5563741013800545,16.310000000000002], [-17.731059499999997,27.380475999999998], [-3.0,3.0]","time, latitude, longitude, depth, nst, gap, rms, place, type, horizontalError, depthError, locationSource",1.0,0.8782030639030666,0.9743589743589743,1,88.67263415855214,9934,6566,0.75,0.0009116698276882934,38,39
"[7.899977,144.30681446552546], [-248.92237866667,-26.50799600000002], [-43.95,151.67000000000002], [-11.569700000000001,11.7697], [6.0,12.0], [-11.527909364883831,13.20573063511617]","latitude, longitude, gap, dmin, net, depthError",1.0,0.052553098196360025,0.5547785547785548,1,74.03320411816141,9979,6571,0.375,0.0007611574763972086,238,429
"[-96.89425,-23.635549999999995], [-95.84757099999999,1.3293710000000019], [-181.06649999999996,201.06649999999996], [-22.260000000000005,160.26], [0.3847049999999994,16.333295], [4115.26,5750.74], 0.0, [-7.724999999999999,19.825], [6.58,13.42]","latitude, longitude, depth, gap, dmin, place, type, horizontalError, locationSource",5.0,0.05292214940134466,0.5555555555555556,2,42.29984,9334,6575,0.5625,0.0008697945698802291,5,9
"[-172.38045,161.32399999999996], [179.39999999999998,314.6], [-1.482,1.604], [-16.215,20.97], 0.0","depth, gap, rms, horizontalError, status",1.0,0.46266436603796024,0.8571428571428571,1,61.075207629996285,9966,6622,0.3125,0.0006279324454995373,36,42
"[1786650305.82823,1788281089.27777], [34.450803,79.871197], [13.786095719968102,136.755], [186.54,301.46], [-11.65869,12.853185], [-1.046,2.146], [-2.7,2.7], [1786939621.313,1787613132.8009999], 1.0","time, latitude, nst, gap, dmin, rms, net, updated, status",2.0,0.1473475405306393,0.6818181818181818,1,75.01609748533271,9861,6624,0.5625,0.000771262896577721,30,44
"[-172.38045,138.08425], [-35.25,105.25], [0.8331671588853946,1.604], 0.0, [-16.215,20.97], 0.0, [-4.32,4.32]","depth, nst, rms, type, horizontalError, status, locationSource",1.0,0.03125,0.5,1,68.0,9522,6651,0.4375,0.0006991283034623249,1,2
"[-172.38045,161.32399999999996], [-39.01,79.00999999999999], [179.39999999999998,314.6], [-1.482,1.604], [1785766873.974,1787295226.966], [-16.215,20.97], [-10.898478976,12.598479024], 0.0","depth, nst, gap, rms, updated, horizontalError, depthError, status",1.0,0.3276800000000001,0.8,1,64.74840756403269,9862,6651,0.5,0.0006656977107666078,20,25
"[28.136266333332998,104.40165631328317], [-239.27179733332997,5.470130666669988], [77.02,218.98000000000002], [2109.84,6166.735453024128], [-7.9176035,8.7776035], [0.7999999999999998,4.34]","latitude, longitude, gap, place, depthError, locationSource",0.0,0.5596963601825786,0.8904109589041096,1,124.23471054588747,9942,6660,0.375,0.001277294153162931,195,219
"[1786764856.20591,1788602723.26809], [-42.985,60.985], [-1.482,1.604], [-0.6600000000000001,6.66], 0.0, [0.3690321000000001,22.010967100000002], 0.0, [-4.32,7.7]","time, nst, rms, net, type, depthError, status, locationSource",1.0,0.03993687813765473,0.5251396648044693,1,86.46089403163117,9971,6661,0.5,0.0008889302670613257,94,179
"[-248.92237866667,-90.55995466667002], [-229.1174999809265,232.07750001907348], [-55.655,87.655], [-66.36999999999999,180.37], [-1.482,1.604], [1784590396.821,1785756089.7810001], 0.0, [-12.08,12.62], 0.0","longitude, depth, nst, gap, rms, updated, type, horizontalError, status",1.0,0.07204491900081343,0.5909090909090909,1,87.24242831969624,9973,6665,0.5625,0.000896965454427687,39,66
"[28.136266333332998,104.40165631328317], [77.02,218.98000000000002], [2109.84,6166.735453024128], [-7.9176035,8.7776035], [0.7999999999999998,4.34]","latitude, gap, place, depthError, locationSource",0.0,0.5533176664167513,0.8883720930232558,1,124.23471054588747,9942,6687,0.3125,0.001277294153162931,191,215
"[1784534165.64312,1786397918.1568801], [-248.92237866667,-54.54989266667002], [10.749500000000012,182.0505], [-113.05830208052443,105.25], [6.329999999999998,151.67000000000002], [-3.0,3.0], [1248.1799999999998,4667.82], 0.0, [-1.6800000000000002,1.6800000000000002]","time, longitude, depth, nst, gap, net, place, type, locationSource",1.0,0.2900185497732937,0.7807017543859649,2,68.85039276373116,9934,6696,0.5625,0.0014157428907535911,89,114
"[-28.086936385033603,21.023880000000005], [-280.94553399999995,-72.19506600000003], [-53.92,125.92], [-4.85486,12.87475], [-7.145,42.644999999999996], [-7.033944499999999,10.8979445], 1.0, [8.5,11.5]","latitude, longitude, nst, dmin, horizontalError, depthError, status, locationSource",4,0.401877572016461,0.8333333333333334,1,51.51495312360639,9830,6734,0.5,0.0005296406144154136,35,42
"[-154.92399999999998,161.32399999999996], [-42.985,60.985], [-456.9000000000001,2268.9], 0.0, [-7.8902653929156905,0.3690321000000001], 0.0","depth, nst, place, type, depthError, status",1.0,0.03125,0.5,1,67.65811968,9726,6751,0.375,0.0006956133298136666,6,12
"[55.795563000000016,304.136637], [-6.770000000000003,184.25660444467965], [-6.570000000000007,172.57], [0.5916683029425414,2.4659999999999997], 1.0, [8.5,12.4]","longitude, nst, gap, rms, status, locationSource",4,0.2809507056121808,0.7757575757575758,1,71.9972550759752,9986,6780,0.375,0.0007093743253133041,128,165
"[10.939027333332994,66.61563933333301], [-67.89510268410527,20.543497118747226], [53.54,235.19], [-0.8839999999999999,1.2439999999999998], [1.04,8.96], [3533.34,8013.594011493831], [3.32,6.68]","latitude, nst, gap, rms, net, place, locationSource",0.0,0.10282509645071569,0.6344827586206897,1,104.8678089776679,9984,6812,0.4375,0.0010781772555642371,92,145
"[-46.80233399999998,161.94813399999998], [-16.96,184.25660444467965], [-78.61000000000001,154.61], [0.5916683029425414,1.514]","longitude, nst, gap, rms",4,0.25311955864098473,0.7597402597402597,1,73.15980989637734,9986,6820,0.25,0.0007243150418439969,117,154
"[-0.49399999999999994,1.3539999999999999], [2.5600000000000005,12.4], [1786222495.152,1786921910.928], [-15.825,29.152463505746297], 1.0, [5.614667852941367,8.26]","rms, net, updated, horizontalError, status, locationSource",3,0.01183710753970294,0.4117647058823529,1,36.186655132057595,9943,6826,0.375,0.00037204580603605376,7,17
"[87.23628263697842,136.755], [186.54,378.57], [-24.037858893030947,12.853185], [-1.046,2.146]","nst, gap, dmin, rms",2.0,0.007902642285459413,0.6019417475728155,1,62.17233818503658,6827,6827,0.25,0.0006392123723175079,0,0
"[1786650305.82823,1788281089.27777], [34.450803,79.871197], [-201.00324999999998,253.60325], [13.786095719968102,136.755], [186.54,301.46], [-11.65869,12.853185], [-1.046,2.146], [-3.4200000000000004,2.7], [1786939621.313,1787613132.8009999], [-17.173475999999997,27.347075999999998], 1.0","time, latitude, depth, nst, gap, dmin, rms, net, updated, depthError, status",2.0,0.12385100560996302,0.6585365853658537,1,75.015411063688,9861,6828,0.6875,0.0007712558392718398,27,41
"[-3.303197411987,144.30681446552546], [-74.81156031372439,113.54], [-33.09,179.62918464287787], [1785384284.148,1786239125.6520002], [2037.8200000000002,3574.18], 0.0, [5.16,12.84]","latitude, nst, gap, updated, place, type, locationSource",1.0,0.028064020595835334,0.48936170212765956,1,60.2111851045019,9919,6838,0.4375,0.0006190491719348003,23,47
"[1784687440.8357701,1785645202.54423], [19.732404900634997,57.826928900635004], [-238.94024999999996,242.02024999999995], [-67.89510268410527,112.97], [53.95,195.67000000000002], [1.2439999999999998,1.7030365809605406], [1785734654.7159998,1786594224.8430002], [-27.705,28.345], [-21.988616999999998,21.2744235], [3.32,6.68]","time, latitude, depth, nst, gap, rms, updated, horizontalError, depthError, locationSource",0.0,0.1,1.0,1,73.0,6859,6859,0.625,0.0007505347963639664,0,0
"[-96.89425,-23.635549999999995], [-95.84757099999999,1.3293710000000019], [-181.06649999999996,201.06649999999996], [-22.260000000000005,160.26], [0.3847049999999994,7.83451266451773], [4115.26,5750.74], 0.0, [-7.724999999999999,19.825], [6.58,13.42]","latitude, longitude, depth, gap, dmin, place, type, horizontalError, locationSource",3,0.0,0.0,1,48.5,6863,6863,0.5625,0.0004986429811459228,0,2
"[-96.89425,-23.635549999999995], [-95.84757099999999,1.3293710000000019], [-181.06649999999996,201.06649999999996], [-22.260000000000005,160.26], [0.3847049999999994,16.333295], [4115.26,5750.74], 0.0, [-7.724999999999999,19.825], [6.58,13.42]","latitude, longitude, depth, gap, dmin, place, type, horizontalError, locationSource",2,0.0,0.0,1,40.2,6863,6863,0.5625,0.00041330820292919795,0,5
"[-2.184871847412012,79.864872152588], [-201.64852466667,-36.087808666670014], [86.01,325.99], [-12.827703000000001,14.49263], [-0.8839999999999999,1.2439999999999998], [1.04,8.96], 1.0, [0.8599999999999994,6.68]","latitude, longitude, gap, dmin, rms, net, status, locationSource",0.0,0.05083138257739838,0.551094890510949,1,93.29947810215732,9989,6873,0.5,0.0009420172751881448,151,274
"[-113.05830208052443,105.25], [6.329999999999998,151.67000000000002], [-11.420145,10.940410000000002], [-0.976,3.9694770788823828], [-3.0,3.0], 0.0, [4.5563741013800545,16.310000000000002], [-3.0,3.0]","nst, gap, dmin, rms, net, type, horizontalError, locationSource",1.0,0.5932061407672214,0.9008264462809917,2,63.98334942522295,9934,6874,0.5,0.0013156638392203893,109,121
"[1784909457.75998,1786397918.1568801], [-44.818801273367555,50.390023], [-248.92237866667,-54.54989266667002], [-172.38045,189.98705], [-11.420145,10.940410000000002], [-0.8039999999999999,1.604], [6.0,12.0], [1784544018.416,1786124179.9840002], [192.53999999999974,4002.08], 0.0, [-17.731059499999997,23.7577875], [3.6999999999999997,10.3]","time, latitude, longitude, depth, dmin, rms, net, updated, place, type, depthError, locationSource",1.0,0.028731204145769025,0.49166666666666664,1,63.265954103172724,9774,6886,0.75,0.0006504561641040655,59,120
"[1784909457.75998,1786397918.1568801], [-44.818801273367555,50.390023], [-248.92237866667,-54.54989266667002], [-172.38045,189.98705], [-21.570000000000007,157.57], [-11.420145,10.940410000000002], [-0.8039999999999999,1.604], [6.0,12.0], [192.53999999999974,4002.08], 0.0, [-17.731059499999997,23.7577875], [3.6999999999999997,12.817933537131672]","time, latitude, longitude, depth, gap, dmin, rms, net, place, type, depthError, locationSource",1.0,0.04654205860176618,0.5414634146341464,1,77.93566946372981,9919,6886,0.75,0.0008012798878143814,111,205
"[7.899977,144.30681446552546], [-248.92237866667,-26.50799600000002], [-43.95,151.67000000000002], [-11.420145,11.530264999999998], [6.0,12.0], 0.0, [-13.91,14.59], [-11.527909364883831,13.20573063511617], 1.0","latitude, longitude, gap, dmin, net, type, horizontalError, depthError, status",1.0,0.052227642636959004,0.554089709762533,1,74.03444772810087,9979,6931,0.5625,0.0007611702623223136,210,379
"[22.201494471224297,52.769436], [-260.23912933332997,-73.08353733333], [53.95,206.05], [-24.60161537335901,14.49263], 0.0, [-11.188478997999999,21.2744235]","latitude, longitude, gap, dmin, type, depthError",0.0,0.04156940658378173,0.5293644408688657,1,102.36061599871593,9989,6940,0.375,0.0010146455493754052,658,1243
"[22.201494471224297,52.769436], [-260.23912933332997,-73.08353733333], [-67.89510268410527,20.543497118747226], [53.95,235.19], [-24.60161537335901,14.49263], [1.04,8.96], [-11.188478997999999,21.2744235], [3.32,6.68]","latitude, longitude, nst, gap, dmin, net, depthError, locationSource",0.0,0.08409159702470727,0.6094674556213018,1,98.91900039143106,9984,6947,0.5,0.0010170157782919153,206,338
"[7.899977,144.30681446552546], [-248.92237866667,-26.50799600000002], [-43.95,151.67000000000002], [7.282583937634916,11.530264999999998], [6.0,12.0], 0.0, 1.0","latitude, longitude, gap, dmin, net, type, status",1.0,0.0,0.0,1,71.0,6949,6949,0.4375,0.0007299721992033097,0,1
"[34.450803,79.871197], [-201.00324999999998,253.60325], [15.921218986447855,136.755], [186.54,301.46], [-11.65869,12.853185], [-2.7,3.4200000000000004], 1.0","latitude, depth, nst, gap, dmin, net, status",2.0,0.2593444752878952,0.7634408602150538,1,86.09733043738134,9952,6966,0.4375,0.0008851923611959059,71,93
"[-77.92749999999998,321.4985814561891], [2924.96,6295.04], [11.924999999999997,73.675], 1.0, [-1.7999999999999998,1.7999999999999998]","depth, place, horizontalError, status, locationSource",2.0,0.21405831560130784,0.7346938775510204,1,71.18650548001621,9831,6971,0.3125,0.0007318897177302239,36,49
"[7.899977,144.30681446552546], [-248.92237866667,-26.50799600000002], [-43.95,151.67000000000002], [-11.420145,11.530264999999998], [6.0,12.907766655205778], 0.0, [-13.91,14.59], [-11.527909364883831,13.20573063511617]","latitude, longitude, gap, dmin, net, type, horizontalError, depthError",1.0,0.04057473899415169,0.5268065268065268,1,72.41061500390758,9979,6981,0.5,0.0007444751532403746,226,429
"[1785976214.72575,1787917623.5942502], [-260.23912933332997,-25.053610333330013], [-67.89510268410527,20.543497118747226], [30.53,243.47], [-24.60161537335901,14.49263], [1647.58,3580.42], 1.0, [0.7999999999999998,9.14]","time, longitude, nst, gap, dmin, place, status, locationSource",0.0,0.10306829666473648,0.6347826086956522,1,107.87138988530167,9888,6982,0.5,0.0011090579676857931,73,115
"[1784534165.64312,1787046005.37635], [-3.7128793333329995,81.267212666667], [-248.92237866667,-54.54989266667002], [-77.54,78.0705890966795], [6.329999999999998,141.95], [-10.84303,10.940410000000002], [2.12,7.88], [-84.22000000000003,2344.2200000000003], 0.0, [-17.731059499999997,26.09387081109015], 1.0","time, latitude, longitude, nst, gap, dmin, net, place, type, depthError, status",1.0,0.07909147588272415,0.6020408163265306,3,77.97055307957626,9987,6983,0.6875,0.002235047119042103,59,98
"[-25.345966333333003,61.099299666667], [-95.55024999999999,121.87024999999998], [-9.886215000000002,12.09962], [-0.608,1.968], [4.66,9.34], [241.87999999999988,2918.12], 0.0, [-13.003502000000001,14.203502], 1.0, [5.08,8.92]","latitude, depth, dmin, rms, net, place, type, depthError, status, locationSource",2.0,0.051122245760098564,0.5517241379310345,1,37.737978145103895,9381,6984,0.625,0.0003879954211277173,16,29
"[1785948328.55213,1787320257.4858701], [36.189215999999995,83.074784], [-243.3787258999,-2.2359438999000076], [-33.09,118.08], [-1.482,1.604], [1785754127.9256783,1787103090.556], 0.0","time, latitude, longitude, gap, rms, updated, type",1.0,0.037088766176644715,0.517426273458445,1,92.73373097969827,9979,6995,0.4375,0.0009534231766701189,193,373
"[1786627738.21572,1787456072.66628], [124.085183,228.46041699999998], [186.54,317.09000000000003], [7.6,12.4], 0.0, 1.0, [8.26,10.18]","time, longitude, gap, net, type, status, locationSource",3,0.13168724279835387,0.6666666666666666,1,40.44,8509,7008,0.4375,0.00041577571458847667,4,6
"[9.513853221434996,68.120813221435], [-214.76024233332998,-95.98842433332999], [-67.89510268410527,20.543497118747226], [53.95,235.19], [-12.827703000000001,12.845637000000002], [1.04,8.96], [3015.1,5862.66], [-16.025,17.225], [3.32,6.68]","latitude, longitude, nst, gap, dmin, net, place, horizontalError, locationSource",0.0,0.10823731447036736,0.6410256410256411,1,105.72699191366641,9984,7015,0.5625,0.0010870107718643609,100,156
"[-248.92237866667,-54.54989266667002], [-43.95,151.67000000000002], [-11.420145,11.530264999999998], [-0.976,1.376], [6.0,13.1], [1784572630.9662864,1787103090.556], 0.0, 1.0","longitude, gap, dmin, rms, net, updated, type, status",1.0,0.05227000519290968,0.5541795665634675,1,79.01763852062979,9979,7022,0.5,0.0008124039347430464,179,323
"[-25.345966333333003,61.099299666667], [-9.886215000000002,12.09962], [-0.608,1.968], [4.66,9.34], [241.87999999999988,2918.12], 0.0, [4.519692758005771,14.203502], 1.0, [5.08,8.92]","latitude, dmin, rms, net, place, type, depthError, status, locationSource",2.0,0.0,0.0,1,41.0,7023,7023,0.5625,0.00042153324179346056,0,5
"[22.201494471224297,52.769436], [-260.23912933332997,-73.08353733333], [-12.570000000000007,166.57], [10.2,13.8]","latitude, longitude, gap, locationSource",0.0,0.021967629587144172,0.46596858638743455,1,66.73607939612874,9938,7031,0.25,0.007934129158503509,89,191
"[34.450803,79.871197], [-201.00324999999998,253.60325], [13.786095719968102,136.755], [186.54,301.46], [-1.046,2.146], [-3.4200000000000004,2.7], 1.0","latitude, depth, nst, gap, rms, net, status",2.0,0.2567458542283846,0.7619047619047619,1,84.05675972200133,9952,7040,0.4375,0.0008642126443968098,96,126
"[-3.7128793333329995,144.30681446552546], [-191.31744066667,-93.038642], [-77.54,113.54], [-33.09,236.05], [-0.976,3.9694770788823828], [8.9,12.907766655205778], [1785384284.148,1787103090.556], 0.0, [-22.6177875,0.8447237518166233], 1.0, [5.9399999999999995,14.280000000000001]","latitude, longitude, nst, gap, rms, net, updated, type, depthError, status, locationSource",1.0,0.08825375108068294,0.6153846153846154,1,80.66816495194902,9979,7043,0.6875,0.0008293734897981631,96,156
"[1785948328.55213,1787320257.4858701], [36.189215999999995,83.074784], [-249.702515,-54.54989266667002], [-33.09,118.08], [-11.469700000000001,11.8697], [-0.8039999999999999,1.604], [338.11141047929925,4456.5599999999995]","time, latitude, longitude, gap, dmin, rms, place",1.0,0.040468595277457386,0.5265306122448979,1,98.26795068421828,9979,7053,0.4375,0.0010103221418614253,258,490
"[7.899977,144.30681446552546], [-248.92237866667,-26.50799600000002], [-228.0865,233.1085], [-43.95,151.67000000000002], [-11.420145,11.530264999999998], [6.0,12.0], 0.0","latitude, longitude, depth, gap, dmin, net, type",1.0,0.05064259655808229,0.5506849315068493,1,73.06066505467837,9979,7073,0.4375,0.0007511585119045066,201,365
"[-239.27179733332997,-73.08353733333], [-12.215005,12.291365], [-0.8839999999999999,1.2439999999999998], [1786541157.4459999,1787991797.5740001], [3739.26,6166.735453024128], [-16.025,17.225], [-16.468571,8.7776035], 1.0, [0.7999999999999998,4.34]","longitude, dmin, rms, updated, place, horizontalError, depthError, status, locationSource",0.0,0.5871837933096339,0.898989898989899,2,111.00343226741228,9942,7077,0.5625,0.0022825188611650302,89,99
"[-113.05830208052443,105.25], [6.329999999999998,151.67000000000002], [-11.420145,10.940410000000002], [-0.976,3.9694770788823828], 0.0, [4.5563741013800545,16.310000000000002], 1.0, [-3.0,3.0]","nst, gap, dmin, rms, type, horizontalError, status, locationSource",1.0,0.6780427624051841,0.9252336448598131,1,62.33055308667249,9934,7086,0.5,0.000640839026961084,99,107
"[-17.094550999999996,55.677338], [-46.465,72.96000000000001], [-6.570000000000007,252.64000000000001], [0.5916683029425414,2.4659999999999997], [-1286.1599999999999,3572.62], 1.0, [8.5,14.2]","latitude, nst, gap, rms, place, status, locationSource",4,0.191817969083786,0.71875,2,71.40673882821132,9996,7090,0.4375,0.0016824939924091004,92,128
"[1786824605.45524,1787963565.3247602], [-244.25875005722045,294.4313146431986], [1.8199999999999998,8.18], 0.0, 0.0, [2.5999999999999996,7.4]","time, depth, net, type, status, locationSource",1.0,0.03902795518772003,0.5227272727272727,1,81.86698450505453,9961,7101,0.375,0.0008416989115675766,69,132
"[34.450803,79.871197], [15.921218986447855,136.755], [186.54,309.7], 0.0","latitude, nst, gap, type",2.0,0.15843188521094648,0.6917808219178082,1,77.62598223185445,9952,7121,0.25,0.0007980959009169555,101,146
"[1785555994.8705,1786850267.4495], [-284.90325599999994,-25.764744000000036], [-224.6575,236.5375], [30.53,243.47], [3739.26,8013.594011493831], 0.0, 1.0, [0.7999999999999998,9.789558115544654]","time, longitude, depth, gap, place, type, status, locationSource",0.0,0.14539335680000004,0.68,1,111.29837150193792,9942,7130,0.5,0.0011442917889157268,102,150
"[28.136266333332998,88.208400333333], [-29.260000000000005,243.47], [-12.215005,12.291365], [-0.8839999999999999,1.2439999999999998], [1787056769.3719997,1787937515.164], [2109.84,5374.74], [0.7999999999999998,7.4748174586398966]","latitude, gap, dmin, rms, updated, place, locationSource",0.0,0.06775087940572656,0.5836909871244635,1,95.26880930953054,9915,7151,0.4375,0.0009673263778713478,136,233
"[34.450803,79.871197], [15.921218986447855,136.755], [186.54,301.46], [-1.046,2.146], [3440.82,4977.18], 1.0","latitude, nst, gap, rms, place, status",2.0,0.2581086210919234,0.7627118644067796,1,80.66645742722623,9952,7163,0.375,0.0008293559342266548,45,59
"[-248.92237866667,-54.54989266667002], [-43.95,151.67000000000002], [-0.8839999999999999,1.376], [-3.0,3.0], 0.0, [-1.6800000000000002,1.6800000000000002]","longitude, gap, rms, net, type, locationSource",1.0,0.04051543934614825,0.5266524520255863,1,80.71019058661525,9988,7164,0.375,0.0008298055678961945,247,469
"[34.450803,79.871197], [-201.00324999999998,84.06452210681351], [13.786095719968102,136.755], [186.54,301.46], [-3.4200000000000004,3.4200000000000004], 0.0, [-22.5,34.5], [-18.277646499999996,26.8612465], 1.0","latitude, depth, nst, gap, net, type, horizontalError, depthError, status",2.0,0.25532893796498723,0.7610619469026548,1,84.05851089930515,9952,7172,0.5625,0.0008642306487735375,86,113
"[-211.2205,223.62049999999996], [-67.89510268410527,112.97], [53.95,235.19], [0.6200000000000001,9.379999999999999], [3533.34,5862.66], [3.32,6.68]","depth, nst, gap, net, place, locationSource",0.0,0.03372895734635449,0.5076923076923077,1,99.5755569052042,9984,7199,0.375,0.0010237660318448763,99,195
"[34.450803,79.871197], [-201.00324999999998,84.06452210681351], [13.786095719968102,136.755], [186.54,301.46], [-3.4200000000000004,3.4200000000000004], [2571.1,5296.9], 0.0, [-22.5,34.5], 1.0","latitude, depth, nst, gap, net, place, type, horizontalError, status",2.0,0.3392169036785128,0.8055555555555556,1,85.24647425482924,9952,7204,0.5625,0.0008764444547341694,58,72
"[28.136266333332998,148.50419828222147], [-224.6575,236.5375], [-94.97,112.97], [-8.723745000000001,8.780805], [0.7999999999999998,4.34]","latitude, depth, nst, dmin, locationSource",0.0,0.1797482792029315,0.7094682230869002,1,72.79833924802193,9989,7207,0.3125,0.0008665191710484272,547,771
"[22.201494471224297,52.769436], [-260.23912933332997,-73.08353733333], [53.95,168.46], [-24.60161537335901,14.49263], [1787253731.916,1788004956.2680001], 0.0","latitude, longitude, gap, dmin, updated, type",0.0,0.05948738598974086,0.5687022900763359,2,89.21361861162242,9938,7208,0.375,0.0017790146969276462,149,262
"[1784534165.64312,1786751556.1701884], [14.916258,108.40050300000001], [-405.7829721382727,-54.54989266667002], [-45.25,95.25], [6.329999999999998,118.08], [-11.420145,10.940410000000002], 0.0, [-19.117741486,27.380475999999998]","time, latitude, longitude, nst, gap, dmin, type, depthError",1.0,0.03787366310812513,0.5195979899497487,1,75.47543183130622,9988,7219,0.5,0.0008044382284320869,517,995
"[1785247563.1918535,1787129419.20056], [6.329999999999998,151.67000000000002], [-1.38,1.98], [1248.1799999999998,4667.82], [4.5563741013800545,16.310000000000002], [-17.731059499999997,27.380475999999998], [-3.0,3.0]","time, gap, rms, place, horizontalError, depthError, locationSource",1.0,0.5656830744452496,0.8923076923076924,1,79.5939763899238,9934,7228,0.4375,0.0008183294364604082,58,65
"[-211.2205,223.62049999999996], [-67.89510268410527,112.97], [53.95,235.19], [0.6200000000000001,9.379999999999999], [3533.34,5862.66], 0.0, [3.32,6.68]","depth, nst, gap, net, place, type, locationSource",0.0,0.03206801856076874,0.5025906735751295,1,99.5755569052042,9984,7230,0.4375,0.0010237660318448763,97,193
"[7.899977,144.30681446552546], [-248.92237866667,-26.50799600000002], [-43.95,151.67000000000002], [6.0,12.0], 0.0, [-34.147159014460705,35.20284098553929], [-11.527909364883831,13.20573063511617], 1.0","latitude, longitude, gap, net, type, horizontalError, depthError, status",1.0,0.044036153099699556,0.5355029585798816,1,74.03444772809996,9979,7232,0.5,0.0007611702623223043,181,338
"[1785037701.658599,1786751556.1701884], [36.189215999999995,144.30681446552546], [-33.09,151.67000000000002], [-0.976,1.98], [-3.0,2.4000000000000004], [1785384284.148,1786239125.6520002], 0.0, [-17.731059499999997,27.380475999999998]","time, latitude, gap, rms, net, updated, type, depthError",1.0,0.05537183838296958,0.5606060606060606,1,78.84392857992965,9988,7245,0.5,0.0008106179709763371,74,132
"[1784534165.64312,1787046005.37635], [-3.7128793333329995,81.267212666667], [-248.92237866667,-54.54989266667002], [6.329999999999998,141.95], [-10.84303,10.940410000000002], [1.8199999999999998,7.88], 0.0, [-17.731059499999997,26.09387081109015], 1.0, [2.5999999999999996,7.7]","time, latitude, longitude, gap, dmin, net, type, depthError, status, locationSource",1.0,0.024817867070895377,0.4774774774774775,1,83.3783983011477,9987,7269,0.625,0.00854649256991587,106,222
"[1784513187.5504398,1786638451.01598], [-46.80233399999998,161.94813399999998], [-1.286,2.4659999999999997], [6.9399999999999995,13.06], [-22.799999999999997,40.214999999999996], 1.0","time, longitude, rms, net, horizontalError, status",4,0.5166970205219388,0.8762886597938144,1,85.22639305115658,9986,7284,0.375,0.0008793902221673034,85,97
"[28.136266333332998,148.50419828222147], [-239.27179733332997,-73.08353733333], [-183.83074999999997,204.89074999999997], [30.53,243.47], [-0.8839999999999999,1.2439999999999998], [1786541157.4459999,1787991797.5740001], [2109.84,8013.594011493831], [-16.468571,20.606082500000003], 1.0, [0.7999999999999998,4.34]","latitude, longitude, depth, gap, rms, updated, place, depthError, status, locationSource",0.0,0.48762261064876655,0.8661971830985915,1,113.93471405205285,9942,7296,0.625,0.0011713968138334825,123,142
"[1785455880.6144702,1787537748.12624], [62.269755,296.214245], [-76.35000000000001,136.755], [2.769999999999996,229.23000000000002], [-11.653185,12.853185], [1785797091.8629014,1787168852.8190002], [11.924999999999997,73.675], 1.0","time, longitude, nst, gap, dmin, updated, horizontalError, status",2.0,0.025480396799999996,0.48,1,44.38111292278485,9690,7297,0.5,0.00045629547328641815,12,25
"[1785455880.6144702,1787537748.12624], [-118.04699999999997,171.84699999999998], [-76.35000000000001,136.755], [186.54,378.57], [-11.653185,12.853185], [-1.98,1.98], [1785797091.8629014,1787168852.8190002], [11.924999999999997,73.675], 1.0","time, depth, nst, gap, dmin, net, updated, horizontalError, status",2.0,0.3109652044351208,0.7916666666666666,1,69.86294854795028,9831,7305,0.5625,0.0007182818337235907,38,48
"[1784534165.64312,1787046005.37635], [-202.86498333332997,-22.907683333330013], [-172.38045,189.98705], [-60.06,86.06], [-11.947185000000001,12.559185], [-1.538,1.878], [10.379999999999999,12.0], [-1002.1400000000001,2120.1400000000003], 0.0","time, longitude, depth, nst, dmin, rms, net, place, type",1.0,0.14213354865295066,0.676923076923077,1,92.47068058515802,9979,7316,0.5625,0.0009507186770221774,44,65
"[-28.086936385033603,21.023880000000005], [-280.94553399999995,-72.19506600000003], [-6.770000000000003,88.77000000000001], [-10.635135,17.761135], [8.02,11.98], 0.0, 1.0, [8.5,11.5]","latitude, longitude, nst, dmin, net, type, status, locationSource",4.0,0.6628606504626834,0.9210526315789473,1,52.09331304845129,9853,7328,0.5,0.0005355869054896403,35,38
"0.0, [-23.55,23.95], [10.2,13.8]","type, horizontalError, locationSource",0.0,0.025022128248914022,0.4782608695652174,1,66.61937019934837,9938,7349,0.1875,0.006953413409682892,88,184
"[-24.138799666667,62.306466333333006], [-201.00324999999998,253.60325], [13.786095719968102,136.755], [186.54,301.46], [-1.046,2.146], [-3.4200000000000004,3.4200000000000004], 1.0","latitude, depth, nst, gap, rms, net, status",2.0,0.19834647015918724,0.7235772357723578,1,80.00034065810902,9952,7353,0.4375,0.0008225073888339972,89,123
"[1785455880.6144702,1787537748.12624], [-118.04699999999997,171.84699999999998], [-76.35000000000001,136.755], [-11.653185,12.853185], [-1.98,1.98], [1785797091.8629014,1787168852.8190002], [11.924999999999997,73.675], 1.0","time, depth, nst, dmin, net, updated, horizontalError, status",2.0,0.23020027395048778,0.7454545454545455,1,59.757764541290804,9831,7360,0.5,0.0006143874197419663,41,55
"[-28.086936385033603,21.023880000000005], [-280.94553399999995,-72.19506600000003], [-10.635135,17.761135], [8.02,11.98], 0.0, [-0.4712624999999999,14.9872625], 1.0, [8.5,11.5]","latitude, longitude, dmin, net, type, depthError, status, locationSource",4.0,0.3572711466646851,0.813953488372093,2,50.26991754883483,9853,7363,0.5,0.0010336800638561133,35,43
"[13.786095719968102,136.755], [186.54,301.46], [-1.046,2.146], [1786939621.313,1787613132.8009999], 1.0","nst, gap, rms, updated, status",2.0,0.03308774113421762,0.5057471264367817,1,60.00509099229504,9952,7366,0.3125,0.0006169302568315538,44,87
"[-18.105975,18.523375], [66.30931000000001,174.28368999999998], [-41.53,83.53], [-5.286730000000001,15.71873], [-1.1119999999999997,2.472], [7.18,12.82], [3236.94,4575.06], 1.0, [7.6,12.4]","latitude, longitude, gap, dmin, rms, net, place, status, locationSource",5.0,0.01734152991583261,0.4444444444444444,1,62.670133472788486,9992,7374,0.5625,0.0006443303543027658,8,18
"[1785555994.8705,1786850267.4495], [24.766114333333,103.985886666667], [-260.23912933332997,-73.08353733333], [-224.6575,236.5375], [-94.97,112.97], [3739.26,5374.74], 0.0, [-15.035,16.315], [-19.5860825,21.868571], 1.0, [0.7999999999999998,4.34]","time, latitude, longitude, depth, nst, place, type, horizontalError, depthError, status, locationSource",0.0,0.5714435470050858,0.8941176470588236,1,127.73392424182921,9942,7380,0.6875,0.001313270613967282,76,85
"[-28.086936385033603,21.023880000000005], [-6.770000000000003,88.77000000000001], [-10.635135,17.761135], [8.02,11.98], 0.0, [-7.145,42.644999999999996], [8.5,11.5]","latitude, nst, dmin, net, type, horizontalError, locationSource",4,0.5011991798150075,0.8709677419354839,1,59.385390425522246,9996,7386,0.4375,0.0006912295727804069,135,155
"[7.899977,144.30681446552546], [-248.92237866667,-26.50799600000002], [-43.95,151.67000000000002], [-11.420145,11.530264999999998], [6.0,12.0], 0.0, [-34.147159014460705,14.59], 1.0","latitude, longitude, gap, dmin, net, type, horizontalError, status",1.0,0.044961930714183945,0.5377358490566038,1,73.06165994266547,9979,7389,0.5,0.000751168740644956,171,318
"[-172.38045,161.32399999999996], [-42.82,80.82], [179.39999999999998,314.6], [-1.2000000000000002,7.2], [-16.215,20.97], [-21.709446485999997,23.429446514], 0.0","depth, nst, gap, net, horizontalError, depthError, status",1.0,0.401877572016461,0.8333333333333334,2,61.06378280126513,9966,7428,0.4375,0.0012556299668482463,25,30
"[-172.38045,161.32399999999996], [-42.82,80.82], [179.39999999999998,314.6], [-1.482,1.604], 0.0","depth, nst, gap, rms, status",1.0,0.29103830456733704,0.78125,2,60.56781276124734,9966,7428,0.3125,0.001245431534711606,25,32
"[1784534165.64312,1785893104.9200199], [-1.1760000000000002,3.9694770788823828], [-3.0,2.4000000000000004], [1784590396.821,1787103090.556], 0.0, [4.5563741013800545,16.310000000000002]","time, rms, net, updated, type, horizontalError",1.0,0.05712028543473131,0.5641025641025641,1,64.65165525958784,9934,7437,0.375,0.0006647029714362756,44,78
"[1785033553.01802,1786638451.01598], [-46.80233399999998,161.94813399999998], [-120.85749999999999,182.21349999999998], [-16.96,72.96000000000001], [-0.05400000000000005,1.514], [-1286.1599999999999,2282.16], [-17.735,40.214999999999996], [-16.3137875,30.061787499999998]","time, longitude, depth, nst, rms, place, horizontalError, depthError",4.0,0.8719746985306883,0.972972972972973,1,94.08866985438414,9986,7467,0.5,0.0009673537077988584,36,37
"[1785033553.01802,1786638451.01598], [-46.80233399999998,161.94813399999998], [-120.85749999999999,182.21349999999998], [-16.96,72.96000000000001], [63.359999999999985,252.64000000000001], [-0.05400000000000005,1.514], [-1286.1599999999999,2282.16], [-17.735,40.214999999999996], [-16.3137875,30.061787499999998], [7.18,12.82]","time, longitude, depth, nst, gap, rms, place, horizontalError, depthError, locationSource",4.0,1.0,1.0,1,94.01284180211357,9986,7467,0.625,0.0009665740969526999,35,35
"[7.899977,144.30681446552546], [-113.05830208052443,105.25], [6.329999999999998,151.67000000000002], [-11.420145,11.530264999999998], [-1.482,3.9694770788823828], [1784590396.821,1785756089.7810001], 0.0, [4.5563741013800545,14.59], 1.0, [-3.0,3.0]","latitude, nst, gap, dmin, rms, updated, type, horizontalError, status, locationSource",1.0,1.0,1.0,1,69.349824,9449,7485,0.625,0.0007130062470372179,10,10
"[-28.086936385033603,21.023880000000005], [-280.94553399999995,-72.19506600000003], [-6.770000000000003,88.77000000000001], [30.909999999999997,237.09], [-10.635135,17.761135], [8.02,11.98], 0.0, [-0.4712624999999999,14.9872625], 1.0, [8.5,11.5]","latitude, longitude, nst, gap, dmin, net, type, depthError, status, locationSource",4.0,0.620921323059155,0.9090909090909091,1,53.32298946708558,9853,7497,0.625,0.0005482295759068081,30,33
"[-304.02891,-52.08869], [-95.55024999999999,121.87024999999998], [186.54,301.46], [-1.434,1.8139999999999998], [4.66,13.719999999999999], [1785821829.843,1787168852.8190002], [1813.1399999999999,3646.86], 0.0, [-29.005,34.5], 1.0","longitude, depth, gap, rms, net, updated, place, type, horizontalError, status",2.0,0.0054766078555798245,0.35294117647058826,1,40.0128403816448,9773,7514,0.625,0.0004113839590107078,6,17
"[28.136266333332998,148.50419828222147], [-183.83074999999997,204.89074999999997], [30.53,243.47], [0.7999999999999998,4.34]","latitude, depth, gap, locationSource",0.0,0.21079710034873872,0.7324414715719063,1,89.78589941108415,9989,7522,0.25,0.000993203956004219,438,598
"[1784534165.64312,1787046005.37635], [-172.38045,51.430871965576785], [-77.54,223.0274996907441], [-29.090000000000003,177.09], [-0.9799999999999999,1.2599999999999998], [1784572630.9662864,1787103090.556], [23.657318751804787,48.923548], 1.0","time, depth, nst, gap, rms, updated, depthError, status",1.0,0.1590361251087416,0.6923076923076923,1,57.70177924597179,9879,7544,0.5,0.0005932492210440271,18,26
"[-118.04699999999997,171.84699999999998], [-76.35000000000001,136.755], [-11.653185,12.853185], [-1.98,1.98], [1785797091.8629014,1787168852.8190002], [11.924999999999997,73.675], 1.0","depth, nst, dmin, net, updated, horizontalError, status",2.0,0.21574646429773925,0.7358490566037735,1,59.757736888366765,9831,7553,0.4375,0.0006143871354339977,39,53
"[28.136266333332998,148.50419828222147], [-224.6575,236.5375], [-94.97,24.66671638479137], [30.53,243.47], [-12.215005,12.291365], [-0.514,1.054], 0.0, [-30.610000000000003,32.09], [0.7999999999999998,4.34]","latitude, depth, nst, gap, dmin, rms, type, horizontalError, locationSource",0.0,0.48647609766524386,0.8657894736842106,2,124.32069068062187,9989,7556,0.5625,0.0025991300338412382,329,380
"[-67.89510268410527,20.543497118747226], [-0.8839999999999999,1.2439999999999998], [1.04,8.96], [3533.34,5862.66], 0.0, [3.32,6.68]","nst, rms, net, place, type, locationSource",0.0,0.10496077545745025,0.6370967741935484,1,103.90617383222421,9984,7569,0.375,0.001068290397508593,79,124
"[-49.795,59.795], [-16.468571,21.868571], 1.0, [0.7999999999999998,4.34]","nst, depthError, status, locationSource",0.0,0.20952334638589898,0.7315541601255887,1,73.08313944908973,9989,7583,0.25,0.0008736678915145297,466,637
"[-260.23912933332997,-73.08353733333], [2109.84,8013.594011493831], 0.0, 1.0, [0.7999999999999998,7.390263998785119]","longitude, place, type, status, locationSource",0.0,0.15509420771587426,0.6888412017167382,1,92.86220550726492,9942,7585,0.3125,0.0009363976125517902,321,466
"[-288.39082899999994,-25.653171000000015], [-119.58724999999998,182.0505], [-113.05830208052443,105.25], [6.329999999999998,151.67000000000002], [-0.976,3.9694770788823828], 0.0, [4.5563741013800545,16.310000000000002], 1.0","longitude, depth, nst, gap, rms, type, horizontalError, status",1.0,0.1345009710863807,0.6694915254237288,1,57.766774060001566,9934,7594,0.5,0.0005939174521332401,79,118
"[-28.086936385033603,21.023880000000005], [-10.635135,17.761135], [8.02,11.98], [1785128047.408,1786500974.672], 0.0, 1.0","latitude, dmin, net, updated, type, status",4,0.44370531249999995,0.85,1,50.66581185813545,9996,7595,0.375,0.0005791688343479882,17,20
"[1784534165.64312,1787046005.37635], [-172.38045,51.430871965576785], [-77.54,248.25218093287023], [-29.090000000000003,177.09], [-0.9799999999999999,1.2599999999999998], [1784572630.9662864,1787103090.556], [1099.56,3478.44], [23.657318751804787,48.923548], 1.0","time, depth, nst, gap, rms, updated, place, depthError, status",1.0,0.10979242280002384,0.6428571428571429,1,53.0663801856,9879,7599,0.5625,0.0005455912992653715,9,14
"[-113.05830208052443,105.25], [6.329999999999998,151.67000000000002], [-11.364195,12.364195], [-0.976,3.9694770788823828], 0.0, [4.5563741013800545,16.310000000000002], [-3.0,5.398502133870794]","nst, gap, dmin, rms, type, horizontalError, locationSource",1.0,0.5090640583272318,0.8736842105263158,1,63.983349432512455,9934,7625,0.4375,0.0006578319196851402,83,95
"[1787078453.15098,1788062100.31102], [77.37748500000002,275.330515], [-41.985,61.985], [-9.786215,12.386215000000002], [-0.49999999999999994,0.8999999999999999], [-3.1928719622211976,4.0200000000000005], [1786982957.06,1788407692.9], [3.974999999999998,56.22500000000001], 1.0","time, longitude, nst, dmin, rms, net, updated, horizontalError, status",3.0,0.2373046875,0.75,1,44.25,9391,7627,0.5625,0.00045494746217952754,3,4
"[1787078453.15098,1788062100.31102], [77.37748500000002,275.330515], [-41.985,61.985], [-0.49999999999999994,0.8999999999999999], [-4.0200000000000005,4.0200000000000005], [1786982957.06,1788407692.9], [1067.48,2752.52], [3.974999999999998,56.22500000000001]","time, longitude, nst, rms, net, updated, place, horizontalError",3.0,1.0,1.0,1,35.0,9391,7627,0.5,0.0003598454503114907,2,2
"[22.201494471224297,52.769436], [-260.23912933332997,-73.08353733333], [-12.570000000000007,6.439907968350326], [2723.18,6142.82], [-14.475,14.975], [10.2,13.8]","latitude, longitude, gap, place, horizontalError, locationSource",0.0,0.005416439925154503,0.5581395348837209,1,66.83773413216315,7628,7628,0.375,0.0006871787010453697,0,0
"[1784687440.8357701,1785645202.54423], [50.29791840471424,57.826928900635004], [-67.89510268410527,112.97], [53.95,195.67000000000002], [-5.376670000000001,5.5150500000000005], [-0.8839999999999999,1.2439999999999998], [1785734654.7159998,1786594224.8430002], [-21.988616999999998,21.2744235], [3.32,6.68]","time, latitude, nst, gap, dmin, rms, updated, depthError, locationSource",0.0,0.017525145137855438,0.7058823529411765,1,72.3280880101374,7634,7634,0.5625,0.0007436266685764865,0,0
"[-46.80233399999998,161.94813399999998], [-3.0011449999999993,24.617145], [-1.286,1.592], [1786627116.824,1788284991.256], [4300.72,5589.28]","longitude, dmin, rms, updated, place",4.0,0.46266436603796024,0.8571428571428571,1,62.87746176698548,9970,7650,0.3125,0.0006464619583995552,18,21
"[34.450803,79.871197], [-77.92749999999998,119.72749999999999], [-76.35000000000001,136.755], [186.54,301.46], [-11.653185,12.853185], [-0.8879999999999999,1.968], [1785821829.843,1787168852.8190002], 0.0, [-33.129999999999995,35.269999999999996], 1.0","latitude, depth, nst, gap, dmin, rms, updated, type, horizontalError, status",2.0,0.05375424234020242,0.5572916666666666,1,85.46193319118693,9952,7660,0.625,0.0008786596523906627,107,192
"[1.1396930000000012,90.515307], [-46.39,60.39], [-43.95,125.87087597415153], [-0.528,0.9279999999999999]","latitude, nst, gap, rms",1.0,0.02681249597150152,0.48491704374057315,1,81.33717081321403,9988,7662,0.25,0.0008148164231946026,643,1326
"[1784353087.021708,1786638451.01598], [-46.80233399999998,161.94813399999998], [-10.635135,17.761135], [-1.0219999999999998,2.562], [-1286.1599999999999,3885.88], 0.0, 1.0","time, longitude, dmin, rms, place, type, status",4,0.6062776116457453,0.9047619047619048,1,91.08983664425905,9986,7664,0.4375,0.0009547449900293029,57,63
"[-118.04699999999997,171.84699999999998], [-76.35000000000001,136.755], [186.54,378.57], [-11.653185,12.853185], [-1.98,1.98], [1785797091.8629014,1787168852.8190002], [11.924999999999997,73.675], 1.0","depth, nst, gap, dmin, net, updated, horizontalError, status",2.0,0.27550608968587587,0.7727272727272727,1,69.86242796909801,9831,7678,0.5,0.0007182764814969759,34,44
"[1785976214.72575,1787917623.5942502], [-260.23912933332997,-95.98842433332999], [-67.89510268410527,20.543497118747226], [-24.60161537335901,14.49263], 1.0, [0.8599999999999994,9.14]","time, longitude, nst, dmin, status, locationSource",0.0,0.24168288462761273,0.7527472527472527,2,95.27065798125281,9989,7680,0.375,0.0021865920878256233,274,364
"[-60.646028,21.023880000000005], [-46.80233399999998,161.94813399999998], [-134.94699999999997,154.94699999999997], [-59.135000000000005,129.135], [-6.188789999999999,12.87475], [1786189801.816,1788029006.264], [-22.799999999999997,40.214999999999996], [-16.3137875,30.061787499999998]","latitude, longitude, depth, nst, dmin, updated, horizontalError, depthError",4.0,0.2577503359985351,0.7625,1,76.10496412195714,9986,7695,0.5,0.0007824578595830147,61,80
"[1785948328.55213,1787320257.4858701], [36.189215999999995,83.074784], [-33.09,118.08], [-11.469700000000001,11.8697], [-0.8039999999999999,1.604], [338.11141047929925,4456.5599999999995]","time, latitude, gap, dmin, rms, place",1.0,0.03460726857207026,0.5103092783505154,1,98.18687120604625,9979,7700,0.375,0.0010094885395376015,198,388
"[34.450803,79.871197], [-217.30325,237.30325], [13.786095719968102,136.755], [186.54,301.46], [-11.65869,11.83157606888128], [-1.046,2.146], [6.28,13.719999999999999], [1786939621.313,1787613132.8009999], 1.0","latitude, depth, nst, gap, dmin, rms, net, updated, status",2.0,0.03125,0.5,1,53.01089657997433,9712,7704,0.5625,0.0005450208557496207,13,26
"[14.916258,108.40050300000001], [-405.7829721382727,-54.54989266667002], [6.329999999999998,118.08], [1785754127.9256783,1787153089.1560001], [1803.6399999999999,2331.7960079669647], 0.0, [-31.200000000000003,34.48], [-19.117741486,19.837741514]","latitude, longitude, gap, updated, place, type, horizontalError, depthError",1.0,0.04115388206730387,0.5283018867924528,1,65.70971389456754,9811,7711,0.5,0.0006755811881779965,28,53
"[-46.80233399999998,161.94813399999998], [-134.94699999999997,154.94699999999997], [-10.635135,12.87475], [7.359999999999999,12.64], [1786189801.816,1788029006.264], [-16.3137875,30.061787499999998], 1.0","longitude, depth, dmin, net, updated, depthError, status",4,0.28784412395924985,0.7795275590551181,1,74.88698799797828,9986,7718,0.4375,0.0007465120840489518,99,127
"[1784687440.8357701,1785645202.54423], [19.732404900634997,57.826928900635004], [-67.89510268410527,112.97], [53.95,195.67000000000002], [-5.376670000000001,5.5150500000000005], [-0.8839999999999999,1.2439999999999998], [1785734654.7159998,1786594224.8430002], [-21.988616999999998,21.2744235], 1.0, [3.32,6.68]","time, latitude, nst, gap, dmin, rms, updated, depthError, status, locationSource",0.0,0.05555458356519046,0.5609756097560976,1,78.02647505514066,9917,7730,0.625,0.0008022134872124397,23,41
"[34.450803,79.871197], [13.786095719968102,136.755], [186.54,301.46], [-1.046,2.146], [6.28,12.47258432894538], 0.0, [6.34,13.66]","latitude, nst, gap, rms, net, type, locationSource",2.0,0.03488001083845618,0.5111111111111111,1,52.006816419750415,9712,7736,0.4375,0.0005346976078237748,23,45
"[1784534165.64312,1785759486.53055], [8.530801999999994,90.515307], [-172.38045,51.430871965576785], [-29.090000000000003,177.09], [9.48,14.52], [14.296451999999999,48.923548], 1.0","time, latitude, depth, gap, net, depthError, status",1.0,1.0,1.0,1,57.0,8404,7741,0.4375,0.0005860340190787135,3,3
"[1785606122.6694398,1787262791.57056], [34.450803,79.871197], [-292.673537,-44.33246299999999], [15.921218986447855,136.755], [186.54,378.57], [-11.653185,12.853185], [-1.98,3.4200000000000004], 1.0","time, latitude, longitude, nst, gap, dmin, net, status",2.0,0.401877572016461,0.8333333333333334,1,87.76196458255909,9952,7751,0.5,0.0009023069618694879,35,42
"[34.450803,79.871197], [-201.00324999999998,253.60325], [186.54,301.46], [0.6353308550880181,1.2919999999999998], [-3.4200000000000004,3.4200000000000004], [1784676524.8519998,1786023547.828], 0.0, 1.0","latitude, depth, gap, rms, net, updated, type, status",2.0,1.0,1.0,2,64.0304,9931,7768,0.5,0.0013166313212357073,8,8
"[1784513187.5504398,1786751920.06107], [-46.80233399999998,161.94813399999998], [-6.570000000000007,252.64000000000001], [-1.286,2.4659999999999997], 0.0, [-22.799999999999997,36.1]","time, longitude, gap, rms, type, horizontalError",4,0.45803775957637405,0.8554216867469879,1,85.27639607577252,9986,7775,0.375,0.0008800328421997986,71,83
"[1784534165.64312,1788055428.4438894], [-77.54,282.918573359056], [1784572630.9662864,1787103090.556], [23.657318751804787,48.923548], 1.0","time, nst, updated, depthError, status",1.0,0.05712028543473131,0.5641025641025641,2,46.734516330986956,9879,7777,0.3125,0.0009609830328122125,22,39
"[8.008367,94.453633], [124.085183,228.46041699999998], [186.54,317.09000000000003], [7.6,12.4], 1.0","latitude, longitude, gap, net, status",3,0.04412311230067828,0.5357142857142857,1,41.22654278634028,9871,7779,0.3125,0.0004238623958210445,15,28
"[1784534165.64312,1787633128.00476], [338.11141047929925,2344.2200000000003], 0.0, [2.2600000000000002,5.74]","time, place, type, locationSource",1.0,0.0381050057548647,0.5202312138728323,1,78.61475661759228,9987,7782,0.25,0.0007532947674984258,90,173
"[-46.80233399999998,161.94813399999998], [-120.85749999999999,182.21349999999998], [-16.96,184.25660444467965], [63.359999999999985,172.57], [-6.188789999999999,10.14879], [-0.05400000000000005,2.4659999999999997], 1.0","longitude, depth, nst, gap, dmin, rms, status",4.0,0.6301063901153425,0.9117647058823529,1,81.48326368287323,9986,7783,0.4375,0.0008312849338421576,93,102
"[1785033553.01802,1786638451.01598], [10.741389999999999,54.69661000000001], [-46.80233399999998,161.94813399999998], [-120.85749999999999,182.21349999999998], [-16.96,72.96000000000001], [90.54550580108318,172.57], [-6.188789999999999,10.14879], [-17.735,40.214999999999996], 1.0, [7.18,12.82]","time, latitude, longitude, depth, nst, gap, dmin, horizontalError, status, locationSource",4.0,0.8153726975999999,0.96,1,84.12506970677933,9970,7787,0.625,0.0008652364294960181,24,25
"[7.899977,144.30681446552546], [-248.92237866667,-26.50799600000002], [-43.95,151.67000000000002], [-11.420145,11.530264999999998], [3396.02,5427.9800000000005], 0.0, 1.0, [9.07887490385966,11.34]","latitude, longitude, gap, dmin, place, type, status, locationSource",1.0,0.04526613752481193,0.5384615384615384,1,60.193988096,9333,7797,0.5,0.0006188723643557037,7,13
"[-12.215005,12.291365], [-0.8839999999999999,1.2439999999999998], [1786541157.4459999,1787991797.5740001], [3739.26,6166.735453024128], [-7.9176035,8.7776035], 1.0, [0.7999999999999998,4.34]","dmin, rms, updated, place, depthError, status, locationSource",0.0,0.5945511263631468,0.9012345679012346,1,111.00340495545854,9942,7823,0.4375,0.001141259149780164,73,81
"[28.136266333332998,148.50419828222147], [-224.6575,236.5375], [30.53,243.47], [-0.8839999999999999,1.2439999999999998], 0.0, [0.7999999999999998,4.34]","latitude, depth, gap, rms, type, locationSource",0.0,0.243598891904418,0.7539370078740157,2,89.80392008725323,9989,7825,0.375,0.001986986899359418,383,508
"[1784329262.33402,1785934160.33198], [-28.086936385033603,21.023880000000005], [-10.635135,17.761135], [8.02,11.98], 1.0, [8.5,11.5]","time, latitude, dmin, net, status, locationSource",4.0,0.43375716751999094,0.8461538461538461,1,57.349931864024725,9996,7828,0.375,0.0006650706262571049,44,52
"[1784534165.64312,1785636875.007363], [14.916258,108.40050300000001], [-405.7829721382727,-54.54989266667002], [-8.175000000000004,95.25], [6.329999999999998,118.08], [-11.420145,10.940410000000002], [-34.99,35.309999999999995], [-19.117741486,16.89408347072318]","time, latitude, longitude, nst, gap, dmin, horizontalError, depthError",1.0,0.07058558348578371,0.588495575221239,1,68.03388043416064,9988,7834,0.5,0.0007535405395835942,133,226
"[19.732404900634997,57.826928900635004], [-67.89510268410527,112.97], [-5.376670000000001,5.5150500000000005], [-0.8839999999999999,1.2439999999999998], [1.04,8.96], [1785734654.7159998,1786594224.8430002], 0.0, [-21.988616999999998,21.2744235], [6.68,8.65341776363692]","latitude, nst, dmin, rms, net, updated, type, depthError, locationSource",0.0,0.1,1.0,1,80.0,7850,7850,0.5625,0.0008225038864262645,0,0
"[34.450803,79.871197], [15.921218986447855,136.755], [186.54,301.46], [-1.046,2.146], [-1.98,1.98], [3440.82,4977.18], 1.0","latitude, nst, gap, rms, net, place, status",2.0,0.41500972208362036,0.8387096774193549,1,88.33804432826328,9952,7853,0.4375,0.0009082298097411523,26,31
"[1785455880.6144702,1787537748.12624], [-118.04699999999997,171.84699999999998], [-76.35000000000001,136.755], [186.54,378.57], [-11.653185,12.853185], [1785797091.8629014,1787168852.8190002], [11.924999999999997,73.675]","time, depth, nst, gap, dmin, updated, horizontalError",2.0,0.18183912073024103,0.7111111111111111,1,65.74508689086991,9831,7853,0.4375,0.0006759448685146619,32,45
"[-172.38045,161.32399999999996], [-11.66726,11.67214], [-1.482,1.604], [-1.2000000000000002,7.2], [1785565693.786,1787404898.234], [0.3690321000000001,22.010967100000002], 0.0","depth, dmin, rms, net, updated, depthError, status",1.0,0.04238620159238414,0.5314285714285715,1,90.50733608144392,9961,7854,0.4375,0.0009305329459634463,93,175
"[-28.086936385033603,21.023880000000005], [-280.94553399999995,-72.19506600000003], [-6.770000000000003,88.77000000000001], [98.67999999999999,193.32], [1786206361.688,1787708810.392], 0.0, [-7.145,42.644999999999996], [-6.110433,9.966432999999999], 1.0, [8.5,11.5]","latitude, longitude, nst, gap, updated, type, horizontalError, depthError, status, locationSource",5,1.859344320818706e-06,0.07142857142857142,1,55.4834455552,8549,7856,0.625,0.0005704418700184006,1,14
"[-28.086936385033603,21.023880000000005], [-280.94553399999995,-72.19506600000003], [30.909999999999997,237.09], [-10.635135,17.761135], [-1.22,2.7], [8.02,11.98], 0.0, [-0.4712624999999999,14.9872625], 1.0, [8.5,11.5]","latitude, longitude, gap, dmin, rms, net, type, depthError, status, locationSource",4.0,0.3666478320532007,0.8181818181818182,1,51.13912099076293,9853,7856,0.625,0.0005257765720415685,27,33
"[34.450803,79.871197], [-77.92749999999998,119.72749999999999], [-76.35000000000001,136.755], [186.54,301.46], [-11.653185,12.853185], [-0.8879999999999999,1.968], [-3.3000000000000003,3.3000000000000003], [1785821829.843,1787168852.8190002], 0.0, 1.0, [-3.5999999999999996,3.5999999999999996]","latitude, depth, nst, gap, dmin, rms, net, updated, type, status, locationSource",2.0,0.06274739432390897,0.5748031496062992,1,94.07388750682121,9952,7863,0.6875,0.0009672017260698456,73,127
"[-224.6575,236.5375], [-94.97,24.66671638479137], [-12.215005,12.291365], [1780.42,4803.58], 0.0, [-30.610000000000003,32.09], [0.7999999999999998,4.34]","depth, nst, dmin, place, type, horizontalError, locationSource",0.0,0.4240284307916296,0.8423236514522822,1,131.86725197665479,9942,7874,0.4375,0.0013557665905393759,203,241
"[36.189215999999995,144.30681446552546], [-248.92237866667,-54.54989266667002], [-113.05830208052443,105.25], [-33.09,151.67000000000002], [-11.469700000000001,11.8697], [-0.8039999999999999,1.604], [-3.0,2.4000000000000004], [338.11141047929925,4456.5599999999995]","latitude, longitude, nst, gap, dmin, rms, net, place",1.0,0.06066392517247293,0.5709342560553633,2,72.95962116846289,9988,7880,0.5,0.001500239299081217,165,289
"[-172.38045,138.08425], [-35.25,105.25], [1786354574.852,1787183512.068], [2401.0,4879.0], 0.0, [-16.215,20.97], 0.0, [-4.32,4.32]","depth, nst, updated, place, type, horizontalError, status, locationSource",1.0,0.512908935546875,0.875,1,58.3856,9961,7891,0.5,0.0006002797863916163,7,8
"[-37.275000000000006,117.275], [30.53,216.3645744824707], [1786541157.4459999,1787991797.5740001], [-16.025,17.225], [-16.468571,8.7776035], 1.0, [0.7999999999999998,4.34]","nst, gap, updated, horizontalError, depthError, status, locationSource",0.0,0.20150713388064304,0.7258687258687259,1,101.84323527659568,9967,7894,0.4375,0.0010106932290021103,188,259
"[1784534165.64312,1786689871.50386], [-3.7128793333329995,144.30681446552546], [-248.92237866667,-54.54989266667002], [-11.420145,10.940410000000002], [-1.482,1.98], [1785423603.711,1787103090.556], [1136.9016074480742,3574.18], [-11.125,22.125], [-3.0,3.0]","time, latitude, longitude, dmin, rms, updated, place, horizontalError, locationSource",1.0,0.02717983765092101,0.48623853211009177,1,60.623637554658934,9988,7900,0.5625,0.0006480255915071299,106,218
"[1784534165.64312,1786689871.50386], [59.78184762606352,144.30681446552546], [-248.92237866667,-54.54989266667002], [-45.25,105.25], [-11.420145,10.940410000000002], [-1.482,1.98], [1785423603.711,1787103090.556], [1248.1799999999998,3574.18], [-11.125,22.125], [-3.0,5.797754686643749]","time, latitude, longitude, nst, dmin, rms, updated, place, horizontalError, locationSource",1.0,0.198493132730532,0.7236842105263158,1,50.19182914610951,9988,7906,0.625,0.0005160371817439766,55,76
"[1786824605.45524,1787963565.3247602], [-244.25875005722045,294.4313146431986], [-9.219999999999999,119.22], [1.8199999999999998,7.2], [2427.0,4905.0], 0.0, [-16.215,20.97], 0.0","time, depth, gap, net, place, type, horizontalError, status",1.0,0.042580499692325975,0.5319148936170213,1,95.1579165959356,9961,7928,0.5,0.000978346952804792,25,47
"[28.136266333332998,148.50419828222147], [-239.27179733332997,5.470130666669988], [-224.6575,236.5375], [-94.97,24.66671638479137], [77.02,218.98000000000002], [-0.8839999999999999,1.2439999999999998], [1780.42,6166.735453024128], 0.0, [0.7999999999999998,4.34]","latitude, longitude, depth, nst, gap, rms, place, type, locationSource",0.0,0.6147776907782748,0.9072847682119205,2,133.81259962609082,9942,7935,0.5625,0.002751534581131535,137,151
"[51.345,120.35000000000001], [-55.57000000000001,123.57000000000001], [-1.0480366199236766,1.256], [-28.325000000000003,14.193878659249997], [-1.6800000000000002,1.6800000000000002]","nst, gap, rms, horizontalError, locationSource",2.0,0.26487008230452685,0.7666666666666667,1,51.51077358273392,9946,7941,0.3125,0.000529597643307775,23,30
"[1784534165.64312,1786751556.1701884], [-113.05830208052443,105.25], [-33.09,151.67000000000002], [-6.985305000000001,8.185305000000001], [-3.0,3.0], [1248.1799999999998,4667.82], 0.0, [-1.6800000000000002,1.6800000000000002]","time, nst, gap, dmin, net, place, type, locationSource",1.0,0.05207405559809319,0.553763440860215,1,89.32252720207244,9988,7945,0.5,0.0009183515721140038,103,186
"[-42.82,80.82], [179.39999999999998,314.6], [-1.482,1.604], [-16.215,20.97], [0.3690321000000001,22.010967100000002], 0.0","nst, gap, rms, horizontalError, depthError, status",1.0,0.2935778904262872,0.782608695652174,1,61.04444895326891,9966,7952,0.375,0.0006276162063601675,18,23
"[6.329999999999998,151.67000000000002], [-11.364195,10.940410000000002], [-0.976,3.9694770788823828], [1786023226.29,1787966047.8899999], 0.0, [4.5563741013800545,16.310000000000002], [-3.0,3.0]","gap, dmin, rms, updated, type, horizontalError, locationSource",1.0,0.46946813692107625,0.8596491228070176,1,60.614287481023574,9875,7955,0.4375,0.0006231935878262595,49,57
"[-260.23912933332997,-95.98842433332999], [-67.89510268410527,20.543497118747226], [0.8599999999999994,9.14]","longitude, nst, locationSource",0.0,0.1950876668183839,0.721183800623053,2,82.6214666305156,9989,7984,0.1875,0.0021366294826814696,463,642
"[1787079963.0901399,1787960068.44386], [-18.105975,18.523375], [66.30931000000001,174.28368999999998], [83.53,94.65379136885562], [-5.286730000000001,15.71873], [-1.1119999999999997,2.472], [7.18,12.82], [3236.94,4575.06], 1.0, [7.6,12.4]","time, latitude, longitude, gap, dmin, rms, net, place, status, locationSource",5.0,0.0,0.0,1,55.0,7993,7993,0.625,0.0005654714219180568,0,1
"[-28.086936385033603,21.023880000000005], [-46.80233399999998,161.94813399999998], [-10.635135,17.761135], [-1.0219999999999998,2.562], [-1042.0400000000002,2328.04], 0.0, [-15.505000000000004,36.745000000000005]","latitude, longitude, dmin, rms, place, type, horizontalError",4,0.3591654751124945,0.8148148148148148,1,83.40313723019304,9986,8012,0.4375,0.0008574925563997105,22,27
"[28.136266333332998,148.50419828222147], [-224.6575,236.5375], [-94.97,24.66671638479137], [30.53,243.47], [-12.215005,12.291365], [-0.8839999999999999,1.054], [-2.38,6.38], 0.0, [-34.504999999999995,34.845]","latitude, depth, nst, gap, dmin, rms, net, type, horizontalError",0.0,0.057686950493471195,0.5652173913043478,1,102.54595397199091,9989,8018,0.5625,0.0010176229166277693,429,759
"[-172.38045,161.32399999999996], [-0.976,1.604], 0.0, 0.0, [-4.32,4.32]","depth, rms, type, status, locationSource",1.0,0.14213354865295066,0.676923076923077,1,69.79517455097469,9971,8025,0.3125,0.0007175850290247024,44,65
"[51.345,120.35000000000001], [-55.57000000000001,123.57000000000001], [-1.0480366199236766,1.256], [2071.92,3856.08], [-28.325000000000003,14.193878659249997], [-1.6800000000000002,1.6800000000000002]","nst, gap, rms, place, horizontalError, locationSource",2.0,0.26150027784488145,0.7647058823529411,1,61.3394113273856,9946,8027,0.375,0.0006306488025984235,13,17
"[1784534165.64312,1787046005.37635], [-172.38045,51.430871965576785], [-77.54,113.54], [-29.090000000000003,151.67000000000002], [1784572630.9662864,1787103090.556], [14.296451999999999,48.923548], 1.0","time, depth, nst, gap, updated, depthError, status",4,0.0,0.0,1,61.6199481171968,8044,8044,0.4375,0.0006335330850972393,0,17
"[-46.80233399999998,161.94813399999998], [-120.85749999999999,182.21349999999998], [-16.96,88.77000000000001], [-6.570000000000007,252.64000000000001], [-1.286,1.514], [-1286.1599999999999,2282.16], 0.0, [-16.3137875,30.061787499999998], [7.18,12.82]","longitude, depth, nst, gap, rms, place, type, depthError, locationSource",4,0.7835261664684589,0.9523809523809523,3,92.99238282314204,9986,8046,0.5625,0.0028682473605027496,40,42
"[-224.6575,236.5375], [30.53,243.47], [-12.215005,12.291365], [-0.8839999999999999,1.2439999999999998], 0.0, [0.7999999999999998,4.34]","depth, gap, dmin, rms, type, locationSource",0.0,0.1484977889692039,0.6828793774319066,1,83.55983250836232,9989,8047,0.375,0.0008931851234917456,351,514
"[1785033553.01802,1786638451.01598], [70.25941,161.94813399999998], [-120.85749999999999,182.21349999999998], [-60.275000000000006,94.275], [63.359999999999985,252.64000000000001], [1786255783.968,1787887754.112], [1878.58,3811.42], [-18.948665679866405,30.061787499999998]","time, longitude, depth, nst, gap, updated, place, depthError",4.0,0.7241964340209961,0.9375,1,86.086736658432,9693,8066,0.5,0.0008904470340523978,15,16
"[-248.92237866667,-54.54989266667002], [10.749500000000012,182.0505], [-113.05830208052443,105.25], [-6.985305000000001,8.185305000000001], [-3.0,3.0], [1248.1799999999998,2341.518952646633], 0.0, [-1.6800000000000002,1.6800000000000002]","longitude, depth, nst, dmin, net, place, type, locationSource",1.0,0.095367431640625,0.625,1,50.30258215212019,9875,8087,0.5,0.0005171758664674412,20,32
"[1785555994.8705,1786850267.4495], [-284.90325599999994,-25.764744000000036], [-224.6575,236.5375], [30.53,243.47], [-0.696,0.8160000000000001], [3739.26,8013.594011493831], 0.0, 1.0, [0.7999999999999998,9.789558115544654]","time, longitude, depth, gap, rms, place, type, status, locationSource",0.0,0.18421918152513717,0.7129629629629629,1,111.29837150329786,9942,8088,0.5625,0.0011442917889297086,77,108
"[24.766114333333,148.50419828222147], [-260.23912933332997,-73.08353733333], [-224.6575,236.5375], [-5.796390000000001,5.87331], [3739.26,5374.74], 0.0, 1.0, [0.7999999999999998,4.34]","latitude, longitude, depth, dmin, place, type, status, locationSource",0.0,0.5711946170789975,0.8940397350993378,1,111.64166358446576,9942,8100,0.5,0.0011478212773164582,135,151
"[3.715555000000009,237.66004499999997], [-120.85749999999999,182.21349999999998], [-17.735,42.644999999999996], [8.5,12.4]","longitude, depth, horizontalError, locationSource",4,0.15206750911975608,0.6861313868613139,1,72.36981240675493,9986,8102,0.25,0.0007141622917583497,94,137
"[124.085183,228.46041699999998], [184.1686269764307,317.09000000000003], [7.6,12.4], 1.0","longitude, gap, net, status",3,0.025022128248914022,0.4782608695652174,1,39.73534748065739,9871,8113,0.25,0.00414738682133496,11,23
"[1786627738.21572,1787456072.66628], [8.008367,94.453633], [124.085183,228.46041699999998], [7.6,12.4], 1.0, [8.26,10.18]","time, latitude, longitude, net, status, locationSource",3,0.00019869482337892967,0.18181818181818182,1,39.5012608,9550,8113,0.375,0.0004061242565842181,2,11
"[28.136266333332998,148.50419828222147], [-152.33974999999998,236.5375], [-94.97,20.543497118747226], [3533.34,5862.66], 0.0, [-19.306912,20.266912], [3.32,9.14]","latitude, depth, nst, place, type, depthError, locationSource",0.0,0.08157104964302428,0.6057692307692307,1,99.79978505326578,9984,8115,0.4375,0.0010260713883852115,63,104
"[-133.434867666667,-0.26646566666700267], [-0.9799999999999999,1.2599999999999998], [1784572630.9662864,1787103090.556], [14.296451999999999,48.923548], 1.0","longitude, rms, updated, depthError, status",1.0,0.06391305182160717,0.5769230769230769,1,46.463308468288616,9879,8120,0.3125,0.0004777031473923719,15,26
"[28.136266333332998,52.769436], [-260.23912933332997,-27.415630267580013], [-129.54274999999996,153.76274999999998], [-94.97,24.66671638479137], [53.95,168.46], [-0.514,1.054], 0.0","latitude, longitude, depth, nst, gap, rms, type",0.0,0.08772363637877843,0.6146435452793835,1,101.65492056643436,9989,8122,0.4375,0.0010033088846159353,319,519
"[-67.89510268410527,20.543497118747226], [-12.215005,12.291365], [-0.514,1.054], 0.0, [-19.306912,20.266912]","nst, dmin, rms, type, depthError",0.0,0.026921038165395417,0.48530901722391084,1,66.27364498885592,9989,8124,0.3125,0.0009409324978543986,479,987
"[-6.570000000000007,172.57], [-1.286,2.4659999999999997], [9.485730954762223,11.98], [-16.3137875,30.061787499999998], [8.5,12.82]","gap, rms, net, depthError, locationSource",4,0.04591650240000002,0.54,1,65.45681694650986,9996,8136,0.3125,0.0007456643033992354,135,250
"[-46.80233399999998,161.94813399999998], [-120.85749999999999,182.21349999999998], [-16.96,88.77000000000001], [-6.570000000000007,252.64000000000001], [-1286.1599999999999,2282.16], 0.0, [-7.145,42.644999999999996], [7.18,12.4]","longitude, depth, nst, gap, place, type, horizontalError, locationSource",4,0.7737809374999998,0.95,1,92.99534892272247,9986,8136,0.5,0.000956112948856322,38,40
"[-67.89510268410527,20.543497118747226], [-15.36999999999999,231.37], [-0.8839999999999999,1.2439999999999998], [1.04,8.96], [1785713479.0509999,1786594224.8430002], [-21.988616999999998,21.2744235], [3.32,6.68]","nst, gap, rms, net, updated, depthError, locationSource",0.0,0.13691228162497282,0.671875,2,107.57181162360419,9984,8137,0.4375,0.0022119558282582114,43,64
"[-161.77824999999999,161.32399999999996], [-75.3,93.3], [68.77,295.23], [-5.834735000000001,7.0019350000000005], 2.0, 1.0, [7.5600000000000005,16.439999999999998]","depth, nst, gap, dmin, type, status, locationSource",1.0,0.1590361251087416,0.6923076923076923,1,37.228935680000006,9727,8140,0.4375,0.00038276180355391787,9,13
"[36.189215999999995,144.30681446552546], [6.329999999999998,151.67000000000002], [-0.976,3.9694770788823828], [-3.0,3.0], 0.0, [4.5563741013800545,16.310000000000002], [-17.731059499999997,27.380475999999998], 1.0, [-3.0,3.0]","latitude, gap, rms, net, type, horizontalError, depthError, status, locationSource",1.0,0.5450900410543225,0.8857142857142857,1,62.29392359345327,9934,8143,0.5625,0.0006404624282044511,62,70
"[1786047092.38207,1787781417.63793], [-260.23912933332997,-27.415630267580013], [-224.6575,236.5375], [-94.97,24.66671638479137], 0.0, [0.7999999999999998,4.34]","time, longitude, depth, nst, type, locationSource",0.0,0.3591654751124945,0.8148148148148148,1,104.40937491054137,9989,8152,0.375,0.00117350380400253,198,243
"[1784534165.64312,1786751556.1701884], [36.189215999999995,144.30681446552546], [-248.92237866667,-54.54989266667002], [10.749500000000012,182.0505], [6.329999999999998,151.67000000000002], [-0.976,1.98], 0.0, [-17.731059499999997,27.380475999999998], [-1.6800000000000002,1.6800000000000002]","time, latitude, longitude, depth, gap, rms, type, depthError, locationSource",1.0,0.15563440872163395,0.6893203883495146,1,67.32975072481408,9934,8162,0.5625,0.0006922372705408897,71,103
"[-96.89425,-23.635549999999995], [-95.84757099999999,1.3293710000000019], [51.345,120.35000000000001], [6.58,13.42]","latitude, longitude, nst, locationSource",5,0.03125,0.5,1,34.0,9334,8163,0.25,0.0003495641517311624,1,2
"[124.085183,228.46041699999998], [186.54,317.09000000000003], [-0.95,1.8499999999999999], [2.5600000000000005,12.4], [-15.825,17.425], 1.0","longitude, gap, rms, net, horizontalError, status",3,0.014458261438686257,0.42857142857142855,1,41.000539245698086,9871,8164,0.375,0.007406197155830726,9,21
"[1785276587.91172,1786104922.3622801], [-28.086936385033603,21.023880000000005], [-280.94553399999995,-72.19506600000003], [-6.770000000000003,88.77000000000001], [-4.85486,12.87475], 1.0, [8.5,11.5]","time, latitude, longitude, nst, dmin, status, locationSource",4,0.7241964340209961,0.9375,1,59.979879317504,9853,8167,0.4375,0.000616671048075317,15,16
"[1785455880.6144702,1786660979.1922019], [-118.04699999999997,171.84699999999998], [-11.653185,12.853185], [-1.98,1.98], [11.924999999999997,73.675], 1.0, [-1.98,1.98]","time, depth, dmin, net, horizontalError, status, locationSource",2.0,0.191817969083786,0.71875,1,60.74485751239236,9819,8169,0.4375,0.0006245360173044048,23,32
"[-283.37715299999996,-60.46042800000002], [53.002500000000026,250.6575], [39.53,374.4], [-12.762165000000001,13.300165000000002], [2.5600000000000005,16.82742818284668], [656.9599999999998,4027.04], [-16.700000000000003,44.1], [-4.6972855000000004,14.4712855], [5.614667852941367,13.3]","longitude, depth, gap, dmin, net, place, horizontalError, depthError, locationSource",3.0,0.004115226337448558,0.3333333333333333,2,40.69721890816,9801,8183,0.5625,0.0009021124673348431,5,15
"[-260.23912933332997,-73.08353733333], [53.95,206.05], 0.0, [-10.409308529999999,12.46930847], 1.0, [0.8599999999999994,7.390263998785119]","longitude, gap, type, depthError, status, locationSource",0.0,0.19526041471498232,0.7213114754098361,1,110.1708141924423,9989,8185,0.375,0.0011401127050023453,308,427
"[1786147970.24623,1787778753.69577], [-18.105975,18.523375], [-44.413917999999995,174.28368999999998], [31.18,154.82], [-5.286730000000001,15.71873], [-11.674888999999999,24.188888999999996]","time, latitude, longitude, nst, dmin, depthError",5.0,0.010240000000000003,0.4,1,60.26079050331587,9992,8188,0.375,0.015369390376262271,8,20
"[-46.80233399999998,161.94813399999998], [-120.85749999999999,182.21349999999998], [-16.96,88.77000000000001], [-6.570000000000007,252.64000000000001], [-1.286,1.514], [-1286.1599999999999,2282.16], [-16.3137875,30.061787499999998], [7.18,12.82]","longitude, depth, nst, gap, rms, place, depthError, locationSource",4,0.7514188428254499,0.9444444444444444,2,92.99415606350765,9986,8190,0.5,0.0019122013694291401,34,36
"[-172.38045,138.08425], [-35.25,105.25], [-0.976,1.604], 0.0, [-16.215,55.836037287660965], 0.0, [-6.775851996004741,4.32]","depth, nst, rms, type, horizontalError, status, locationSource",1.0,0.17927081284810403,0.7090909090909091,1,71.95445309981362,9971,8193,0.4375,0.0007397852165034135,39,55
"[28.136266333332998,52.769436], [-94.97,24.66671638479137], 0.0, [-22.663926730217092,34.845], [0.7999999999999998,6.9446866724096905]","latitude, nst, type, horizontalError, locationSource",0.0,0.17473172620687064,0.7054631828978623,1,96.67974464531751,9989,8194,0.3125,0.001099611884533288,297,421
"[34.450803,79.871197], [-77.92749999999998,171.84699999999998], [186.54,378.57], [-11.653185,12.853185], [-0.8879999999999999,1.968], [1785797091.8629014,1787168852.8190002], 0.0, 1.0","latitude, depth, gap, dmin, rms, updated, type, status",2.0,0.03609381672671094,0.5146198830409356,1,71.69732381744927,9952,8203,0.5,0.0007903404350729142,88,171
"[7.780990666667002,78.109342666667], [-161.77824999999999,95.47049999999999], [-33.09,295.23], [-5.834735000000001,4.9029750000000005], [-0.596,0.916], 2.0, [-16.215,20.97]","latitude, depth, gap, dmin, rms, type, horizontalError",1.0,0.13168724279835387,0.6666666666666666,1,37.31282176,9727,8219,0.4375,0.0003836242613891311,8,12
"[-7.395038666667006,74.65470533333301], [-248.92237866667,4.960517045409972], [-154.92399999999998,161.32399999999996], [-75.3,93.3], [68.77,173.09], [-4.821775,7.0019350000000005], [-1.5919999999999999,1.9919999999999998], 2.0, 1.0, [7.5600000000000005,16.439999999999998]","latitude, longitude, depth, nst, gap, dmin, rms, type, status, locationSource",1.0,0.13168724279835387,0.6666666666666666,1,52.333333333333336,9400,8219,0.625,0.000538054625703848,2,3
"[-253.74951499999997,-55.796485000000004], [-37.27799999999999,232.82174999999998], [160.89,335.11], [-14.940000000000005,96.05], [1900.3,5121.7], [-12.014061,13.956261], 1.0","longitude, depth, nst, gap, place, depthError, status",3.0,1.0,1.0,1,28.0,9033,8225,0.4375,0.00028787636024919257,3,3
"[1784534165.64312,1787129419.20056], [6.329999999999998,151.67000000000002], [-11.420145,10.940410000000002], [-3.0,2.4000000000000004], [1784898431.9950001,1786737636.443], [4.5563741013800545,16.310000000000002], [-17.731059499999997,27.380475999999998]","time, gap, dmin, net, updated, horizontalError, depthError",1.0,0.5051612089379387,0.8723404255319149,1,77.2396963793197,9934,8226,0.4375,0.000794124380729689,41,47
"[51.345,120.35000000000001], [-55.57000000000001,123.57000000000001], [-3.9000000000000004,3.9000000000000004], [-1.6800000000000002,1.6800000000000002]","nst, gap, net, locationSource",2.0,0.2693290743429045,0.7692307692307693,1,51.50830024328851,9946,8227,0.25,0.0005295722141664463,20,26
"[34.450803,79.871197], [-201.00324999999998,362.1579722880442], [13.786095719968102,136.755], [186.54,301.46], [-11.65869,12.853185], [-1.046,2.146], [1785797091.8629014,1787168852.8190002], 0.0, [-18.277646499999996,26.8612465], 1.0","latitude, depth, nst, gap, dmin, rms, updated, type, depthError, status",2.0,0.17898007205164654,0.7088607594936709,2,82.33596024649555,9952,8238,0.625,0.001693041182384525,56,79
"[1785455880.6144702,1787537748.12624], [-118.04699999999997,171.84699999999998], [-76.35000000000001,136.755], [-11.653185,12.853185], [-1.98,1.98], [1785797091.8629014,1787168852.8190002], [849.46,2980.54], [11.924999999999997,73.675], 1.0","time, depth, nst, dmin, net, updated, place, horizontalError, status",2.0,0.20346349914002398,0.7272727272727273,1,46.15994354676243,9819,8247,0.5625,0.00047458416205536333,16,22
"[-188.63074998092648,200.09075001907345], [-35.25,105.25], 0.0, 0.0, [-6.775851996004741,4.32]","depth, nst, type, status, locationSource",1.0,0.17256359665582893,0.7037037037037037,1,71.9543417744936,9971,8251,0.3125,0.0007397840719345587,38,54
"[-172.38045,161.32399999999996], [-0.976,1.604], [1.8199999999999998,6.66], [1785871435.6299999,1787684735.7900002], 0.0, [-16.215,55.836037287660965], [-8.425944478999998,9.505944521], 0.0","depth, rms, net, updated, type, horizontalError, depthError, status",1.0,0.03648242012685175,0.5157232704402516,1,81.83499722059881,9961,8251,0.5,0.0008413700407453134,82,159
"[28.136266333332998,148.50419828222147], [-224.6575,180.5295001049042], [-94.97,24.66671638479137], [30.53,243.47], [-0.514,1.054], 0.0","latitude, depth, nst, gap, rms, type",0.0,0.03477661677803544,0.5108077360637088,1,97.73402534077087,9989,8257,0.375,0.0009403215494327634,449,879
"[1786764856.20591,1787963565.3247602], [-244.25875005722045,294.4313146431986], [-42.985,60.985], [-9.219999999999999,119.22], [2427.0,4905.0], 0.0, [-16.215,20.97], 0.0","time, depth, nst, gap, place, type, horizontalError, status",1.0,0.03125,0.5,1,88.25884988292425,9961,8269,0.5,0.0009074155880027182,21,42
"[1784534165.64312,1786751556.1701884], [-170.77613766667,-73.59919566667], [-113.05830208052443,105.25], [-33.09,177.09], [-6.985305000000001,8.185305000000001], [1785384284.148,1787103090.556], [1248.1799999999998,4667.82], [-1.6800000000000002,1.6800000000000002]","time, longitude, nst, gap, dmin, updated, place, locationSource",1.0,0.043521988967797326,0.5342465753424658,1,88.49763597768981,9988,8270,0.5,0.0009098706191398335,78,146
"[1785033553.01802,1786638451.01598], [-16.96,88.77000000000001], [-6.570000000000007,252.64000000000001], [-1.286,1.514], [7.48,12.52], [3819.8999999999996,6050.1], [-17.735,40.214999999999996]","time, nst, gap, rms, net, place, horizontalError",4.0,0.0726121990249135,0.5918367346938775,1,64.14970737018437,9970,8284,0.4375,0.0006595422953135528,29,49
"[-68.96624999999999,95.74624999999999], [30.53,243.47], [-0.8839999999999999,1.2439999999999998], [2503.94,3842.06], 0.0, [-15.465,15.885000000000002], [0.7999999999999998,1.1668191153420109]","depth, gap, rms, place, type, horizontalError, locationSource",0.0,0.512908935546875,0.875,1,138.24401465350064,9910,8287,0.4375,0.0014213279915959217,35,40
"[42.973266000000024,251.72373399999998], [31.18,154.82], [-55.640000000000015,141.23000000000002], [2.40013,12.51387], [-0.08599999999999997,2.226], [4210.6,5697.4], 0.0, [-25.369999999999997,43.029999999999994], 1.0","longitude, nst, gap, dmin, rms, place, type, horizontalError, status",5.0,0.0003200000000000001,0.2,1,57.752064000000004,9992,8290,0.5625,0.0005937662136142295,2,10
"[10.211272527343997,67.353058527344], [-172.38045,161.32399999999996], [-1.482,1.604], [-16.215,20.97], [-14.26603661,18.50603639], 0.0","latitude, depth, rms, horizontalError, depthError, status",1.0,0.047371183247346946,0.54337899543379,1,89.50011448202534,9973,8296,0.375,0.000920177399963268,119,219
"[1784534165.64312,1787046005.37635], [-202.86498333332997,-22.907683333330013], [-172.38045,189.98705], [-60.06,86.06], [-1.538,1.878], [10.379999999999999,12.0], [-1002.1400000000001,2120.1400000000003], 0.0, [7.46,14.54]","time, longitude, depth, nst, rms, net, place, type, locationSource",1.0,0.2149341667858102,0.7352941176470589,2,92.47542656480839,9979,8307,0.5625,0.001901534943712038,25,34
"[-46.80233399999998,161.94813399999998], [-120.85749999999999,182.21349999999998], [-129.79024106258532,88.77000000000001], [-6.570000000000007,252.64000000000001], [-1286.1599999999999,2282.16], 0.0, [-7.145,42.644999999999996], [7.18,12.4]","longitude, depth, nst, gap, place, type, horizontalError, locationSource",4,0.7385081737104511,0.9411764705882353,1,92.993883716699,9986,8315,0.5,0.000956097884635713,32,34
"[1784534165.64312,1785636875.007363], [14.916258,108.40050300000001], [-405.7829721382727,-54.54989266667002], [-8.175000000000004,95.25], [6.329999999999998,118.08], [5.388626727639705,10.940410000000002], [-34.99,35.309999999999995], [-19.117741486,16.89408347072318]","time, latitude, longitude, nst, gap, dmin, horizontalError, depthError",1.0,0.008457703295940151,0.6101694915254238,1,61.633330525860856,8331,8331,0.5,0.0006336706736364384,0,0
"[28.136266333332998,148.50419828222147], [-224.6575,236.5375], [30.53,243.47], [2109.84,5374.74], [16.769816,46.450184], [0.7999999999999998,4.34]","latitude, depth, gap, place, depthError, locationSource",0.0,0.001903968584518355,0.2857142857142857,1,63.664,9250,8333,0.375,0.0006545485928180213,2,7
"[1785205436.74628,1786965647.4537199], [-252.54710496387,-58.193220963870004], [-172.38045,138.08425], [-35.25,105.25], [-0.976,1.604], 0.0, [-16.215,20.97], 0.0, [-4.32,4.32]","time, longitude, depth, nst, rms, type, horizontalError, status, locationSource",1.0,0.3591654751124945,0.8148148148148148,1,63.95271805535558,9966,8338,0.5625,0.0006575169893506638,22,27
"[28.136266333332998,52.769436], [-260.23912933332997,17.803816998676147], [-129.54274999999996,153.76274999999998], [-94.97,24.66671638479137], [53.95,168.46], [-0.514,1.054], 0.0, 1.0","latitude, longitude, depth, nst, gap, rms, type, status",0.0,0.09311830104175466,0.6220238095238095,2,99.20773162053639,9989,8339,0.5,0.0019279918934966961,209,336
"[28.136266333332998,148.50419828222147], [-94.97,24.66671638479137], [30.53,243.47], [-1.006,1.066], 0.0, [0.7999999999999998,6.9446866724096905]","latitude, nst, gap, rms, type, locationSource",0.0,0.23471969379140445,0.7483588621444202,1,109.02154943660966,9989,8341,0.375,0.00112165030796709,342,457
"[1784808407.8650298,1785921482.28297], [-200.83199999999997,72.31979571935472], [-55.640000000000015,133.64000000000001], [-8.018245,6.648365000000001], [6.1,13.9], [3784.12,7582.6176595496945], 0.0, [-13.527525,17.389525], 1.0","time, depth, gap, dmin, net, place, type, depthError, status",5.0,0.001903968584518355,0.2857142857142857,2,55.56,9455,8343,0.5625,0.0011424578982460814,2,7
"[13.952018999999993,106.257981], [160.89,335.11], [-56.05,96.05], 0.0, [-12.014061,13.956261], [-3.3600000000000003,3.3600000000000003]","latitude, nst, gap, type, depthError, locationSource",3.0,1.0,1.0,1,32.0,9033,8347,0.375,0.0003290015545705058,2,2
"[28.136266333332998,52.769436], [-260.23912933332997,17.803816998676147], [-129.54274999999996,153.76274999999998], [-94.97,24.66671638479137], [53.95,168.46], [-0.514,1.054], [1786747473.8419998,1788094496.818], 0.0, 1.0","latitude, longitude, depth, nst, gap, rms, updated, type, status",0.0,0.1590361251087416,0.6923076923076923,1,96.31686316222489,9938,8363,0.5625,0.0009175555064727951,108,156
"[24.766114333333,148.50419828222147], [-260.23912933332997,-73.08353733333], [-224.6575,236.5375], [-5.796390000000001,5.87331], [1785723342.468,1787096269.7319999], 0.0, 1.0, [0.7999999999999998,4.34]","latitude, longitude, depth, dmin, updated, type, status, locationSource",0.0,0.22176622603995988,0.7399103139013453,1,94.65279360904091,9989,8364,0.5,0.0010853554837967397,165,223
"[28.136266333332998,148.50419828222147], [-224.6575,236.5375], [-94.97,24.66671638479137], [30.53,243.47], [-12.215005,12.291365], [-0.514,1.054], [-22.663926730217092,32.09], [0.7999999999999998,6.9446866724096905]","latitude, depth, nst, gap, dmin, rms, horizontalError, locationSource",0.0,0.22363092549638922,0.7411504424778761,1,109.01966556780071,9989,8373,0.5,0.0011216200445019165,335,452
"[1787108843.34314,1787988948.69686], [-62.325,120.325], [53.64,202.36], [-1.944,2.144], 0.0, [-23.55,23.95], 1.0, [10.2,13.8]","time, nst, gap, rms, type, horizontalError, status, locationSource",0.0,0.06922366952724099,0.5862068965517241,2,56.37679295698378,9938,8375,0.5,0.0011592532827842004,17,29
"[-46.80233399999998,161.94813399999998], [-120.85749999999999,182.21349999999998], [63.359999999999985,252.64000000000001], [-1.286,2.4659999999999997], 0.0, [-16.3137875,30.061787499999998]","longitude, depth, gap, rms, type, depthError",4,0.6364048845014892,0.9135802469135802,1,81.4612022855317,9986,8382,0.375,0.0008310014090756982,74,81
"[1785776634.5542135,1786397918.1568801], [-113.05830208052443,105.25], [6.329999999999998,151.67000000000002], [1248.1799999999998,4667.82], 0.0, [-17.731059499999997,27.380475999999998], [-1.7999999999999998,1.7999999999999998]","time, nst, gap, place, type, depthError, locationSource",1.0,0.03125,0.5,1,87.0301670080245,9925,8384,0.4375,0.0008947831325053378,35,70
"[1785976214.72575,1787917623.5942502], [-260.23912933332997,-95.98842433332999], [-24.60161537335901,14.49263], 0.0, [-21.065,21.685], 1.0, [0.8599999999999994,9.14]","time, longitude, dmin, type, horizontalError, status, locationSource",0.0,0.07413482061862817,0.5942982456140351,1,88.42403379268846,9989,8387,0.4375,0.0008888510699069767,271,456
"[-52.605000000000004,62.605000000000004], [77.02,218.98000000000002], [-5.796390000000001,12.845637000000002], [1785391684.5919998,1787096269.7319999], 0.0, [-7.9176035,8.7776035], 1.0, [0.7999999999999998,4.34]","nst, gap, dmin, updated, type, depthError, status, locationSource",0.0,0.31488159339170957,0.7936507936507936,1,121.98205300657644,9989,8388,0.5,0.0012541339084020465,100,126
"[-46.80233399999998,178.23379], [-6.770000000000003,88.77000000000001], [-175.1015945523567,172.57], [6.9399999999999995,13.06], [1786988080.2719998,1788205581.808]","longitude, nst, gap, net, updated",4,0.6613589278120725,0.9206349206349206,1,82.34797859405742,9986,8391,0.3125,0.0008423979240780909,58,63
"[24.766114333333,148.50419828222147], [-224.6575,236.5375], [-94.97,24.66671638479137], [-12.215005,6.251736978542409], 0.0, [-30.610000000000003,32.09], [0.7999999999999998,4.34]","latitude, depth, nst, dmin, type, horizontalError, locationSource",0.0,0.48178016991911066,0.8641114982578397,1,97.1919880084392,9989,8399,0.4375,0.0012268478413572678,248,287
"[-260.23912933332997,-73.08353733333], [30.53,243.47], [-0.514,1.054], [1785723342.468,1787266522.7310002], 0.0, 1.0, [0.7999999999999998,4.34]","longitude, gap, rms, updated, type, status, locationSource",0.0,0.1765140646801405,0.7068965517241379,1,108.14250064309456,9989,8399,0.4375,0.0010916490140892303,164,232
"[1783246271.5414054,1787046005.37635], [-202.86498333332997,-22.907683333330013], [-172.38045,189.98705], [-60.06,86.06], [-1.538,1.878], [10.379999999999999,12.0], [-1002.1400000000001,2120.1400000000003], 0.0, [7.46,14.54]","time, longitude, depth, nst, rms, net, place, type, locationSource",1.0,0.191817969083786,0.71875,2,92.4652329022974,9979,8402,0.5625,0.0019013253355362328,23,32
"[1784586263.8074384,1787537748.12624], [-118.04699999999997,171.84699999999998], [-76.35000000000001,136.755], [186.54,378.57], [-11.653185,12.853185], [-1.98,1.98], [1785797091.8629014,1787168852.8190002], [11.924999999999997,73.675], 1.0","time, depth, nst, gap, dmin, net, updated, horizontalError, status",2.0,0.47611301541420215,0.8620689655172413,2,69.871890063006,9831,8406,0.5625,0.0014367475282192784,25,29
"[10.211272527343997,67.353058527344], [-172.38045,161.32399999999996], [-1.482,1.604], [1784828229.634,1786537912.642], [-16.215,20.97], [-14.26603661,18.50603639], 0.0","latitude, depth, rms, updated, horizontalError, depthError, status",1.0,0.0852316508323596,0.6111111111111112,2,86.27518175868296,9973,8409,0.4375,0.0017740418074662274,55,90
"[1786056757.49682,1787143946.46318], [-172.38045,161.32399999999996], [-1.482,1.604], [-0.6600000000000001,8.18], 0.0, [-16.215,20.97], [-14.26603661,18.50603639], 0.0","time, depth, rms, net, type, horizontalError, depthError, status",1.0,0.04924846832877054,0.5476190476190477,1,82.03244194087058,9961,8417,0.5,0.000843400028867537,46,84
"[28.136266333332998,148.50419828222147], [-94.97,24.66671638479137], [30.53,243.47], [-12.215005,12.291365], [2990.3199999999997,5765.68], 0.0, [-22.663926730217092,32.09], [0.7999999999999998,6.9446866724096905]","latitude, nst, gap, dmin, place, type, horizontalError, locationSource",0.0,0.2488222127684893,0.7571428571428571,2,114.3798569406472,9984,8423,0.5,0.0023519469215640618,159,210
"[24.766114333333,148.50419828222147], [-260.23912933332997,-73.08353733333], [-224.6575,236.5375], [30.53,243.47], [-0.514,1.054], 0.0, 1.0, [0.7999999999999998,4.34]","latitude, longitude, depth, gap, rms, type, status, locationSource",0.0,0.2395476270037328,0.751412429378531,1,89.52798063936731,9989,8425,0.5,0.0009890606124081372,266,354
"[-260.23912933332997,-73.08353733333], [-5.796390000000001,5.87331], [1785723342.468,1787266522.7310002], [3739.26,5374.74], 0.0, 1.0, [0.7999999999999998,4.34]","longitude, dmin, updated, place, type, status, locationSource",0.0,0.49717673529828965,0.8695652173913043,1,113.39115330148294,9942,8425,0.4375,0.0011658083034603258,60,69
"[1784534165.64312,1787046005.37635], [-202.86498333332997,-22.907683333330013], [-172.38045,406.9342041994629], [-1.538,1.878], [10.379999999999999,12.0], [-1002.1400000000001,2120.1400000000003], 0.0","time, longitude, depth, rms, net, place, type",1.0,0.1991161489782947,0.7241379310344828,1,92.48896562729371,9979,8426,0.4375,0.0009509066709999283,21,29
"[10.749500000000012,182.0505], [-49.489999999999995,113.49], [6.329999999999998,151.67000000000002], 0.0, [4.5563741013800545,16.310000000000002], [-3.0,3.0]","depth, nst, gap, type, horizontalError, locationSource",1.0,0.5549289573066435,0.8888888888888888,1,64.1692082468543,9934,8427,0.375,0.0006597427896491746,40,45
"[34.450803,79.871197], [15.921218986447855,136.755], [186.54,301.46], 0.0","latitude, nst, gap, type",2.0,0.17256359665582893,0.7037037037037037,1,77.62598204544986,9952,8447,0.25,0.0007980958990004742,57,81
"[-6.770000000000003,88.77000000000001], [-6.570000000000007,172.57], [0.5916683029425414,2.4659999999999997], [9.485730954762223,11.98], [1786702910.968,1788334881.112], [-7.145,42.644999999999996]","nst, gap, rms, net, updated, horizontalError",4,0.36948565002274986,0.8194444444444444,1,75.5595542779948,9986,8448,0.375,0.0007551556524738401,59,72
"[-28.086936385033603,21.023880000000005], [-280.94553399999995,-72.19506600000003], [-6.770000000000003,88.77000000000001], [-10.635135,23.200661441471567], 0.0, [-7.145,42.644999999999996], 1.0, [8.5,11.5]","latitude, longitude, nst, dmin, type, horizontalError, status, locationSource",4.0,0.5417169694823225,0.8846153846153846,1,52.07500835101554,9853,8451,0.5,0.0005353987094298808,23,26
"[24.766114333333,148.50419828222147], [-260.23912933332997,-73.08353733333], [-224.6575,236.5375], [-5.796390000000001,5.87331], [1785723342.468,1787266522.7310002], [2957.0287846641404,3739.26], 0.0, 1.0, [0.7999999999999998,4.34]","latitude, longitude, depth, dmin, updated, place, type, status, locationSource",0.0,0.15160585946331886,0.6857142857142857,1,79.37899294018617,9886,8464,0.5625,0.0008161191274238266,24,35
"[-260.23912933332997,-95.98842433332999], [-224.6575,236.5375], [-67.89510268410527,24.66671638479137], [15.669999999999987,208.33], [-12.215005,12.291365], [-0.514,1.054]","longitude, depth, nst, gap, dmin, rms",0.0,0.03833706222070844,0.520863309352518,1,97.44913405575547,9989,8478,0.375,0.0009357449051137373,362,695
"[28.136266333332998,148.50419828222147], [-178.58342966666999,-67.00990366667001], [-94.97,20.543497118747226], [30.53,243.47], [-22.663926730217092,32.09], [0.7999999999999998,9.14]","latitude, longitude, nst, gap, horizontalError, locationSource",0.0,0.18729558609232272,0.7153284671532847,1,108.23937226557564,9989,8478,0.375,0.0011128413044096898,294,411
"[-248.92237866667,-54.54989266667002], [-43.95,151.67000000000002], [-7.279800000000001,8.279800000000002], [-0.8839999999999999,1.376], [-3.0,3.0], 0.0, [-1.6800000000000002,1.6800000000000002]","longitude, gap, dmin, rms, net, type, locationSource",1.0,0.027362794871102533,0.4868913857677903,1,80.71019058661525,9988,8484,0.4375,0.0008298055678961945,130,267
"[-284.90325599999994,-110.52317945997954], [-213.64475,227.78474999999997], [-94.97,24.66671638479137], [30.53,243.47], [-12.215005,12.291365], [-0.696,1.054], 0.0, [0.7999999999999998,9.789558115544654]","longitude, depth, nst, gap, dmin, rms, type, locationSource",0.0,0.19980417924474736,0.7246376811594203,1,107.43923228823456,9989,8495,0.5,0.0010962311281995617,300,414
"[1785948328.55213,1786397918.1568801], [36.189215999999995,83.074784], [-249.702515,-54.54989266667002], [-33.09,118.08], [-3.0,2.4000000000000004], [1785384284.148,1787103090.556]","time, latitude, longitude, gap, net, updated",1.0,0.049881473747554805,0.5490196078431373,1,84.67439428144152,9925,8496,0.375,0.000870562729715944,28,51
"[34.450803,79.871197], [-201.00324999999998,362.1579722880442], [15.921218986447855,136.755], [186.54,301.46], [-11.65869,12.853185], [1785797091.8629014,1787168852.8190002], 0.0, [-18.277646499999996,26.8612465]","latitude, depth, nst, gap, dmin, updated, type, depthError",2.0,0.2084017036410597,0.7307692307692307,1,87.8437091375007,9952,8498,0.5,0.0009031474020461586,38,52
"[1785845636.12166,1787036366.8943398], [12.012853999999997,96.99294599999999], [-6.570000000000007,252.64000000000001], [-1.286,1.514], [9.485730954762223,12.52], [3819.8999999999996,6050.1], [-17.735,40.214999999999996]","time, latitude, gap, rms, net, place, horizontalError",1,0.0009765625,0.25,1,51.33057024,9333,8502,0.4375,0.0005277449189359544,3,12
"[-46.80233399999998,161.94813399999998], [-16.96,88.77000000000001], [-6.570000000000007,252.64000000000001], [-6.188789999999999,10.14879], [-1286.1599999999999,2282.16], 0.0, [-7.145,40.214999999999996], [7.18,12.4]","longitude, nst, gap, dmin, place, type, horizontalError, locationSource",4,0.708245596707819,0.9333333333333333,1,92.24692145717238,9986,8507,0.5,0.0009484181426172831,28,30
"[-260.23912933332997,-95.98842433332999], [-67.89510268410527,112.97], [-12.827703000000001,12.845637000000002], [-0.8839999999999999,1.2439999999999998], [2109.84,8013.594011493831], [-16.025,17.225], [0.7999999999999998,7.390263998785119]","longitude, nst, dmin, rms, place, horizontalError, locationSource",0.0,0.07443999796681638,0.5947867298578199,1,92.0709645356715,9984,8511,0.4375,0.0009262288817043637,251,422
"[34.450803,79.871197], [-201.00324999999998,362.1579722880442], [15.921218986447855,136.755], [186.54,301.46], [-11.65869,-2.2323200120677384], [1785797091.8629014,1787168852.8190002], 0.0, [-18.277646499999996,26.8612465]","latitude, depth, nst, gap, dmin, updated, type, depthError",2.0,0.1,1.0,1,62.0,8520,8520,0.5,0.000637440511980355,0,0
"[30.53,243.47], 0.0, [-30.610000000000003,32.09], [-13.443502,13.763502], 1.0, [0.7999999999999998,4.34]","gap, type, horizontalError, depthError, status, locationSource",0.0,0.1930261913196515,0.7196531791907514,1,85.50798075485547,9989,8529,0.375,0.0009244812075557127,249,346
"[24.766114333333,148.50419828222147], [-260.23912933332997,-73.08353733333], [-224.6575,236.5375], [-94.97,24.66671638479137], [-0.514,1.2439999999999998], [-2.7800000000000002,4.78], [3739.26,5374.74], 0.0, [-21.679446499999997,23.4594465], 1.0","latitude, longitude, depth, nst, rms, net, place, type, depthError, status",0.0,0.08023623535321074,0.6037735849056604,1,126.56530605882733,9942,8529,0.625,0.001301255701501439,96,159
"[28.136266333332998,148.50419828222147], [-224.6575,236.5375], [-94.97,24.66671638479137], [-1.006,1.054], 0.0","latitude, depth, nst, rms, type",0.0,0.027577848645064535,0.4876543209876543,1,83.67603117941715,9989,8532,0.3125,0.0009372656483260651,395,810
"[-188.63074998092648,200.09075001907345], [-35.25,105.25], [1786887367.805,1788363912.221], [1273.04,2858.96], 0.0, 0.0, [-6.775851996004741,4.32]","depth, nst, updated, place, type, status, locationSource",1.0,0.13168724279835387,0.6666666666666666,1,71.2,9971,8534,0.4375,0.0007320284589193754,4,6
"[-6.770000000000003,88.77000000000001], [63.359999999999985,172.57], [6.9399999999999995,13.06], [2663.34,4992.66]","nst, gap, net, place",4,0.0297333027377109,0.49504950495049505,1,66.00793497704505,9970,8547,0.25,0.0006324018400254761,50,101
"[-46.80233399999998,178.23379], [-120.85749999999999,182.21349999999998], [-175.1015945523567,252.64000000000001], [-1.286,2.4659999999999997], 0.0, [-16.3137875,30.061787499999998]","longitude, depth, gap, rms, type, depthError",4,0.09775547938950904,0.628099173553719,1,72.35851506026555,9986,8547,0.375,0.0007140171025178211,76,121
"[-28.086936385033603,21.023880000000005], [-280.94553399999995,-72.19506600000003], [-6.770000000000003,88.77000000000001], [98.67999999999999,193.32], [7.0,13.0], [1786206361.688,1788928187.663418], 0.0, [-0.5468298864066155,42.644999999999996], [-6.110433,9.966432999999999], 1.0, [8.5,11.5]","latitude, longitude, nst, gap, net, updated, type, horizontalError, depthError, status, locationSource",5,0.0,0.0,1,54.864576,8549,8549,0.6875,0.0005640790873391144,0,10
"[-405.7829721382727,-54.54989266667002], [-77.54,4.704646014446098], [-11.420145,9.942145], [-0.976,1.604], [1785754127.9256783,1787153089.1560001], [-1654.8200000000002,1803.6399999999999], 0.0, [-17.731059499999997,18.7510595]","longitude, nst, dmin, rms, updated, place, type, depthError",1.0,0.0,0.0,1,73.0,8558,8558,0.5,0.0007505347963639664,0,2
"[1784534165.64312,1785636875.007363], [14.916258,108.40050300000001], [-405.7829721382727,-54.54989266667002], [6.329999999999998,118.08], [-11.420145,10.940410000000002], [1784320030.786,1786029713.794], [-34.99,35.309999999999995], [-19.117741486,16.89408347072318], 1.0","time, latitude, longitude, gap, dmin, updated, horizontalError, depthError, status",1.0,0.08325328653621553,0.6082474226804123,1,65.32295003487022,9988,8559,0.5625,0.0007187006835016025,59,97
"[36.189215999999995,108.40050300000001], [-243.3787258999,-54.54989266667002], [-33.09,118.08], [-1.482,1.604], [1785754127.9256783,1787103090.556], [-19.117741486,16.89408347072318]","latitude, longitude, gap, rms, updated, depthError",1.0,0.04374727878193102,0.5347985347985348,1,79.69916906513708,9988,8560,0.375,0.0008194109537627396,146,273
"[1784534165.64312,1785636875.007363], [14.916258,83.074784], [-405.7829721382727,-54.54989266667002], [-8.175000000000004,95.25], [-69.47,143.47], [-11.469700000000001,11.8697], [2.9,7.1]","time, latitude, longitude, nst, gap, dmin, net",1.0,0.05688464101433706,0.5636363636363636,1,82.93290251289604,9973,8560,0.4375,0.0008526579328683438,31,55
"[1784534165.64312,1785636875.007363], [14.916258,108.40050300000001], [-229.1174999809265,232.07750001907348], [-55.655,95.25], [-66.36999999999999,180.37], [-11.420145,10.940410000000002], [-0.78,0.8999999999999999], [-12.08,35.309999999999995], 0.0","time, latitude, depth, nst, gap, dmin, rms, horizontalError, status",1.0,0.05507317760000002,0.56,1,86.33254106660311,9973,8567,0.5625,0.0008876106319042018,14,25
"[-44.413917999999995,193.129718], [-178.29299999999995,296.07899999999995], [31.18,154.82], [-85.23,141.23000000000002], [-0.406,2.226], [2867.7200000000003,4156.28], [-7.984999999999999,21.465], [-11.674888999999999,24.188888999999996]","longitude, depth, nst, gap, rms, place, horizontalError, depthError",0,0.0,0.0,1,64.813744128,8570,8570,0.5,0.0006170545491743162,0,13
"[-44.413917999999995,193.129718], [-178.29299999999995,296.07899999999995], [31.18,154.82], [-85.23,141.23000000000002], [-0.406,2.226], [2867.7200000000003,4156.28], [-1.2601499063077712,21.465], [-11.674888999999999,24.188888999999996]","longitude, depth, nst, gap, rms, place, horizontalError, depthError",5.0,8.618530378972943e-05,0.15384615384615385,1,64.813744128,9059,8570,0.5,0.0006170545491743162,2,13
"[-52.507685334963455,21.023880000000005], [-4.85486,12.87475], 1.0, [8.5,11.5]","latitude, dmin, status, locationSource",4,0.36250963708328304,0.8163265306122449,1,53.60182675762262,9996,8571,0.25,0.0006169013916203883,80,98
"[1785276587.91172,1786104922.3622801], [-28.086936385033603,21.023880000000005], [-280.94553399999995,-72.19506600000003], [-6.770000000000003,88.77000000000001], [-4.85486,12.87475], [6.82,13.18], [-7.145,42.644999999999996], 1.0, [8.5,11.5]","time, latitude, longitude, nst, dmin, net, horizontalError, status, locationSource",4,0.708245596707819,0.9333333333333333,2,59.919749775359996,9853,8571,0.5625,0.001232105676598072,14,15
"[10.749500000000012,200.09075001907345], [-35.25,105.25], [-3.18,3.18], 0.0, 0.0, [-6.775851996004741,4.32]","depth, nst, net, type, status, locationSource",1.0,0.44855981016533175,0.8518518518518519,1,68.98486055818685,9971,8574,0.375,0.0007092539489210326,23,27
"[-172.38045,138.08425], [-35.25,105.25], [-59.30000000000001,177.3], [-0.976,1.604], 0.0, 0.0, [-4.32,4.32]","depth, nst, gap, rms, type, status, locationSource",1.0,0.18593443208187066,0.7142857142857143,1,71.65844996532014,9971,8581,0.4375,0.000736741919896973,20,28
"[1784353087.021708,1786638451.01598], [-46.80233399999998,161.94813399999998], [-4.85486,17.761135], 1.0, [8.5,11.5]","time, longitude, dmin, status, locationSource",4,0.534824985896467,0.8823529411764706,1,85.22639579427114,9986,8585,0.3125,0.0008793902574207783,45,51
"[1786147970.24623,1787778753.69577], [-181.06649999999996,174.71249999999998], [-22.260000000000005,66.05910599618217], [-2.65085,16.333295], [-0.08599999999999997,1.616], [7.9,12.1], [1784287588.5249455,1787832584.976], [3784.12,6063.88], 0.0, [-14.290000000000001,31.310000000000002], 1.0","time, depth, gap, dmin, rms, net, updated, place, type, horizontalError, status",5.0,0.0009765625,0.25,1,56.896,9992,8586,0.6875,0.0005849647640263593,2,8
"[34.450803,79.871197], [13.786095719968102,136.755], [263.7895017623391,301.46], [-11.65869,12.853185], [1785797091.8629014,1787168852.8190002], 0.0, [-18.277646499999996,26.8612465], 1.0","latitude, nst, gap, dmin, updated, type, depthError, status",2.0,0.46266436603796024,0.8571428571428571,1,68.36,9744,8592,0.5,0.000702829570951243,6,7
"[24.766114333333,189.15713006582206], [-260.23912933332997,-73.08353733333], [-224.6575,236.5375], [-94.97,24.66671638479137], [0.05027017875717432,1.2439999999999998], [-2.7800000000000002,4.78], [3739.26,5374.74], 0.0, [-21.679446499999997,23.4594465], 1.0","latitude, longitude, depth, nst, rms, net, place, type, depthError, status",0.0,0.06092699470458736,0.5714285714285714,1,126.56530362187561,9942,8598,0.625,0.0013012556764464107,84,147
"[-77.92749999999998,321.4985814561891], [2924.96,6295.04], [11.924999999999997,73.675], 1.0","depth, place, horizontalError, status",2.0,0.04158799090330928,0.5294117647058824,1,57.24356129255897,9831,8609,0.25,0.000588538145450123,18,34
"[34.450803,79.871197], [13.786095719968102,136.755], [186.54,301.46], [-11.65869,12.853185], [5.68,14.32], 0.0, [-18.277646499999996,26.8612465]","latitude, nst, gap, dmin, net, type, depthError",2.0,0.04412311230067828,0.5357142857142857,1,52.01803616849228,9712,8612,0.4375,0.0005348129614105862,15,28
"[34.450803,79.871197], [-292.90781,-40.967590000000015], [15.921218986447855,136.755], [186.54,301.46], [-11.65869,12.853185], [-1.046,2.146], [1785797091.8629014,1787168852.8190002], 0.0, 1.0","latitude, longitude, nst, gap, dmin, rms, updated, type, status",2.0,0.24622492641704344,0.7555555555555555,1,87.86601589874469,9952,8612,0.5625,0.0009033767445188682,34,45
"[1785033553.01802,1786638451.01598], [-46.80233399999998,161.94813399999998], [-120.85749999999999,182.21349999999998], [-16.96,72.96000000000001], [63.359999999999985,252.64000000000001], [-0.05400000000000005,1.514], [-1286.1599999999999,2282.16], [-17.735,40.214999999999996], [-16.3137875,30.061787499999998], [7.18,12.82]","time, longitude, depth, nst, gap, rms, place, horizontalError, depthError, locationSource",2,0.0,0.0,1,94.2247837925376,8623,8623,0.625,0.0009687531358379583,0,18
"[-113.05830208052443,105.25], [-0.976,3.9694770788823828], 0.0, [4.5563741013800545,16.310000000000002], 0.0, [-4.32,3.0]","nst, rms, type, horizontalError, status, locationSource",1.0,0.13168724279835387,0.6666666666666666,1,68.28,9842,8625,0.375,0.0007020070670648167,4,6
"[-283.37715299999996,-63.82924700000001], [171.60000000000002,374.4], [-0.8039999999999999,1.6919999999999997], [6.58,16.82742818284668], [1784901910.6999998,1787485689.832], [3667.8999999999996,5898.1], [-25.91,27.290000000000003]","longitude, gap, rms, net, updated, place, horizontalError",3.0,0.02448519270213934,0.47619047619047616,1,38.35116048373776,9943,8633,0.4375,0.004090691774118426,10,21
"[1785315732.82051,1786118181.81949], [-283.37715299999996,-63.82924700000001], [171.60000000000002,374.4], [-0.8039999999999999,1.6919999999999997], [6.58,16.82742818284668], [1784901910.6999998,1787485689.832], [3667.8999999999996,5898.1]","time, longitude, gap, rms, net, updated, place",3.0,0.03125,0.5,1,37.88,9537,8633,0.4375,0.00038945559022283624,3,6
"[24.766114333333,148.50419828222147], [-62.565,24.66671638479137], [3739.26,5374.74], [-30.610000000000003,30.590000000000003], 1.0, [-2.96,4.96]","latitude, nst, place, horizontalError, status, locationSource",0.0,0.07042962777237427,0.5882352941176471,1,126.58884085614916,9942,8638,0.375,0.0013014976697797323,90,153
"[-260.23912933332997,-73.08353733333], [53.95,206.05], [-5.376670000000001,5.5150500000000005], [-0.8839999999999999,1.2439999999999998], [0.8599999999999994,7.390263998785119]","longitude, gap, dmin, rms, locationSource",0.0,0.10189707818930038,0.6333333333333333,1,106.40168867735329,9989,8639,0.3125,0.0010795634787408393,285,450
"[1785276587.91172,1786104922.3622801], [-28.086936385033603,21.023880000000005], [-10.635135,17.761135], [-0.5239999999999998,1.6039999999999999], 0.0, 1.0, [8.5,11.5]","time, latitude, dmin, rms, type, status, locationSource",4,0.3137972914145376,0.7931034482758621,1,57.43534831740222,9853,8646,0.4375,0.0005905099651163692,23,29
"[1784534165.64312,1787046005.37635], [-202.86498333332997,-22.907683333330013], [-172.38045,189.98705], [-60.06,86.06], [-14.000480999999999,14.006798999999999], [-1.538,1.878], [10.379999999999999,12.0], [-1002.1400000000001,2120.1400000000003], 0.0, [7.46,14.54]","time, longitude, depth, nst, dmin, rms, net, place, type, locationSource",1.0,0.19349176319999997,0.72,1,92.41117939688368,9979,8648,0.625,0.0009501069275396446,18,25
"[1784534165.64312,1786751556.1701884], [10.749500000000012,182.0505], [-113.05830208052443,105.25], [6.329999999999998,151.67000000000002], [1248.1799999999998,4667.82], 0.0, [-17.731059499999997,27.380475999999998], [-1.6800000000000002,1.6800000000000002]","time, depth, nst, gap, place, type, depthError, locationSource",1.0,0.16205380228655514,0.6949152542372882,1,66.1210429013647,9934,8660,0.5,0.000679810184511628,41,59
"[30.53,243.47], [-12.215005,5.5150500000000005], [-0.514,1.2439999999999998], [0.8599999999999994,6.9446866724096905]","gap, dmin, rms, locationSource",0.0,0.062367595125616,0.5741056218057922,1,88.22074485336448,9989,8664,0.25,0.0009530431419574613,337,587
"[34.450803,79.871197], [15.921218986447855,136.755], [186.54,301.46], [-11.653185,12.853185], [7.84,12.16], 0.0","latitude, nst, gap, dmin, net, type",2.0,0.0852316508323596,0.6111111111111112,1,54.28268359745536,9712,8673,0.375,0.0005580964778069285,11,18
"[1786147970.24623,1787778753.69577], [-200.83199999999997,174.71249999999998], [-55.640000000000015,66.05910599618217], [11.225309999999999,35.34269], [-0.08599999999999997,1.616], [7.9,12.1], [3784.12,6063.88], 0.0, [-14.290000000000001,31.310000000000002], 1.0","time, depth, gap, dmin, rms, net, place, type, horizontalError, status",5.0,0.002263113856315613,0.46875,1,50.20273488961788,8683,8683,0.625,0.0005161493069492266,0,0
"[-224.6575,236.5375], [-181.42144927527244,24.66671638479137], [30.53,243.47], [-12.215005,6.251736978542409], [-0.8839999999999999,1.054], [1780.42,6166.735453024128], 0.0, [-30.610000000000003,32.09], [0.7999999999999998,4.34]","depth, nst, gap, dmin, rms, place, type, horizontalError, locationSource",0.0,0.4050519446387882,0.8346456692913385,1,132.49030639696932,9942,8687,0.5625,0.001362172399066423,106,127
"[1786018966.1237345,1787537748.12624], [34.450803,79.871197], [13.786095719968102,136.755], [186.54,378.57], [-11.653185,12.853185], [-3.4200000000000004,3.4200000000000004], 0.0, [-22.5,34.5]","time, latitude, nst, gap, dmin, net, type, horizontalError",2.0,0.3276800000000001,0.8,1,84.60720880583764,9952,8692,0.5,0.0008698719757809991,28,35
"[1784534165.64312,1786689871.50386], [-248.92237866667,-54.54989266667002], [10.749500000000012,182.0505], [-45.25,105.25], [-1.482,1.98], [-3.0,3.0], [-11.125,22.125], [-3.0,1.6800000000000002]","time, longitude, depth, nst, rms, net, horizontalError, locationSource",1.0,0.03562441573924848,0.5132743362831859,1,68.33999644596376,9934,8698,0.5,0.000747193328650225,58,113
"[1786018966.1237345,1787537748.12624], [34.450803,79.871197], [13.786095719968102,136.755], [186.54,378.57], [-11.653185,12.853185], [-3.4200000000000004,3.4200000000000004], [-22.5,34.5]","time, latitude, nst, gap, dmin, net, horizontalError",2.0,0.3158088059220047,0.7941176470588235,1,84.60993227392406,9952,8701,0.4375,0.0008698999765695696,27,34
"[-52.507685334963455,21.023880000000005], [-4.85486,12.87475], 0.0, 1.0, [8.5,11.5]","latitude, dmin, type, status, locationSource",4,0.3465073482243294,0.8089887640449438,1,53.60182679742261,9996,8702,0.3125,0.000616901392131883,72,89
"[-52.507685334963455,21.023880000000005], [-74.54,116.54], 1.0, [8.5,11.5]","latitude, nst, status, locationSource",4,0.4956988031243749,0.8690476190476191,1,53.61826957586975,9996,8705,0.25,0.0006171127085252646,73,84
"[-46.80233399999998,161.94813399999998], [-120.85749999999999,182.21349999999998], [-16.96,184.25660444467965], [-6.188789999999999,10.14879], 0.0, [-22.799999999999997,36.1]","longitude, depth, nst, dmin, type, horizontalError",4.0,0.39141258549171,0.8289473684210527,1,76.17196216451678,9986,8706,0.375,0.0007630260878916904,63,76
"[1786018966.1237345,1787537748.12624], [34.450803,138.35658587560513], [-19.35624999999999,145.35625], [73.05296480757335,136.755], [-80.30000000000001,156.3], [-11.653185,12.853185], [-3.4200000000000004,3.4200000000000004], [1785733639.2589998,1787054757.947], 0.0, [-22.5,34.5], [-3.4799999999999995,3.4799999999999995]","time, latitude, depth, nst, gap, dmin, net, updated, type, horizontalError, locationSource",2.0,0.3276800000000001,0.8,1,69.8,9558,8708,0.6875,0.0007176346409069157,4,5
"[-52.507685334963455,55.677338], [-46.80233399999998,161.94813399999998], [-295.9297425600585,182.21349999999998], [-17.125,53.125], [63.359999999999985,252.64000000000001], [-4.85486,12.87475], 0.0, 1.0, [8.5,11.5]","latitude, longitude, depth, nst, gap, dmin, type, status, locationSource",4.0,0.7385081737104511,0.9411764705882353,1,83.66099126151201,9970,8712,0.5625,0.0008592722681704084,48,51
"[-46.80233399999998,161.94813399999998], [-17.125,53.125], [63.359999999999985,252.64000000000001], [-4.85486,12.87475], 0.0, 1.0","longitude, nst, gap, dmin, type, status",4,0.7429570052534319,0.9423076923076923,1,83.62122853460927,9970,8713,0.375,0.0008587612525858395,49,52
"[1785033553.01802,1786638451.01598], [-46.80233399999998,161.94813399999998], [-295.9297425600585,182.21349999999998], [-16.96,88.77000000000001], [63.359999999999985,252.64000000000001], [-10.551155000000001,16.289155], [-0.05400000000000005,1.514], [-1286.1599999999999,2282.16], 0.0, [-17.735,40.214999999999996], [-16.3137875,30.061787499999998]","time, longitude, depth, nst, gap, dmin, rms, place, type, horizontalError, depthError",4.0,1.0,1.0,1,93.94990588559361,9986,8726,0.6875,0.0009659270340035315,17,17
"[28.136266333332998,148.50419828222147], [-356.3068283175913,-73.08353733333], [-183.83074999999997,204.89074999999997], [30.53,243.47], [-0.8839999999999999,1.2439999999999998], [1786541157.4459999,1787991797.5740001], [2109.84,8013.594011493831], [-16.468571,20.606082500000003], 1.0, [0.7999999999999998,4.34]","latitude, longitude, depth, gap, rms, updated, place, depthError, status, locationSource",0.0,0.48894551440329226,0.8666666666666667,1,113.93471587126302,9942,8733,0.625,0.0011713968325373254,65,75
"[24.766114333333,148.50419828222147], [-260.23912933332997,-73.08353733333], [-224.6575,236.5375], [-5.796390000000001,5.87331], [-2.4200000000000004,4.42], [3739.26,5374.74], 0.0, 1.0, [0.7999999999999998,4.34]","latitude, longitude, depth, dmin, net, place, type, status, locationSource",0.0,0.48894551440329226,0.8666666666666667,1,111.64166358494192,9942,8736,0.5625,0.0011478212773213539,91,105
"[1784218526.8157501,1786159935.6842499], [-94.97,24.66671638479137], [30.53,243.47], [-0.514,1.066], [2.3,7.7], 0.0, [-22.663926730217092,32.09], [0.7999999999999998,6.9446866724096905]","time, nst, gap, rms, net, type, horizontalError, locationSource",0.0,0.0858114558416252,0.6119402985074627,1,91.23590295612188,9984,8737,0.5,0.0009380235595377469,41,67
"[28.136266333332998,148.50419828222147], [30.53,243.47], [-12.215005,12.291365], [-1.006,1.066], 0.0, [0.7999999999999998,6.9446866724096905]","latitude, gap, dmin, rms, type, locationSource",0.0,0.08060710355177005,0.6043307086614174,1,89.4159275861177,9989,8737,0.375,0.0009770432015931815,307,508
"[-95.55024999999999,121.87024999999998], [-9.886215000000002,12.09962], [4.66,9.34], [241.87999999999988,2918.12], [-13.003502000000001,14.203502], 1.0, [5.08,8.92]","depth, dmin, net, place, depthError, status, locationSource",2.0,0.004115226337448558,0.3333333333333333,1,37.02944,9381,8739,0.4375,0.0003807107289023522,3,9
"[1786222614.2584,1787258032.3216], [-49.06,97.06], [-80.30000000000001,156.3], [-1.8879999999999997,2.0879999999999996], [1787322130.576,1788073354.9280002], [495.36,2378.64], [-11.285161,14.685160999999999], [1.7599999999999998,8.24]","time, nst, gap, rms, updated, place, depthError, locationSource",2.0,0.0024299999999999994,0.3,2,71.722496,9751,8753,0.5,0.0013294360617395913,3,10
"[-52.507685334963455,55.677338], [-46.80233399999998,161.94813399999998], [-295.9297425600585,182.21349999999998], [63.359999999999985,252.64000000000001], [-4.85486,12.87475], 0.0, 1.0, [8.5,11.5]","latitude, longitude, depth, gap, dmin, type, status, locationSource",4.0,0.6950324308502547,0.9298245614035088,1,81.46893625265969,9986,8757,0.5,0.0008311008031072648,53,57
"[1785276587.91172,1786104922.3622801], [-28.086936385033603,21.023880000000005], [-6.770000000000003,88.77000000000001], [6.82,13.18], [-7.145,42.644999999999996], 1.0","time, latitude, nst, net, horizontalError, status",4,0.08648873310982921,0.6129032258064516,1,46.97819481655228,9853,8773,0.375,0.0004829968476738056,19,31
"[-52.507685334963455,21.023880000000005], [-74.54,116.54], [-4.85486,12.87475], 0.0, 1.0, [8.5,11.5]","latitude, nst, dmin, type, status, locationSource",4,0.43098733515725846,0.8450704225352113,1,53.61893765088395,9996,8781,0.375,0.0006171212943736332,60,71
"[-260.23912933332997,-73.08353733333], [-94.97,112.97], [-0.8839999999999999,1.2439999999999998], [3739.26,5374.74], [-15.035,16.315], 1.0, [0.7999999999999998,4.34]","longitude, nst, rms, place, horizontalError, status, locationSource",0.0,0.4260802436167201,0.8431372549019608,1,111.64163507237194,9942,8783,0.4375,0.0011478209841751085,86,102
"[28.136266333332998,52.769436], [-260.23912933332997,17.803816998676147], [-129.54274999999996,153.76274999999998], [-94.97,24.66671638479137], [53.95,168.46], 0.0","latitude, longitude, depth, nst, gap, type",0.0,0.07307706433667734,0.5925925925925926,1,101.65492056643436,9989,8784,0.375,0.0010033088846159353,192,324
"[-7.395038666667006,78.109342666667], [-248.92237866667,4.960517045409972], [-281.62391018879293,161.32399999999996], [-75.3,93.3], [-33.09,173.09], 2.0, [-16.215,20.97], 1.0","latitude, longitude, depth, nst, gap, type, horizontalError, status",1.0,0.03125,0.5,1,56.5,9400,8785,0.5,0.0005808933697885493,1,2
"[-154.92399999999998,95.47049999999999], [68.77,295.23], [-5.834735000000001,7.0019350000000005], [-1.5919999999999999,1.9919999999999998], 2.0, [7.5600000000000005,16.439999999999998]","depth, gap, dmin, rms, type, locationSource",1.0,0.07775999999999998,0.6,2,37.826624,9727,8785,0.375,0.0007778136312596253,6,10
"[13.952018999999993,106.257981], [160.89,335.11], [-56.05,96.05], [-8.06879,8.26879], 0.0, [-12.014061,13.956261], [-3.3600000000000003,3.3600000000000003]","latitude, nst, gap, dmin, type, depthError, locationSource",3.0,1.0,1.0,1,41.0,9033,8793,0.4375,0.00042153324179346056,1,1
"[-77.92749999999998,321.4985814561891], [11.924999999999997,73.675], 1.0, [-1.7999999999999998,1.7999999999999998]","depth, horizontalError, status, locationSource",2.0,0.3173112237881989,0.7948717948717948,1,55.6470048596487,9831,8800,0.25,0.0005721234720630285,31,39
"[34.450803,79.871197], [-268.24823399999997,-59.49776600000001], [15.921218986447855,136.755], [186.54,301.46], [3440.82,4977.18], 1.0","latitude, longitude, nst, gap, place, status",2.0,0.2567458542283846,0.7619047619047619,1,80.71215641819218,9952,8802,0.375,0.0008298257791975954,16,21
"[1787186508.1573498,1788092498.96265], [28.136266333332998,148.50419828222147], [-152.33974999999998,236.5375], [-108.04622669723001,243.47], [-1.648,1.768], [1786195210.3739998,1788112127.686], [0.7999999999999998,6.9446866724096905]","time, latitude, depth, gap, rms, updated, locationSource",0.0,0.10707223044731819,0.6396396396396397,1,91.18575868389011,9967,8811,0.4375,0.0008737273552990279,71,111
"[1784534165.64312,1786397918.1568801], [36.189215999999995,144.30681446552546], [-113.05830208052443,105.25], [6.329999999999998,151.67000000000002], [-0.976,1.98], [-3.0,3.0], [1248.1799999999998,4667.82], 0.0, [-17.731059499999997,27.380475999999998]","time, latitude, nst, gap, rms, net, place, type, depthError",1.0,0.048282842081079885,0.5454545454545454,1,81.50039040178288,9988,8816,0.5625,0.0008379298481340531,42,77
"[1784534165.64312,1786751556.1701884], [-248.92237866667,-54.54989266667002], [10.749500000000012,182.0505], [6.329999999999998,151.67000000000002], 0.0, [-14.350000000000001,21.75], [-1.6800000000000002,1.6800000000000002]","time, longitude, depth, gap, type, horizontalError, locationSource",1.0,0.11738770181124791,0.6515151515151515,1,67.32976175079409,9934,8816,0.4375,0.0006922373839022824,43,66
"[1784513187.5504398,1786751920.06107], [-46.80233399999998,161.94813399999998], [-1.286,2.4659999999999997], [6.9399999999999995,13.06]","time, longitude, rms, net",4,0.5305937968355826,0.8809523809523809,1,85.27891114272174,9986,8829,0.25,0.0008800651648926167,37,42
"[1784682441.75577,1785640203.4642298], [-9.200306000000001,46.47630600000001], [258.68,353.32], [-7.621600000000001,7.938000000000001], [1784397704.664,1785926057.6560001], 0.0, [-23.370000000000005,41.230000000000004]","time, latitude, gap, dmin, updated, type, horizontalError",2.0,1.0,1.0,1,14.0,8830,8830,0.4375,0.00014393818012459629,1,1
"[8.008367,94.453633], [124.085183,228.46041699999998], [186.54,317.09000000000003], [7.6,12.4], 1.0, [6.46,13.54]","latitude, longitude, gap, net, status, locationSource",3,0.02094302882090425,0.46153846153846156,1,41.473781248,9871,8834,0.375,0.00042640432826590916,6,13
"[-52.507685334963455,21.023880000000005], [443.78525,700.7367499999999], [-74.54,116.54], 1.0, [8.5,11.5]","latitude, depth, nst, status, locationSource",4,1.0,1.0,1,43.4,9853,8835,0.3125,0.0004462083583862485,5,5
"[1784329262.33402,1785934160.33198], [-28.086936385033603,21.023880000000005], [-76.61000000000001,156.61], [-10.635135,17.761135], [8.02,11.98], 1.0, [8.5,11.5]","time, latitude, gap, dmin, net, status, locationSource",4.0,0.13168724279835387,0.6666666666666666,1,74.27857358848,9986,8835,0.4375,0.0007636801931840511,10,15
"[28.136266333332998,148.50419828222147], [77.02,293.033461166569], [2109.84,6166.735453024128], 0.0, [0.7999999999999998,6.9446866724096905]","latitude, gap, place, type, locationSource",0.0,0.15743617711159819,0.6909090909090909,1,109.73418878977145,9984,8844,0.3125,0.0011532299847639867,114,165
"[28.136266333332998,52.769436], [-260.23912933332997,17.803816998676147], [-94.97,24.66671638479137], [53.95,168.46], [-0.514,1.054], [411.38,1848.62]","latitude, longitude, nst, gap, rms, place",0.0,0.04115388206730387,0.5283018867924528,1,99.69203702675495,9989,8848,0.375,0.0009830468396119947,56,106
"[28.136266333332998,52.769436], [-260.23912933332997,17.803816998676147], [-129.54274999999996,153.76274999999998], [-94.97,24.66671638479137], [53.95,168.46], 0.0, 1.0","latitude, longitude, depth, nst, gap, type, status",0.0,0.07120187507563307,0.5895196506550219,2,99.20773162053639,9989,8848,0.4375,0.0019279918934966961,135,229
"[1785033553.01802,1786638451.01598], [35.632531,226.38726899999997], [-120.85749999999999,182.21349999999998], [-16.96,88.77000000000001], [63.359999999999985,252.64000000000001], [-10.551155000000001,16.289155], [-592.9800000000001,1438.98], 0.0, [-17.735,40.214999999999996], [-16.3137875,30.061787499999998]","time, longitude, depth, nst, gap, dmin, place, type, horizontalError, depthError",4.0,1.0,1.0,1,91.488,9986,8850,0.625,0.000940615444517076,8,8
"[1787186508.1573498,1788092498.96265], [28.136266333332998,148.50419828222147], [-152.33974999999998,236.5375], [-108.04622669723001,243.47], [-1.648,1.768], [1786195210.3739998,1788112127.686], [-35.405,35.845], [0.7999999999999998,6.9446866724096905]","time, latitude, depth, gap, rms, updated, horizontalError, locationSource",0.0,0.09358157525624025,0.6226415094339622,1,91.18575868454309,9967,8851,0.5,0.0008737273553074196,66,106
"[1784534165.64312,1787320257.4858701], [-3.7128793333329995,83.074784], [-248.92237866667,-54.54989266667002], [-77.54,78.0705890966795], [-33.09,141.95], [2.12,7.88], [-84.22000000000003,4456.5599999999995], 1.0","time, latitude, longitude, nst, gap, net, place, status",1.0,0.04186710393381439,0.5301204819277109,1,84.83639464957834,9987,8856,0.5,0.0008332529153303944,44,83
"[-119.31725006675718,124.45724993324278], [-1.482,1.604], [2427.0,4905.0], 0.0, 0.0","depth, rms, place, type, status",1.0,0.06922366952724099,0.5862068965517241,1,85.5568106549991,9961,8857,0.3125,0.0008796351159246599,51,87
"[1785455880.6144702,1787537748.12624], [-77.92749999999998,171.84699999999998], [49.010000000000005,288.99], [-11.653185,12.853185], [11.924999999999997,73.675], 1.0, [-1.7999999999999998,1.7999999999999998]","time, depth, gap, dmin, horizontalError, status, locationSource",2.0,0.2994492622121735,0.7857142857142857,1,58.2669452301591,9831,8859,0.4375,0.000599059861274902,22,28
"[1784534165.64312,1786397918.1568801], [-3.7128793333329995,144.30681446552546], [-266.531818,-54.54989266667002], [10.749500000000012,182.0505], [-35.58,105.25], [6.329999999999998,151.67000000000002], [1785085455.1,1786484602.5838904], 0.0, [4.5563741013800545,16.310000000000002]","time, latitude, longitude, depth, nst, gap, updated, type, horizontalError",1.0,0.5549289573066435,0.8888888888888888,1,86.1721488703488,9934,8862,0.5625,0.0008859615918445567,16,18
"[59.4512087966584,79.871197], [15.921218986447855,136.755], [186.54,301.46], [-0.886,2.026], 0.0","latitude, nst, gap, rms, type",2.0,0.006754356352880662,0.5833333333333334,1,64.74286556983459,8869,8869,0.3125,0.0006656407318695268,0,0
"[7.899977,144.30681446552546], [-248.92237866667,-128.4935308464493], [-43.95,151.67000000000002], [-11.420145,11.530264999999998], [6.0,12.0], [3396.02,5427.9800000000005], 0.0, [-34.147159014460705,35.20284098553929], 1.0, [6.66,11.34]","latitude, longitude, gap, dmin, net, place, type, horizontalError, status, locationSource",1.0,0.006754356352880662,0.5833333333333334,1,52.22771688154421,8882,8882,0.625,0.0005369687514280092,0,0
"[1784513187.5504398,1786751920.06107], [-46.80233399999998,161.94813399999998], [-120.85749999999999,182.21349999999998], [63.359999999999985,252.64000000000001], [-1.286,1.514], [6.9399999999999995,13.06], [-17.735,40.214999999999996], [-16.3137875,30.061787499999998], [7.18,12.82]","time, longitude, depth, gap, rms, net, horizontalError, depthError, locationSource",4,1.0,1.0,1,85.67939702305691,9986,8883,0.5625,0.000885212058533781,32,32
"[-248.92237866667,-54.54989266667002], [-113.05830208052443,105.25], [-11.420145,10.940410000000002], [2.12,7.88], [-84.22000000000003,2344.2200000000003], 0.0, [-17.731059499999997,26.09387081109015]","longitude, nst, dmin, net, place, type, depthError",1.0,0.03978986623012884,0.5247524752475248,1,78.04660116957159,9987,8889,0.4375,0.0007459930477469997,53,101
"[1784534165.64312,1785893104.9200199], [-405.7829721382727,-54.54989266667002], [27.828502625609133,107.94500000000001], [-63.25882918380863,118.08], [1784320030.786,1785733062.3000002], [-1654.8200000000002,1764.8200000000002], [-22.6177875,23.7577875], 1.0","time, longitude, nst, gap, updated, place, depthError, status",1.0,0.08825375108068294,0.6153846153846154,1,49.364164607999996,9748,8905,0.5,0.0005075277155033232,8,13
"[1785033553.01802,1786638451.01598], [-46.80233399999998,161.94813399999998], [-295.9297425600585,182.21349999999998], [63.359999999999985,252.64000000000001], [-0.05400000000000005,1.514], [-1286.1599999999999,2282.16], 0.0, [-17.735,40.214999999999996], [-16.3137875,30.061787499999998]","time, longitude, depth, gap, rms, place, type, horizontalError, depthError",4.0,1.0,1.0,1,94.0181958656,9986,8910,0.5625,0.0009666291436780219,14,14
"[28.136266333332998,148.50419828222147], [-94.97,24.66671638479137], [105.61,210.39], [-12.215005,12.291365], 0.0, [-13.325,14.224999999999998], [0.7999999999999998,6.9446866724096905]","latitude, nst, gap, dmin, type, horizontalError, locationSource",0.0,0.2244108253359697,0.7416666666666667,1,102.85887302694258,9984,8915,0.4375,0.0010575227852260742,89,120
"[1786764856.20591,1788602723.26809], [-5.876806176024999,83.498807823975], [-42.985,60.985], [1786315506.081,1788025189.089], [2427.0,4905.0], 0.0, [-16.234377519,22.010967100000002], 0.0, [1.5799999999999996,8.42]","time, latitude, nst, updated, place, type, depthError, status, locationSource",1.0,0.05843032921810699,0.5666666666666667,1,93.45711475277078,9961,8921,0.5625,0.0009608605012292418,17,30
"[-283.37715299999996,-63.82924700000001], [171.60000000000002,374.4], [-0.8039999999999999,1.6919999999999997], [6.58,16.82742818284668], [1784901910.6999998,1787485689.832], [3667.8999999999996,5898.1], [4.4863965,21.1816035]","longitude, gap, rms, net, updated, place, depthError",3.0,0.13168724279835387,0.6666666666666666,1,38.04,9943,8938,0.4375,0.00039110059799568874,4,6
"[1784329262.33402,1786638451.01598], [-46.80233399999998,161.94813399999998], [-16.96,72.96000000000001], [-10.635135,17.761135], [-0.05400000000000005,1.514], [8.02,11.98], [-17.735,40.214999999999996], [8.5,11.5]","time, longitude, nst, dmin, rms, net, horizontalError, locationSource",4.0,0.8440802057613169,0.9666666666666667,1,88.7322672053005,9986,8939,0.5,0.0009244463958720656,29,30
"[-28.086936385033603,21.023880000000005], [-9.640000000000015,179.64000000000001], 1.0, [8.5,11.5]","latitude, gap, status, locationSource",4.0,0.3066820026178275,0.7894736842105263,1,57.17658742954251,9996,8943,0.25,0.0006628428688969177,45,57
"[-154.92399999999998,95.47049999999999], [68.77,341.73469809497885], [-5.834735000000001,7.0019350000000005], [-1.5919999999999999,1.9919999999999998], 2.0, [7.5600000000000005,16.439999999999998]","depth, gap, dmin, rms, type, locationSource",1.0,0.05292214940134466,0.5555555555555556,1,38.13792,9727,8948,0.375,0.00039210734275267454,5,9
"[1785033553.01802,1786638451.01598], [-46.80233399999998,161.94813399999998], [-120.85749999999999,182.21349999999998], [-0.05400000000000005,1.514], [-1286.1599999999999,2282.16], [-17.735,40.214999999999996], [7.18,12.82]","time, longitude, depth, rms, place, horizontalError, locationSource",4.0,0.3540925979614258,0.8125,1,91.934666964992,9986,8949,0.4375,0.0009452077609501279,13,16
"[1785538312.74365,1787220867.0963502], [-164.114015,33.83901499999999], [-25.365000000000002,67.36500000000001], [163.68,258.32], [3.6999999999999997,10.3], [1786702329.968,1788334300.112], 0.0, [-24.410000000000004,26.89]","time, longitude, nst, gap, net, updated, type, horizontalError",3.0,0.0004135537391679411,0.21052631578947367,1,68.66163443227035,9569,8953,0.5,0.0007059307646115222,4,19
"[34.450803,79.871197], [15.921218986447855,136.755], [186.54,301.46], [-0.886,2.026], 0.0","latitude, nst, gap, rms, type",2.0,0.2805030468350874,0.7755102040816326,3,77.62609638241878,9952,8960,0.3125,0.0023942912235989716,38,49
"[-42.82,80.82], [179.39999999999998,314.6], [-1.482,1.604], [-16.215,20.97], 0.0","nst, gap, rms, horizontalError, status",1.0,0.3276800000000001,0.8,1,59.265472,9966,8961,0.3125,0.000609326013136087,8,10
"[-172.38045,161.32399999999996], [-10.414180000000002,10.591280000000001], [-1.482,1.604], [1785919087.162,1787395631.5779998], 0.0","depth, dmin, rms, updated, status",1.0,0.056313514709472656,0.5625,1,87.15755808093212,9961,8961,0.3125,0.0008960928781623693,45,80
"[-94.97,24.66671638479137], [30.53,243.47], [-12.215005,12.291365], [-1.006,1.066], [1785425315.878,1786694625.99], [2990.3199999999997,5765.68], 0.0, [-22.663926730217092,32.09], [0.7999999999999998,6.9446866724096905]","nst, gap, dmin, rms, updated, place, type, horizontalError, locationSource",0.0,0.2373046875,0.75,1,115.24700479844583,9984,8962,0.5625,0.0011848888668213506,42,56
"[28.136266333332998,148.50419828222147], [30.53,243.47], 0.0, [0.7999999999999998,6.9446866724096905]","latitude, gap, type, locationSource",0.0,0.08186503809774298,0.6062052505966588,1,89.4159275861177,9989,8962,0.25,0.0009770432015931815,254,419
"[-3.7128793333329995,144.30681446552546], [-248.92237866667,-54.54989266667002], [-113.05830208052443,105.25], [6.329999999999998,151.67000000000002], [-3.0,3.0], 0.0, [4.5563741013800545,16.310000000000002], 1.0, [-3.0,3.0]","latitude, longitude, nst, gap, net, type, horizontalError, status, locationSource",1.0,0.5241073981293608,0.8787878787878788,1,62.332465587436346,9934,8963,0.5625,0.0006408586899524723,29,33
"[28.136266333332998,52.769436], [-260.23912933332997,17.803816998676147], [53.95,168.46], [-0.514,1.054], 0.0","latitude, longitude, gap, rms, type",0.0,0.03334377600458472,0.5065274151436031,1,101.12762236573538,9989,8965,0.3125,0.0009948380873624101,194,383
"[1784353087.021708,1786638451.01598], [-17.094550999999996,55.677338], [-46.80233399999998,161.94813399999998], [-120.85749999999999,182.21349999999998], [-16.96,72.96000000000001], [63.359999999999985,337.6669859341124], [-0.05400000000000005,2.4659999999999997], [-1286.1599999999999,3885.88], 0.0, [-7.033944499999999,30.061787499999998], 1.0","time, latitude, longitude, depth, nst, gap, rms, place, type, depthError, status",4.0,1.0,1.0,1,92.15214221171098,9986,8973,0.6875,0.0009683973409324509,19,19
"[1785033553.01802,1786638451.01598], [-46.80233399999998,161.94813399999998], [-16.96,72.96000000000001], [-6.188789999999999,10.14879], [-2.189870549797379,1.514], [-17.735,40.214999999999996]","time, longitude, nst, dmin, rms, horizontalError",4.0,0.8153726975999999,0.96,1,88.8557044089617,9986,8973,0.375,0.0009260327643055174,24,25
"[28.136266333332998,148.50419828222147], [30.53,243.47], 0.0, 1.0, [0.7999999999999998,6.9446866724096905]","latitude, gap, type, status, locationSource",0.0,0.1348833862730529,0.6698717948717948,1,88.93748580008165,9989,8975,0.3125,0.0009674357741409503,209,312
"[1785948328.55213,1787320257.4858701], [36.189215999999995,83.074784], [-249.702515,-54.54989266667002], [-33.09,118.08], [-11.469700000000001,11.8697], [-0.8039999999999999,1.604], [-33.919999999999995,34.48]","time, latitude, longitude, gap, dmin, rms, horizontalError",1.0,0.04089602647576088,0.5276381909547738,1,93.91342867726037,9979,8985,0.4375,0.0009655520009332806,105,199
"[-27.574568000000006,66.19656800000001], [-113.05830208052443,105.25], [-33.09,118.08], [-11.469700000000001,10.940410000000002], [-1.482,1.604], [2.12,7.88], [1785754127.9256783,1787103090.556], [338.11141047929925,2344.2200000000003], [-17.731059499999997,26.09387081109015]","latitude, nst, gap, dmin, rms, net, updated, place, depthError",1.0,0.03125,0.5,1,95.30638336,9637,8988,0.5625,0.0009798733839353933,6,12
"[1786047092.38207,1787781417.63793], [28.136266333332998,148.50419828222147], [-224.6575,395.72165881523836], [-94.97,24.66671638479137], [-12.215005,12.291365], [-0.8839999999999999,1.2439999999999998], [-2.38,6.38], 0.0, [0.7999999999999998,4.34]","time, latitude, depth, nst, dmin, rms, net, type, locationSource",0.0,0.45975087174546997,0.8560606060606061,1,108.23540624065879,9989,8989,0.5625,0.001234967195381636,113,132
"[1784534165.64312,1787633128.00476], [-266.531818,-28.988181999999995], [-35.58,65.58], [-33.09,118.08], [-11.469700000000001,11.8697], [-1.482,1.604], [1785085455.1,1787103090.556], [338.11141047929925,4667.82]","time, longitude, nst, gap, dmin, rms, updated, place",1.0,0.04915032474035578,0.5474006116207951,1,74.04176354057775,9988,8995,0.5,0.0008307515896495751,179,327
"[1786018966.1237345,1787537748.12624], [34.450803,79.871197], [-201.00324999999998,253.60325], [13.786095719968102,136.755], [186.54,378.57], [-11.653185,12.853185], [-3.4200000000000004,3.4200000000000004], [1785620100.478,1787148453.47], 0.0, [-22.5,34.5], 1.0","time, latitude, depth, nst, gap, dmin, net, updated, type, horizontalError, status",2.0,0.401877572016461,0.8333333333333334,1,89.51999643238399,9952,8996,0.6875,0.0009203818122312645,15,18
"[34.450803,79.871197], [-301.86997499999995,-31.93402500000002], [-201.00324999999998,253.60325], [15.921218986447855,136.755], [186.54,301.46], 1.0","latitude, longitude, depth, nst, gap, status",2.0,0.24622492641704344,0.7555555555555555,1,77.62673129946941,9952,9006,0.375,0.0007981036023047617,34,45
"[28.136266333332998,52.769436], [-260.23912933332997,17.803816998676147], [-129.54274999999996,153.76274999999998], [53.95,168.46], 0.0","latitude, longitude, depth, gap, type",0.0,0.030000163240177628,0.4959349593495935,1,101.12762236573538,9989,9007,0.3125,0.0009948380873624101,183,369
"[28.136266333332998,148.50419828222147], [-94.97,24.66671638479137], 0.0, [0.7999999999999998,6.9446866724096905]","latitude, nst, type, locationSource",0.0,0.2373046875,0.75,1,90.40814117985953,9989,9018,0.25,0.0011062471741809532,210,280
"[28.136266333332998,148.50419828222147], [30.53,243.47], [-1.006,1.066], [2990.3199999999997,5765.68], 0.0, [-22.663926730217092,32.09], [0.7999999999999998,6.9446866724096905]","latitude, gap, rms, place, type, horizontalError, locationSource",0.0,0.08057200754594918,0.6042780748663101,1,101.81142534986533,9984,9018,0.4375,0.0010467536629107717,113,187
"[28.136266333332998,148.50419828222147], [-161.74675,174.26674999999997], [-94.97,24.66671638479137], 0.0, [0.7999999999999998,6.9446866724096905]","latitude, depth, nst, type, locationSource",0.0,0.23589048004320312,0.7491039426523297,1,90.40814117985953,9989,9020,0.3125,0.0011062471741809532,209,279
"[-112.36874999999999,118.22875], [6.329999999999998,118.08], [1785754127.9256783,1787103090.556], [-40.372691783012385,34.48]","depth, gap, updated, horizontalError",1.0,0.029834074869233725,0.49538461538461537,1,80.67987833806602,9988,9022,0.25,0.0008294939186182187,161,325
"[6.329999999999998,151.67000000000002], [-0.976,3.9694770788823828], [1786453362.5595973,1787966047.8899999], 0.0, [4.5563741013800545,16.310000000000002], [-6.978100642929916,3.0]","gap, rms, updated, type, horizontalError, locationSource",1.0,0.2373046875,0.75,1,53.89214979078882,9875,9027,0.375,0.0005540812831348775,15,20
"[11.061105999999995,101.901894], [-290.805772,-60.46042800000002], [53.002500000000026,250.6575], [39.53,374.4], [-4.441830000000001,13.300165000000002], [1786828377.346,1788408538.9140003], [-4.6972855000000004,14.4712855], 1.0","latitude, longitude, depth, gap, dmin, updated, depthError, status",3.0,7.042962777237426e-07,0.058823529411764705,1,38.4196110508032,9801,9049,0.5,0.00039500349255338865,1,17
"[1786018966.1237345,1787537748.12624], [-19.35624999999999,145.35625], [73.05296480757335,136.755], [-1.5,1.5], [1785733639.2589998,1787054757.947], [2453.3999999999996,5922.6], 0.0, [-7.6952560000000005,12.091656], [-3.4799999999999995,3.4799999999999995]","time, depth, nst, net, updated, place, type, depthError, locationSource",2.0,0.13168724279835387,0.6666666666666666,2,71.0,9952,9050,0.5625,0.0014599443984066195,2,3
"[-248.92237866667,-15.042915589976062], [-113.05830208052443,105.25], [-11.420145,10.940410000000002], [2.12,7.88], 0.0, 0.0","longitude, nst, dmin, net, type, status",1.0,0.07775999999999998,0.6,2,87.36095138454162,9973,9051,0.375,0.0017963680508920358,66,110
"[1785247563.1918535,1786397918.1568801], [-3.7128793333329995,144.30681446552546], [-248.92237866667,-54.54989266667002], [10.749500000000012,182.0505], [-69.895,95.895], [6.329999999999998,151.67000000000002], [-1.38,1.98], [1248.1799999999998,4667.82], 0.0, [4.5563741013800545,16.310000000000002], [-3.0,3.0]","time, latitude, longitude, depth, nst, gap, rms, place, type, horizontalError, locationSource",1.0,0.620921323059155,0.9090909090909091,1,86.9872384,9934,9053,0.6875,0.0008943417706685999,10,11
"[-157.222985,4.7385850000000005], [8.163250000000005,212.40675], [106.03999999999999,195.96], [-12.09965,15.129650000000002], [1786851250.735,1788405508.015], [1866.8799999999999,4543.12], [-16.674999999999997,29.875], [-4.412944499999999,13.5189445]","longitude, depth, nst, dmin, updated, place, horizontalError, depthError",5.0,0.0003200000000000001,0.2,1,29.0,9058,9058,0.5,0.0002981576588295209,1,5
"[1786147970.24623,1787778753.69577], [-18.105975,18.523375], [66.30931000000001,174.28368999999998], [31.18,154.82], [-41.53,83.53], [7.18,12.1], [3236.94,4575.06], 1.0, [7.6,12.4]","time, latitude, longitude, nst, gap, net, place, status, locationSource",5.0,0.0009765625,0.25,1,64.5,9992,9059,0.5625,0.0006631437584311758,1,4
"[-239.27179733332997,-73.08353733333], [-12.215005,12.291365], [-0.8839999999999999,1.2439999999999998], [1786541157.4459999,1787991797.5740001], [3739.26,6166.735453024128], 0.0, [-16.025,17.225], [-16.468571,8.7776035], 1.0, [0.7999999999999998,4.34]","longitude, dmin, rms, updated, place, type, horizontalError, depthError, status, locationSource",0.0,0.4293934488306322,0.8444444444444444,1,111.00321374913523,9942,9075,0.625,0.0011412571839308635,38,45
"[-260.23912933332997,-73.08353733333], [-2.66,4.66], [4374.090335625619,6166.735453024128], 0.0, [-16.025,17.225], [-16.468571,8.7776035], 1.0, [0.7999999999999998,4.34]","longitude, net, place, type, horizontalError, depthError, status, locationSource",0.0,0.4234790289079717,0.8421052631578947,1,121.49123529802338,9915,9076,0.5,0.0012490876649919,32,38
"[24.766114333333,148.50419828222147], [-224.6575,236.5375], [-12.215005,12.291365], [1786541157.4459999,1787991797.5740001], [3739.26,5374.74], 1.0, [0.7999999999999998,4.34]","latitude, depth, dmin, updated, place, status, locationSource",0.0,0.4204798977206755,0.8409090909090909,1,111.00312070317553,9942,9076,0.4375,0.00114125622729757,37,44
"[-129.54274999999996,153.76274999999998], [-94.97,24.66671638479137], [53.95,168.46], [-381.5799999999999,2641.58], 0.0, 1.0","depth, nst, gap, place, type, status",0.0,0.02698770253840903,0.48554913294797686,1,95.22610732606498,9989,9078,0.375,0.0009000330276762392,84,173
"[-46.80233399999998,178.23379], [-16.96,88.77000000000001], [-6.188789999999999,10.14879], [-0.05400000000000005,1.514], [6.04,13.06], [-13.905000000000001,25.045]","longitude, nst, dmin, rms, net, horizontalError",4,0.3047211266817917,0.7884615384615384,1,77.41116968168907,9986,9079,0.375,0.000778951916000485,41,52
"[1786764856.20591,1788602723.26809], [-35.25,60.985], [1786315506.081,1788025189.089], [2230.36,4905.0], 0.0, [-16.234377519,22.010967100000002], 0.0, [1.5799999999999996,8.42]","time, nst, updated, place, type, depthError, status, locationSource",1.0,0.06922366952724099,0.5862068965517241,2,96.88550825641968,9971,9080,0.5,0.001992217676982228,17,29
"[-5.876806176024999,83.498807823975], [-42.985,105.25], [-11.219999999999999,117.22], 0.0, 0.0","latitude, nst, gap, type, status",1.0,0.06642900775433695,0.5813953488372093,1,89.01022058179333,9973,9080,0.3125,0.0009151406545023011,50,86
"[-294.691818,-57.14818199999999], [-201.00324999999998,84.06452210681351], [13.786095719968102,136.755], [186.54,301.46], [-3.4200000000000004,3.4200000000000004], 0.0, [-22.5,34.5], [-18.277646499999996,26.8612465], 1.0","longitude, depth, nst, gap, net, type, horizontalError, depthError, status",2.0,0.24710935412080362,0.7560975609756098,1,80.00170180392584,9952,9085,0.5625,0.0008225213831805512,31,41
"[1784804024.1714602,1785477045.91254], [124.085183,228.46041699999998], [-154.92399999999998,156.77849999999995], [186.54,317.09000000000003], [2.5600000000000005,12.4], 0.0, [-15.825,17.425], 1.0","time, longitude, depth, gap, net, type, horizontalError, status",1,0.0,0.0,1,42.0,9088,9088,0.5,0.0004318145403737889,0,1
"[-172.38045,51.430871965576785], [-77.54,248.25218093287023], [-54.28188762031381,177.09], [-0.9799999999999999,1.2599999999999998], [1784572630.9662864,1787103090.556], [1099.56,3478.44], [23.657318751804787,48.923548], 1.0, [-1.5999999999999996,5.6]","depth, nst, gap, rms, updated, place, depthError, status, locationSource",1.0,0.03125,0.5,1,57.0,9879,9090,0.5625,0.0005860340190787135,1,2
"[6.329999999999998,151.67000000000002], [-11.364195,12.364195], 0.0, [4.5563741013800545,16.310000000000002], [-3.0,3.0]","gap, dmin, type, horizontalError, locationSource",1.0,0.3787874412704941,0.8235294117647058,1,63.9605225151545,9934,9101,0.3125,0.0006575972293321146,28,34
"[-201.00324999999998,84.06452210681351], [13.786095719968102,136.755], [186.54,301.46], [-3.4200000000000004,3.4200000000000004], 0.0, [-22.5,34.5], [-18.277646499999996,26.8612465]","depth, nst, gap, net, type, horizontalError, depthError",2.0,0.1385445030619302,0.673469387755102,1,79.63245879732295,9952,9110,0.4375,0.0008187250855809688,33,49
"[1784339944.93449,1786126041.09351], [-46.80233399999998,161.94813399999998], [-16.96,72.96000000000001], [-6.188789999999999,11.7697], [1786277560.248,1788039051.832]","time, longitude, nst, dmin, updated",4.0,0.620921323059155,0.9090909090909091,1,90.2636032,9986,9115,0.3125,0.0009441265491074525,10,11
"[15.921218986447855,136.755], [186.54,301.46], [3440.82,4977.18], 0.0","nst, gap, place, type",2.0,0.21208362139917689,0.7333333333333333,1,78.65535830015999,9952,9120,0.25,0.0008086792236266492,11,15
"[1784329262.33402,1786751920.06107], [-28.086936385033603,21.023880000000005], [63.359999999999985,156.61], [-10.635135,17.761135], [6.9399999999999995,11.98], [-16.3137875,30.061787499999998]","time, latitude, gap, dmin, net, depthError",4.0,0.5549289573066435,0.8888888888888888,1,72.7364206133248,9986,9121,0.375,0.0007478248579899388,16,18
"[-46.80233399999998,161.94813399999998], [-120.85749999999999,182.21349999999998], [-76.61000000000001,252.64000000000001], [-1.286,1.514], [8.02,13.06], [1786791171.712,1787749630.368], [-17.735,40.214999999999996], [7.18,12.82]","longitude, depth, gap, rms, net, updated, horizontalError, locationSource",4,0.401877572016461,0.8333333333333334,1,74.80800495660802,9986,9121,0.5,0.0007454970237600641,30,36
"[1784534165.64312,1785636875.007363], [14.916258,83.074784], [-8.175000000000004,95.25], [-69.47,143.47], [-11.469700000000001,11.8697], [2.9,7.1]","time, latitude, nst, gap, dmin, net",1.0,0.10979242280002384,0.6428571428571429,1,82.92338608520247,9973,9124,0.375,0.0008525600916338081,18,28
"[36.189215999999995,144.30681446552546], [-248.92237866667,-54.54989266667002], [-114.59299999999998,122.59299999999998], [-113.05830208052443,105.25], [-33.09,151.67000000000002], [-11.469700000000001,11.8697], [-0.8039999999999999,1.604], [-3.0,2.4000000000000004], [338.11141047929925,4456.5599999999995]","latitude, longitude, depth, nst, gap, dmin, rms, net, place",1.0,0.040566724705839385,0.5267857142857143,1,72.96165201427314,9988,9129,0.5625,0.0007501405292727544,59,112
"[1784534165.64312,1785636875.007363], [14.916258,83.074784], [-69.47,143.47], [-11.469700000000001,11.8697], [2.9,7.1]","time, latitude, gap, dmin, net",1.0,0.09895227559841319,0.6296296296296297,1,82.92840359959051,9973,9134,0.3125,0.0008526116781973627,17,27
"[1784534165.64312,1785636875.007363], [14.916258,83.074784], [-8.175000000000004,95.25], [-69.47,143.47], [-11.469700000000001,11.8697], [2.9,7.1], [-17.105,18.044999999999998]","time, latitude, nst, gap, dmin, net, horizontalError",1.0,0.09895227559841319,0.6296296296296297,1,82.92840359959051,9973,9134,0.4375,0.0008526116781973627,17,27
"[24.766114333333,148.50419828222147], [-224.6575,236.5375], [-5.796390000000001,5.87331], [-2.66,4.66], [1784426815.1399999,1785981072.42], [3739.26,5374.74], 1.0, [0.7999999999999998,4.34]","latitude, depth, dmin, net, updated, place, status, locationSource",0.0,0.27550608968587587,0.7727272727272727,1,99.92162092142533,9855,9138,0.5,0.0010273240193235534,17,22
"[1784513187.5504398,1786751920.06107], [-46.80233399999998,161.94813399999998], [-120.85749999999999,182.21349999999998], [63.359999999999985,252.64000000000001], [-1.286,3.29673232704802], [6.9399999999999995,13.06], [-17.735,40.214999999999996], [-16.3137875,30.061787499999998], [7.18,12.82]","time, longitude, depth, gap, rms, net, horizontalError, depthError, locationSource",4,1.0,1.0,1,85.6470414708451,9986,9142,0.5625,0.0008847962371675047,24,24
"[7.899977,144.30681446552546], [-248.92237866667,-22.907683333330013], [-95.62533879921591,189.98705], [-43.95,151.67000000000002], [1323.78,3752.2200000000003], [-13.91,14.59], [-11.527909364883831,13.20573063511617], [7.46,14.54]","latitude, longitude, depth, gap, place, horizontalError, depthError, locationSource",1.0,0.04633621169505929,0.5409836065573771,1,66.28216682687585,9919,9148,0.5,0.0006814667476982427,33,61
"[1787070015.16577,1788027776.87423], [-260.23912933332997,92.51438416290344], [-94.97,24.66671638479137], [-0.514,1.054], 0.0, [-24.895,25.455000000000002]","time, longitude, nst, rms, type, horizontalError",0.0,0.05732997788687484,0.5645161290322581,1,93.08491735449925,9938,9151,0.375,0.0008981346269789679,70,124
"[28.136266333332998,52.769436], [-129.54274999999996,153.76274999999998], [-94.97,24.66671638479137], [53.95,168.46], [-0.514,1.054], [1786747473.8419998,1788094496.818], 0.0, 1.0","latitude, depth, nst, gap, rms, updated, type, status",0.0,0.10915186198936311,0.6421052631578947,1,95.23892130147321,9938,9151,0.5,0.0009002388781561973,61,95
"[-113.05830208052443,105.25], [6.329999999999998,151.67000000000002], [-11.364195,12.364195], [-0.976,3.9694770788823828], [1786023226.29,1787966047.8899999], [779.52,4050.48], 0.0, [4.5563741013800545,16.310000000000002], [-3.0,3.0]","nst, gap, dmin, rms, updated, place, type, horizontalError, locationSource",1.0,0.401877572016461,0.8333333333333334,1,56.58329855999999,9875,9156,0.5625,0.0005817497871552206,10,12
"[1786764856.20591,1788602723.26809], [-5.876806176024999,83.498807823975], [-35.25,60.985], [2230.36,4905.0], 0.0, [-16.234377519,22.010967100000002], 0.0","time, latitude, nst, place, type, depthError, status",1.0,0.02587604756236833,0.48148148148148145,1,92.41921413794361,9971,9158,0.4375,0.0009501895351114974,13,27
"[24.766114333333,148.50419828222147], [-224.6575,236.5375], [-5.796390000000001,5.87331], [-2.66,4.66], [3739.26,5374.74], 1.0, [0.7999999999999998,4.34]","latitude, depth, dmin, net, place, status, locationSource",0.0,0.38605762138600824,0.8266666666666667,1,111.64163425316856,9942,9161,0.4375,0.001147820975752634,62,75
"[1786018966.1237345,1786382364.29198], [1.2443459999999966,62.781654], [-177.260066,-31.255080000000007], [32.8,143.40721814121252], [0.1600000000000037,121.84], [-11.653185,12.853185], [4.5,13.5], 0.0, 1.0","time, latitude, longitude, nst, gap, dmin, net, type, status",2.0,0.07775999999999998,0.6,1,50.0,9786,9163,0.5625,0.0005140649290164153,3,5
"[-18.105975,18.523375], [-44.413917999999995,174.28368999999998], [81.065,156.935], [-5.286730000000001,15.71873], [-1.144,2.6639999999999997], [2.18549845681774,12.82], [-641.3400000000001,1985.3400000000001], [-11.674888999999999,24.188888999999996], 1.0","latitude, longitude, nst, dmin, rms, net, place, depthError, status",5.0,1.0,1.0,1,47.0,9482,9164,0.5625,0.0004832210332754304,1,1
"[-252.54710496387,-58.193220963870004], [-35.25,105.25], [179.39999999999998,314.6], [-1.482,1.604], 0.0, [-16.215,20.97], 0.0","longitude, nst, gap, rms, type, horizontalError, status",1.0,1.0,1.0,1,60.056,9966,9165,0.4375,0.0006174536675401967,7,7
"[1784513187.5504398,1786751920.06107], [-46.80233399999998,161.94813399999998], [-120.85749999999999,182.21349999999998], [63.359999999999985,252.64000000000001], [-1.286,3.29673232704802], [6.9399999999999995,13.06]","time, longitude, depth, gap, rms, net",4.0,1.0,1.0,1,85.6859525716256,9986,9167,0.375,0.0008852963079740217,23,23
"[-46.80233399999998,161.94813399999998], [-16.96,72.96000000000001], [6.9399999999999995,13.06], [-17.735,40.214999999999996], [-16.3137875,30.061787499999998], [7.18,12.82]","longitude, nst, net, horizontalError, depthError, locationSource",4,0.8613409880361191,0.9705882352941176,1,86.89771965351767,9986,9167,0.375,0.0009008694819474534,33,34
"[-28.086936385033603,21.023880000000005], [-280.94553399999995,-72.19506600000003], [-6.770000000000003,88.77000000000001], [-4.85486,12.87475], [1786994309.827,1787719629.891], 1.0, [8.5,11.5]","latitude, longitude, nst, dmin, updated, status, locationSource",4,1.0,1.0,2,51.25,9802,9175,0.4375,0.0010538331044836514,4,4
"[1785276587.91172,1786104922.3622801], [-28.086936385033603,21.023880000000005], [-6.770000000000003,88.77000000000001], [-7.145,42.644999999999996], 1.0, [8.5,11.5]","time, latitude, nst, horizontalError, status, locationSource",4,0.3666478320532007,0.8181818181818182,1,66.31516160000001,9853,9175,0.375,0.0006818059768123223,9,11
"[-12.298055000000005,82.938255], [-46.80233399999998,161.94813399999998], [-16.96,88.77000000000001], [63.359999999999985,252.64000000000001], [-10.551155000000001,11.7697], 0.0, [-17.735,40.214999999999996], [-16.3137875,30.061787499999998]","latitude, longitude, nst, gap, dmin, type, horizontalError, depthError",4.0,1.0,1.0,1,83.90409035291161,9986,9179,0.5,0.0008623964860995156,32,32
"[-16.032516161132996,90.92518583886701], [-56.3,112.3], [-1.7599999999999998,1.88], [2.2399999999999998,7.76], [1786879260.264,1788303996.104], [817.5,2056.5], [-10.24764956,13.867649440000001], 0.0","latitude, nst, rms, net, updated, place, depthError, status",2.0,0.03125,0.5,1,61.75,9527,9182,0.5,0.0006348701873352729,2,4
"[1784534165.64312,1786689871.50386], [12.040725358827512,108.40050300000001], [-112.36874999999999,118.22875], [6.329999999999998,118.08], [-1.676,2.076], [1785754127.9256783,1787103090.556], [1248.1799999999998,3574.18], 0.0, [-31.200000000000003,34.48]","time, latitude, depth, gap, rms, updated, place, type, horizontalError",1.0,0.05228759859739279,0.5542168674698795,1,61.22719453316817,9988,9183,0.5625,0.000629495068231347,46,83
"[34.450803,79.871197], [-224.630898,-131.05310200000002], [-201.00324999999998,253.60325], [10.607030520954396,136.755], [186.54,378.57], [-0.886,1.2919999999999998], 0.0, 1.0","latitude, longitude, depth, nst, gap, rms, type, status",2.0,0.5904900000000001,0.9,5,78.28751593521027,9952,9189,0.5,0.004024486632210535,45,50
"[34.450803,79.871197], [-224.630898,-131.05310200000002], [-201.00324999999998,253.60325], [10.607030520954396,136.755], [186.54,378.57], [-0.886,1.2919999999999998], 0.0, 1.0, [-1.98,1.98]","latitude, longitude, depth, nst, gap, rms, type, status, locationSource",2.0,0.5389837915635907,0.8837209302325582,1,82.20674292635891,9952,9192,0.5625,0.000845192069342188,38,43
"[28.136266333332998,148.50419828222147], [-224.6575,236.5375], 0.0, 1.0, [0.7999999999999998,4.34]","latitude, depth, type, status, locationSource",0.0,0.2288665563724027,0.7445887445887446,1,72.29206027672137,9989,9194,0.3125,0.0008538111503724446,172,231
"[28.136266333332998,148.50419828222147], [-260.23912933332997,-73.08353733333], [30.53,243.47], [-5.912445,6.146245], [-0.8839999999999999,1.2439999999999998], 0.0, [0.7999999999999998,4.34]","latitude, longitude, gap, dmin, rms, type, locationSource",0.0,0.262003549978125,0.765,2,89.80392008725323,9989,9194,0.4375,0.001986986899359418,153,200
"[1785205436.74628,1786965647.4537199], [-252.54710496387,-58.193220963870004], [-172.38045,138.08425], [-35.25,105.25], [-0.976,1.604], 0.0, [-16.215,20.97], 0.0, [-4.32,4.32]","time, longitude, depth, nst, rms, type, horizontalError, status, locationSource",2,0.0,0.0,1,63.854016,9196,9196,0.5625,0.000656502204049061,0,11
"[1787070015.16577,1788027776.87423], [28.136266333332998,52.769436], [-260.23912933332997,92.51438416290344], [-161.83249999999998,167.59249999999997], [-62.325,24.66671638479137], [-108.04622669723001,126.83419461535522], 0.0, 1.0","time, latitude, longitude, depth, nst, gap, type, status",0.0,0.1981094971036366,0.723404255319149,1,78.0800779078039,9938,9198,0.5,0.0007052980838522638,34,47
"[1784534165.64312,1785636875.007363], [-69.47,143.47], [-11.469700000000001,11.8697], [2.9,7.1], 0.0","time, gap, dmin, net, status",1.0,0.16806999999999994,0.7,3,88.19027200000001,9973,9200,0.3125,0.002720131554937102,7,10
"[14.916258,83.074784], [-151.5997499809265,158.05975001907348], [-8.175000000000004,95.25], [-11.469700000000001,11.8697], [2.9,7.1], 0.0","latitude, depth, nst, dmin, net, status",1.0,0.05483942081707517,0.5595238095238095,1,87.3609516386322,9973,9200,0.375,0.000898184028058399,47,84
"[1786018966.1237345,1787657517.75318], [1.2443459999999966,62.781654], [-175.22091999999998,-31.255080000000007], [13.786095719968102,143.40721814121252], [-11.653185,12.853185], [-22.5,-8.679580821844183], 1.0, [-2.2800000000000002,2.2800000000000002]","time, latitude, longitude, nst, dmin, horizontalError, status, locationSource",2.0,1.2860082304526745e-05,0.16666666666666666,1,60.78185808248831,9201,9201,0.5,0.0006249164312132037,0,0
"[-95.55024999999999,247.18599999999995], [-42.365,50.365], [-7.779780000000001,9.335780000000002], [-1.51,1.8499999999999999], [1.5799999999999996,8.42], [-13.003502000000001,14.203502], [5.08,9.14]","depth, nst, dmin, rms, net, depthError, locationSource",2.0,0.0009765625,0.25,1,30.851681513472005,9686,9203,0.4375,0.00031719534934520076,4,16
"[1787070015.16577,1788027776.87423], [-94.97,24.66671638479137], [30.53,243.47], [-0.514,1.066], 0.0, [-24.895,25.455000000000002]","time, nst, gap, rms, type, horizontalError",0.0,0.05524294682255792,0.5603448275862069,1,93.04706904664701,9938,9207,0.375,0.0008976482147867314,65,116
"[28.136266333332998,52.769436], [-260.23912933332997,17.803816998676147], [-129.54274999999996,153.76274999999998], [-94.97,24.66671638479137], [53.95,168.46], [-0.514,1.054], [402.69999999999993,2137.3], 0.0, 1.0","latitude, longitude, depth, nst, gap, rms, place, type, status",0.0,0.043151275720164604,0.5333333333333333,1,100.645601550464,9989,9212,0.5625,0.0009870946499815692,40,75
"[28.136266333332998,148.50419828222147], [-260.23912933332997,92.51438416290344], [-224.6575,236.5375], [-62.325,24.66671638479137], [-108.04622669723001,243.47], [-0.514,1.054], 0.0","latitude, longitude, depth, nst, gap, rms, type",0.0,0.033755444668235275,0.5077720207253886,1,97.84152519924321,9989,9213,0.4375,0.0009420484840301028,196,386
"[34.450803,79.871197], [-201.00324999999998,253.60325], [10.607030520954396,136.755], [186.54,378.57], [-0.886,1.2919999999999998], 0.0, 1.0","latitude, depth, nst, gap, rms, type, status",2.0,0.26150027784488145,0.7647058823529411,2,71.49335583690649,9952,9220,0.4375,0.0014700890757377862,52,68
"[1785948328.55213,1787320257.4858701], [-249.702515,-93.038642], [-33.09,236.05], [1786313206.712,1787142143.928], 0.0, [-34.044999999999995,35.305], [-22.6177875,0.8447237518166233], [5.9399999999999995,14.280000000000001]","time, longitude, gap, updated, type, horizontalError, depthError, locationSource",1.0,0.1590361251087416,0.6923076923076923,1,82.59981000395776,9979,9223,0.5,0.0008492333093290788,18,26
"[-1.5239999999999998,1.724], 0.0, [0.8599999999999994,9.14]","rms, type, locationSource",0.0,0.04200690457761899,0.5304740406320542,1,73.5864078351659,9989,9233,0.1875,0.0008508429655077847,235,443
"[-260.23912933332997,-95.98842433332999], [-67.89510268410527,20.543497118747226]","longitude, nst",0.0,0.0338384135494246,0.5080213903743316,1,74.76035805468533,9989,9233,0.125,0.0009420297344024685,190,374
"[-172.38045,161.32399999999996], [-10.414180000000002,9.1379774376257], [-1.482,1.604], [-32.47500000000001,33.075], [-16.234377519,22.010967100000002], 0.0, [1.5799999999999996,8.42]","depth, dmin, rms, horizontalError, depthError, status, locationSource",1.0,0.06468680856411259,0.5783132530120482,1,90.19942992020917,9973,9234,0.4375,0.0009273672707850691,48,83
"[-239.27179733332997,-73.08353733333], [-12.215005,12.291365], [-0.8839999999999999,1.2439999999999998], [-0.6800000000000002,2.68], [1786541157.4459999,1787991797.5740001], [3739.26,6166.735453024128], [-16.025,17.225], [-16.468571,8.7776035], 1.0, [0.7999999999999998,4.34]","longitude, dmin, rms, net, updated, place, horizontalError, depthError, status, locationSource",0.0,0.43375716751999094,0.8461538461538461,1,111.0057882456866,9942,9248,0.625,0.0011412836530986022,33,39
"[-145.14399999999998,171.10399999999996], [-12.215005,12.291365], [-0.8839999999999999,1.2439999999999998], [1786541157.4459999,1787991797.5740001], [3739.26,6166.735453024128], [-7.9176035,8.7776035], 1.0, [0.7999999999999998,4.34]","depth, dmin, rms, updated, place, depthError, status, locationSource",0.0,0.44370531249999995,0.85,1,111.00879004230795,9942,9248,0.5,0.0011413145154659438,34,40
"[51.345,134.34], [-1.8299999999999996,2.3699999999999997], [-1.06,5.0600000000000005], [2087.5,6235.26], 0.0, [-15.505,15.845], [-16.370188999999996,19.493589]","nst, rms, net, place, type, horizontalError, depthError",2.0,0.07775999999999998,0.6,1,56.01314581761188,9952,9249,0.4375,0.0005758878765743354,15,25
"[28.136266333332998,148.50419828222147], [-251.36440199999998,14.972401999999988], [-94.97,112.97], [-0.8839999999999999,1.2439999999999998], 1.0, [0.7999999999999998,4.34]","latitude, longitude, nst, rms, status, locationSource",0.0,0.2373046875,0.75,1,72.28631027410066,9989,9250,0.375,0.0008536668205536427,165,220
"[-12.298055000000005,82.938255], [-46.80233399999998,161.94813399999998], [-29.845,107.845], [63.359999999999985,252.64000000000001], [-10.551155000000001,11.7697], [6.9399999999999995,13.06], 0.0","latitude, longitude, nst, gap, dmin, net, type",4.0,1.0,1.0,1,82.49330303462422,9986,9252,0.4375,0.000844265579033699,32,32
"[28.136266333332998,52.769436], [-260.23912933332997,17.803816998676147], [-161.83249999999998,153.76274999999998], [-108.04622669723001,168.46], 0.0","latitude, longitude, depth, gap, type",0.0,0.02288092795840449,0.4697802197802198,1,82.0851326619145,9989,9255,0.3125,0.009374941269475537,171,364
"[1784534165.64312,1785893104.9200199], [-405.7829721382727,-54.54989266667002], [27.828502625609133,107.94500000000001], [-63.25882918380863,118.08], [1784320030.786,1785733062.3000002], [-1654.8200000000002,1764.8200000000002], 1.0","time, longitude, nst, gap, updated, place, status",1.0,0.095367431640625,0.625,2,48.2048,9748,9260,0.4375,0.00099121588361002,5,8
"[34.450803,79.871197], [-201.00324999999998,253.60325], [10.607030520954396,136.755], [186.54,378.57], [-11.1697,12.1697], [-0.886,1.2919999999999998], 0.0, 1.0","latitude, depth, nst, gap, dmin, rms, type, status",2.0,0.24345215148144456,0.7538461538461538,1,71.4933569648232,9952,9262,0.5,0.0007350445494653416,49,65
"[34.450803,79.871197], [-201.00324999999998,253.60325], [10.607030520954396,136.755], [186.54,378.57], [-0.886,1.2919999999999998], 0.0, [-2.7265740000000003,14.586974000000001], 1.0","latitude, depth, nst, gap, rms, type, depthError, status",2.0,0.21720617794361205,0.7368421052631579,1,72.930487844228,9952,9262,0.5,0.0007498201211355121,42,57
"[1784534165.64312,1786397918.1568801], [24.183824,94.512176], [-248.92237866667,-54.54989266667002], [10.749500000000012,182.0505], [-113.05830208052443,105.25], [-3.0,3.0], [1785301338.3309999,1786596552.731], [1248.1799999999998,4667.82], 0.0, [-1.6800000000000002,1.6800000000000002]","time, latitude, longitude, depth, nst, net, updated, place, type, locationSource",1.0,0.040386107340619246,0.5263157894736842,1,68.68230953034578,9934,9270,0.625,0.0007061433314680133,20,38
"[-202.86498333332997,-54.54989266667002], [-43.95,141.95], [-12.153185,12.353185], [6.0,13.620000000000001], [1785602281.2199998,1787103090.556], [-20.00727172341735,20.84272827658265], 1.0","longitude, gap, dmin, net, updated, horizontalError, status",1.0,0.13168724279835387,0.6666666666666666,1,80.32752176651157,9979,9274,0.4375,0.0008258712354993265,40,60
"[28.136266333332998,148.50419828222147], [-94.97,24.66671638479137], [-1.006,1.066], 0.0, [0.9199999999999999,9.08]","latitude, nst, rms, type, locationSource",0.0,0.17256359665582893,0.7037037037037037,1,88.55389323783605,9989,9279,0.3125,0.0010597040180923237,171,243
"[28.136266333332998,148.50419828222147], [-224.6575,236.5375], 0.0, [-11.188479,12.308479], 1.0, [0.7999999999999998,4.34]","latitude, depth, type, depthError, status, locationSource",0.0,0.2495343537242618,0.7575757575757576,1,72.29052545462294,9989,9283,0.375,0.0008537726250690714,150,198
"[-12.298055000000005,82.938255], [-46.80233399999998,161.94813399999998], [-120.85749999999999,182.21349999999998], [-16.96,72.96000000000001], [-0.05400000000000005,1.514], [-1286.1599999999999,2282.16], [-17.735,40.214999999999996], [-16.3137875,30.061787499999998]","latitude, longitude, depth, nst, rms, place, horizontalError, depthError",4.0,0.620921323059155,0.9090909090909091,1,94.2325248,9986,9290,0.5,0.0009688327234469919,10,11
"[1784586263.8074384,1787537748.12624], [-77.92749999999998,171.84699999999998], [-76.35000000000001,136.755], [186.54,378.57], [1785797091.8629014,1787168852.8190002]","time, depth, nst, gap, updated",2.0,0.021953608889626282,0.4659090909090909,1,71.53983097474826,9952,9292,0.3125,0.00861492183271497,41,88
"[1784534165.64312,1785636875.007363], [14.916258,83.074784], [-196.11491999999998,-52.14908000000001], [-8.175000000000004,95.25], [-69.47,143.47], [-11.469700000000001,11.8697], [2.9,7.1], [2.1799999999999997,7.82]","time, latitude, longitude, nst, gap, dmin, net, locationSource",1.0,0.07204491900081343,0.5909090909090909,1,83.06984833323133,9973,9296,0.5,0.000854065913736539,13,22
"[1784534165.64312,1785636875.007363], [14.916258,83.074784], [-8.175000000000004,95.25], [-69.47,143.47], [-11.469700000000001,11.8697], [2.9,7.1], 1.0","time, latitude, nst, gap, dmin, net, status",1.0,0.03125,0.5,1,74.35284736,9901,9296,0.4375,0.0007644438240057352,6,12
"[-189.9115,271.2835], [-6.770000000000003,184.25660444467965], [-6.570000000000007,172.57], [0.5916683029425414,2.4659999999999997], 1.0, [8.5,12.4]","depth, nst, gap, rms, status, locationSource",4,0.2373046875,0.75,1,63.35250971372933,9996,9297,0.375,0.0007118595987664839,33,44
"[-215.390425,-125.41177500000002], [-6.770000000000003,184.25660444467965], [-6.570000000000007,172.57], [-5.20584,7.24184], [0.5916683029425414,2.4659999999999997], 1.0, [8.5,12.4]","longitude, nst, gap, dmin, rms, status, locationSource",4,0.095367431640625,0.625,1,48.2208,9906,9297,0.4375,0.0004957724425822951,5,8
"[51.345,120.35000000000001], [-55.57000000000001,123.57000000000001], [-1.0480366199236766,1.256], [-3.9000000000000004,3.9000000000000004], [-17.837812,21.736012000000002], 1.0, [-1.6800000000000002,1.6800000000000002]","nst, gap, rms, net, depthError, status, locationSource",2.0,0.28462802079628785,0.7777777777777778,1,51.94368,9806,9298,0.4375,0.0005340484834410278,7,9
"[24.766114333333,148.50419828222147], [-94.97,24.66671638479137], [-12.215005,12.291365], [-0.8839999999999999,1.2439999999999998], [-2.38,6.38], 0.0, [-30.610000000000003,32.09], [0.7999999999999998,4.34]","latitude, nst, dmin, rms, net, type, horizontalError, locationSource",0.0,0.5248365401953523,0.8790322580645161,2,97.19198800846684,9989,9300,0.5,0.0024536956827156454,109,124
"[1785276587.91172,1786104922.3622801], [-28.086936385033603,21.023880000000005], [-6.570000000000007,172.57], [-4.85486,7.24184], [-7.145,42.644999999999996], 1.0, [8.5,12.4]","time, latitude, gap, dmin, horizontalError, status, locationSource",4,0.2373046875,0.75,1,59.756800000000005,9853,9303,0.4375,0.0006143775030049626,6,8
"[-280.94553399999995,-72.19506600000003], [-6.770000000000003,184.25660444467965], [-5.20584,12.87475], [0.5916683029425414,2.4659999999999997], 1.0, [8.5,11.5]","longitude, nst, dmin, rms, status, locationSource",4,0.06092699470458736,0.5714285714285714,1,46.258078882390336,9906,9303,0.375,0.0004755931207422346,12,21
"[-244.25875005722045,294.4313146431986], [-42.985,60.985], 0.0, [-16.234377519,22.010967100000002], 0.0, [1.5799999999999996,8.42]","depth, nst, type, depthError, status, locationSource",1.0,0.06817245642686091,0.5844155844155844,1,90.55019558046588,9973,9305,0.375,0.0009309735972698943,45,77
"[1786764856.20591,1788602723.26809], [-0.6600000000000001,8.18], [1786315506.081,1788025189.089], [2230.36,4905.0], 0.0","time, net, updated, place, status",1.0,0.014458261438686257,0.42857142857142855,1,84.77469411401924,9971,9305,0.3125,0.015313410749824369,9,21
"[-77.92749999999998,171.84699999999998], [11.924999999999997,73.675], 1.0, [-1.7999999999999998,1.7999999999999998]","depth, horizontalError, status, locationSource",2.0,0.46266436603796024,0.8571428571428571,2,55.597214775098735,9831,9309,0.25,0.0011432231306748612,18,21
"[1785455880.6144702,1787537748.12624], [20.960345999999998,82.497654], [-77.92749999999998,321.4985814561891], [49.010000000000005,288.99], [-11.653185,12.853185], [11.924999999999997,73.675], 1.0","time, latitude, depth, gap, dmin, horizontalError, status",2.0,0.17525145137855438,0.7058823529411765,1,56.168127551078406,9831,9309,0.4375,0.0005774812900506016,12,17
"[-1.7884360000000044,39.236436000000005], [120.05,305.95], [-1.032,1.432], [3.6999999999999997,10.3], [2069.48,3754.52], [-15.641105499999998,28.261105499999996], 1.0","latitude, gap, rms, net, place, depthError, status",3.0,0.0013484773662551439,0.26666666666666666,1,74.52494635008,9851,9310,0.4375,0.0007418592611982564,4,15
"[28.136266333332998,148.50419828222147], [-94.97,111.565], [77.02,218.98000000000002], [-1.7479999999999998,1.2439999999999998], [-2.96,4.96], 0.0, [-30.610000000000003,32.09], 1.0, [0.7999999999999998,4.34]","latitude, nst, gap, rms, net, type, horizontalError, status, locationSource",0.0,0.45333676183633875,0.8536585365853658,1,124.04204009565879,9989,9314,0.5625,0.0012753132507365235,70,82
"[-12.298055000000005,82.938255], [-46.80233399999998,161.94813399999998], [63.359999999999985,252.64000000000001], 0.0, [-20.07,50.23], [-16.3137875,30.061787499999998]","latitude, longitude, gap, type, horizontalError, depthError",4.0,0.8532151877880096,0.96875,1,78.78812380391066,9986,9320,0.375,0.0007966480115779524,31,32
"[34.450803,79.871197], [-201.00324999999998,253.60325], [186.54,378.57], [-0.886,1.2919999999999998], 0.0, 1.0","latitude, depth, gap, rms, type, status",2.0,0.048282842081079885,0.5454545454545454,1,60.59569988789206,9952,9322,0.375,0.0007144811720570194,54,99
"[1784534165.64312,1787046005.37635], [-172.38045,51.430871965576785], [-29.090000000000003,177.09], [14.296451999999999,48.923548], 1.0","time, depth, gap, depthError, status",1.0,0.001903968584518355,0.2857142857142857,1,55.08,9879,9331,0.3125,0.000566293925804483,2,7
"[-19.193343666667005,84.834010333333], [-133.434867666667,-0.26646566666700267], [-172.38045,51.430871965576785], [-77.54,223.0274996907441], [-29.090000000000003,177.09], [-0.9799999999999999,1.2599999999999998], [1784572630.9662864,1787103090.556], [23.657318751804787,48.923548], 1.0","latitude, longitude, depth, nst, gap, rms, updated, depthError, status",4,0.0,0.0,1,61.0,9331,9331,0.5625,0.0006271592134000267,0,6
"[7.899977,144.30681446552546], [-248.92237866667,-26.50799600000002], [-43.95,151.67000000000002], [-11.569700000000001,11.530264999999998], [6.0,12.0], [-11.527909364883831,13.20573063511617], [9.07887490385966,11.34]","latitude, longitude, gap, dmin, net, depthError, locationSource",1.0,0.10737418240000002,0.64,1,73.9977322159614,9979,9333,0.4375,0.0007607927791794781,16,25
"[28.136266333332998,148.50419828222147], [-94.97,24.66671638479137], [30.53,243.47], [-1.446,1.466], [0.7999999999999998,9.08]","latitude, nst, gap, rms, locationSource",0.0,0.14995078952820548,0.6842105263157895,1,105.83613490405934,9989,9335,0.3125,0.0010704781237307354,143,209
"[-202.86498333332997,-93.038642], [-235.26459999999994,239.10739999999996], [-77.54,113.54], [-43.95,236.05], [-0.976,3.9694770788823828], [6.0,13.620000000000001], [1785384284.148,1787103090.556], [-20.00727172341735,20.84272827658265], 1.0","longitude, depth, nst, gap, rms, net, updated, horizontalError, status",1.0,0.10979242280002384,0.6428571428571429,1,79.99429058516633,9979,9342,0.5625,0.0008224451862276405,45,70
"[-3.7128793333329995,144.30681446552546], [-191.31744066667,-54.54989266667002], [-33.09,141.95], [-12.153185,12.353185], [1785602281.2199998,1787103090.556], [1502.08,4673.92], 0.0, [-22.6177875,0.8447237518166233], 1.0, [5.9399999999999995,14.280000000000001]","latitude, longitude, gap, dmin, updated, place, type, depthError, status, locationSource",1.0,0.07775999999999998,0.6,1,67.92681752576,9826,9342,0.625,0.0006983758925938162,9,15
"[-224.6575,395.72165881523836], [30.53,243.47], [-12.215005,6.251736978542409], [1786215189.952,1787562212.9280002], 0.0, [0.7999999999999998,4.34]","depth, gap, dmin, updated, type, locationSource",0.0,0.187646523947929,0.7155963302752294,1,101.8596812273489,9989,9343,0.375,0.0010109045861647742,78,109
"[30.708998,98.107002], [-113.05830208052443,105.25], [6.329999999999998,151.67000000000002], [-11.364195,12.364195], [-0.976,3.9694770788823828], [1786023226.29,1787966047.8899999], 0.0, [4.5563741013800545,16.310000000000002], [-3.0,3.0]","latitude, nst, gap, dmin, rms, updated, type, horizontalError, locationSource",1.0,0.3787874412704941,0.8235294117647058,1,60.967144733900795,9875,9351,0.5625,0.0006268214185993246,14,17
"[-12.298055000000005,82.938255], [-46.80233399999998,161.94813399999998], [6.9399999999999995,13.06], [-20.07,40.214999999999996], [7.18,12.82]","latitude, longitude, net, horizontalError, locationSource",4,0.401877572016461,0.8333333333333334,1,74.04797143583552,9986,9353,0.3125,0.0007357293593124139,30,36
"[28.136266333332998,148.50419828222147], [-94.97,24.66671638479137], [8.61,113.39], [-1.006,1.066], 0.0, [0.9199999999999999,9.08]","latitude, nst, gap, rms, type, locationSource",0.0,0.10255278437793762,0.6341463414634146,1,105.56375956392401,9989,9357,0.375,0.0010661025421715954,78,123
"[28.136266333332998,148.50419828222147], [-94.97,24.66671638479137], [-60.67999999999999,182.68], [-1.006,1.066], 0.0, [0.9199999999999999,9.08]","latitude, nst, gap, rms, type, locationSource",0.0,0.1406790278369715,0.675531914893617,1,104.67008724303723,9989,9357,0.375,0.0010517461172278267,127,188
"[-7.779780000000001,9.335780000000002], [1.5799999999999996,8.42], [-13.003502000000001,14.203502], [8.92,10.614989381920884]","dmin, net, depthError, locationSource",2.0,0.007775999999999998,0.6,1,33.2,9361,9361,0.25,0.0003413391128668998,0,0
"[-201.00324999999998,253.60325], [0.6353308550880181,1.2919999999999998], [-3.4200000000000004,3.4200000000000004], [1785385655.016,1786758582.28], 0.0, [-16.75,73.675], 1.0","depth, rms, net, updated, type, horizontalError, status",2.0,0.023078380428451596,0.47058823529411764,1,56.327786736484164,9931,9362,0.4375,0.006374397363334866,16,34
"[-42.82,105.25], [179.39999999999998,314.6], [-1.482,1.604], [-1.2000000000000002,7.2], [-16.215,20.97], [-21.709446485999997,23.429446514], 0.0","nst, gap, rms, net, horizontalError, depthError, status",1.0,1.0,1.0,1,58.4,9966,9363,0.4375,0.000600427837091173,5,5
"[-252.54710496387,-58.193220963870004], [-172.38045,161.32399999999996], [179.39999999999998,314.6], 0.0, [-16.215,20.97], 0.0","longitude, depth, gap, type, horizontalError, status",1.0,1.0,1.0,1,58.4,9966,9363,0.375,0.000600427837091173,5,5
"[1784534165.64312,1787046005.37635], [-202.86498333332997,-26.50799600000002], [-43.95,151.67000000000002], [-11.569700000000001,11.530264999999998], [-1.538,1.878], [6.0,12.0], [7.46,14.54]","time, longitude, gap, dmin, rms, net, locationSource",1.0,0.13746212943750738,0.6724137931034483,1,81.75695820704226,9979,9367,0.4375,0.0008405676983460242,39,58
"[-28.086936385033603,21.023880000000005], [138.85900000000004,323.337], [-6.770000000000003,184.25660444467965], [-5.20584,12.87475], 1.0, [8.5,11.5]","latitude, depth, nst, dmin, status, locationSource",4,0.13168724279835387,0.6666666666666666,1,35.333333333333336,9996,9370,0.375,0.00040097064463280396,2,3
"[24.766114333333,148.50419828222147], [-94.97,24.66671638479137], [5.840000000000003,222.16], [-12.215005,12.291365], [-0.8839999999999999,1.2439999999999998], [-2.38,6.38], 0.0, [-30.610000000000003,32.09], [-18.705253000000003,22.105253], [0.7999999999999998,7.490452798138776]","latitude, nst, gap, dmin, rms, net, type, horizontalError, depthError, locationSource",0.0,0.24235354248336288,0.7531645569620253,1,109.02138678460794,9989,9372,0.625,0.0011216476950392862,119,158
"[1784764004.15635,1785669994.9616501], [-89.63731999999999,54.32852], [-17.980000000000004,123.98], [7.78,12.219999999999999], [1786229924.189,1787913702.9090002]","time, longitude, gap, net, updated",5.0,1.0,1.0,1,34.0,9374,9374,0.3125,0.0003495641517311624,1,1
"[-197.1888352854247,171.84699999999998], [11.924999999999997,73.675], 1.0, [-1.7999999999999998,1.7999999999999998]","depth, horizontalError, status, locationSource",2.0,0.4234790289079717,0.8421052631578947,1,55.73724857601229,9831,9376,0.25,0.0005730512946559611,16,19
"[-42.365,50.365], [-13.114555000000001,9.335780000000002], [1.5799999999999996,8.42], [-110.27999999999997,1178.28], 0.0, [5.08,9.14]","nst, dmin, net, place, type, locationSource",2.0,0.0,0.0,1,40.0,9381,9381,0.375,0.00041125194321313223,0,2
"[28.136266333332998,148.50419828222147], [-94.97,24.66671638479137], [30.53,243.47], [-1.006,1.066], [0.7999999999999998,6.9446866724096905]","latitude, nst, gap, rms, locationSource",0.0,0.22059995870325735,0.7391304347826086,3,109.01966556780071,9989,9386,0.3125,0.0033648601335057498,119,161
"[1787078453.15098,1788062100.31102], [-9.786215,12.386215000000002], [-1.3079999999999998,0.8999999999999999], [-3.1928719622211976,4.0200000000000005], [1786982957.06,1788407692.9], [1067.48,2752.52], [3.974999999999998,56.22500000000001], 1.0","time, dmin, rms, net, updated, place, horizontalError, status",3.0,0.0,0.0,1,52.5,9391,9391,0.5,0.000539768175467236,0,2
"[1787078453.15098,1788062100.31102], [48.55831700000003,304.09768299999996], [-41.985,61.985], [-9.786215,14.042175], [-0.49999999999999994,2.108], [1067.48,2752.52], [-1.62,1.62]","time, longitude, nst, dmin, rms, place, locationSource",3.0,0.028497378600823048,0.7666666666666666,1,51.269696,9391,9391,0.4375,0.0005271190526986638,0,0
"[-52.507685334963455,21.023880000000005], [-118.96149999999996,368.5875], [-74.54,116.54], [-4.85486,12.87475], 0.0, 1.0, [8.5,11.5]","latitude, depth, nst, dmin, type, status, locationSource",4,0.47611301541420215,0.8620689655172413,1,56.62932347840339,9996,9393,0.4375,0.0006558096387920284,25,29
"[1784329262.33402,1786638451.01598], [-46.80233399999998,161.94813399999998], [-295.9297425600585,182.21349999999998], [-16.96,88.77000000000001], [63.359999999999985,252.64000000000001], [-10.635135,17.761135], [-0.05400000000000005,1.514], [664.76,3539.24], 0.0, [8.5,11.5]","time, longitude, depth, nst, gap, dmin, rms, place, type, locationSource",4.0,1.0,1.0,1,91.64928,9986,9396,0.625,0.0009619347452532449,9,9
"[-46.80233399999998,161.94813399999998], [-0.05400000000000005,1.514], [-1286.1599999999999,2282.16], [-17.735,40.214999999999996], [-16.3137875,30.061787499999998]","longitude, rms, place, horizontalError, depthError",1,0.0,0.0,1,82.33007308799999,9396,9396,0.3125,0.00084646006355798,0,13
"[34.450803,79.871197], [-224.630898,-131.05310200000002], [-201.00324999999998,253.60325], [10.607030520954396,136.755], 0.0, 1.0","latitude, longitude, depth, nst, type, status",2.0,0.02001296826554886,0.4573643410852713,1,64.09226448576968,9952,9399,0.375,0.00836403580513015,59,129
"[34.450803,79.871197], [-224.630898,-131.05310200000002], [-201.00324999999998,253.60325], [10.607030520954396,136.755], [186.54,378.57], [-0.886,1.42], [-1094.4600000000003,1730.4600000000003], 0.0, 1.0","latitude, longitude, depth, nst, gap, rms, place, type, status",2.0,0.16806999999999994,0.7,2,64.067712,9861,9399,0.5625,0.0013173985528609656,7,10
"[-7.395038666667006,78.109342666667], [-248.92237866667,4.960517045409972], [-281.62391018879293,95.47049999999999], [-33.09,173.09], [-5.834735000000001,4.9029750000000005], [-0.596,0.916], 2.0, [-16.215,20.97]","latitude, longitude, depth, gap, dmin, rms, type, horizontalError",1.0,0.0,0.0,1,57.0,9400,9400,0.5,0.0005860340190787135,0,1
"[30.53,243.47], [-1.006,1.066], 0.0, [0.7999999999999998,6.9446866724096905]","gap, rms, type, locationSource",0.0,0.07028888115916798,0.588,1,88.22075820062364,9989,9402,0.25,0.0009530434099792515,147,250
"[28.136266333332998,148.50419828222147], [-94.97,24.66671638479137], [30.53,243.47], [-10.295425000000002,10.321045000000002], [-1.006,1.066], [0.7999999999999998,6.9446866724096905]","latitude, nst, gap, dmin, rms, locationSource",0.0,0.20593668927730335,0.7290322580645161,1,109.01966556780073,9989,9402,0.375,0.0011216200445019167,113,155
"[1784909457.75998,1786397918.1568801], [-44.818801273367555,50.390023], [-248.92237866667,-15.042915589976062], [-113.05830208052443,105.25], [154.06,241.94], [-11.420145,10.940410000000002], [5.42028878542064,7.88], [1784544018.416,1786124179.9840002], [-1113.5,4002.08], 0.0, [-17.731059499999997,23.7577875], [3.6999999999999997,10.3]","time, latitude, longitude, nst, gap, dmin, net, updated, place, type, depthError, locationSource",1.0,0.0,0.0,1,29.5,9408,9408,0.75,0.000303298308119685,0,2
"[-239.27179733332997,-73.08353733333], [-224.6575,204.89074999999997], [30.53,243.47], [-0.8839999999999999,1.2439999999999998], [1786541157.4459999,1787991797.5740001], 1.0, [0.7999999999999998,4.34]","longitude, depth, gap, rms, updated, status, locationSource",0.0,0.19035072991153335,0.7176470588235294,1,101.78191270945102,9967,9409,0.4375,0.0010099051344739521,61,85
"[1787164417.6184,1788199835.6816], [-183.83074999999997,236.5375], [2109.84,8013.594011493831], 0.0, 1.0, [0.7999999999999998,4.34]","time, depth, place, type, status, locationSource",0.0,0.22059995870325735,0.7391304347826086,1,96.63004075284864,9915,9409,0.375,0.0009934823008093292,17,23
"[34.450803,79.871197], [-224.630898,-131.05310200000002], [-201.00324999999998,253.60325], [10.607030520954396,136.755], [186.54,378.57], [-0.886,1.2919999999999998], [-4.140000000000001,4.140000000000001], 0.0, 1.0","latitude, longitude, depth, nst, gap, rms, net, type, status",2.0,0.46266436603796024,0.8571428571428571,2,82.2087729515375,9952,9412,0.5625,0.001690425881274349,30,35
"[-3.7128793333329995,144.30681446552546], [-248.92237866667,-54.54989266667002], [10.749500000000012,182.0505], [-113.05830208052443,105.25], [1248.1799999999998,4667.82], 0.0, [4.5563741013800545,16.310000000000002], [-17.731059499999997,27.380475999999998], [-3.0,3.0]","latitude, longitude, depth, nst, place, type, horizontalError, depthError, locationSource",1.0,0.06391305182160717,0.5769230769230769,1,67.22026634502734,9934,9413,0.5625,0.0006911116289424202,15,26
"[-252.54710496387,-58.193220963870004], [-172.38045,138.08425], [-35.25,105.25], [-0.976,1.604], [1785845858.03,1787011550.99], 0.0, [-16.215,20.97], 0.0, [-4.32,4.32]","longitude, depth, nst, rms, updated, type, horizontalError, status, locationSource",1.0,0.2373046875,0.75,2,63.75,9862,9415,0.5625,0.001310865568991859,3,4
"[1785205436.74628,1786965647.4537199], [-172.38045,138.08425], [-35.25,105.25], [1786354574.852,1787183512.068], [2401.0,4879.0], 0.0, [-16.215,20.97], 0.0, [-4.32,4.32]","time, depth, nst, updated, place, type, horizontalError, status, locationSource",1.0,1.0,1.0,1,58.0,9437,9415,0.5625,0.0005963153176590418,1,1
"[28.136266333332998,104.40165631328317], [-82.19624999999999,82.51624999999999], [-93.565,111.565], [-1.7479999999999998,2.2279999999999998], [2109.84,6166.735453024128], [-7.9176035,8.7776035], [0.7999999999999998,4.34]","latitude, depth, nst, rms, place, depthError, locationSource",0.0,0.3137972914145376,0.7931034482758621,1,102.72649395039578,9942,9418,0.4375,0.0010561617564143085,69,87
"[9.529149000000004,116.486851], [-273.319964,-28.578036000000026], [63.675,246.325], [-40.60000000000001,94.60000000000001], [1786667919.6629999,1787885421.1990001], [2569.92,4354.08], 0.0, [-19.0,22.799999999999997], [-18.538153,22.272353000000003]","latitude, longitude, nst, gap, updated, place, type, horizontalError, depthError",3.0,0.0015088388150337464,0.2727272727272727,2,40.375808,9867,9421,0.5625,0.0008302314749400165,3,11
"[34.450803,79.871197], [-201.00324999999998,253.60325], [186.54,301.46], [-0.886,1.2919999999999998], 0.0","latitude, depth, gap, rms, type",2.0,0.06092699470458736,0.5714285714285714,1,66.92699297480452,9952,9431,0.3125,0.0007650184854538385,40,70
"[7.899977,144.30681446552546], [-248.92237866667,-26.50799600000002], [-43.95,151.67000000000002], [-11.569700000000001,11.530264999999998], [6.0,12.0], [-11.527909364883831,13.20573063511617], 1.0, [9.07887490385966,11.34]","latitude, longitude, gap, dmin, net, depthError, status, locationSource",1.0,0.07775999999999998,0.6,1,73.80682012415755,9979,9432,0.5,0.0007588299549610478,12,20
"[-44.413917999999995,168.96547099999998], [-5.286730000000001,17.119145], [-1.1119999999999997,2.472], [2.2109961800324527,11.620000000000001], [1786708472.424,1787718739.656], [842.8400000000001,4411.16], 0.0, [-15.982548000000001,24.188888999999996], 1.0","longitude, dmin, rms, net, updated, place, type, depthError, status",5.0,5.292214940134463e-07,0.05555555555555555,1,66.81522771656704,9992,9434,0.5625,0.000642776862146422,1,18
"[-18.105975,18.523375], [174.28368999999998,212.84749663168822], [33.019999999999996,174.98000000000002], [-10.499144999999999,15.71873], [8.379999999999999,12.82]","latitude, longitude, gap, dmin, net",5.0,0.00019783973693847658,0.28125,1,77.62774370304,9434,9434,0.3125,0.0007981140111281548,0,0
"[1784513187.5504398,1786751920.06107], [-46.80233399999998,161.94813399999998], [-120.85749999999999,182.21349999999998], [63.359999999999985,252.64000000000001], [-1.286,3.29673232704802], [6.9399999999999995,13.06], [1786196010.576,1786999043.504]","time, longitude, depth, gap, rms, net, updated",4.0,1.0,1.0,1,77.0,9507,9435,0.4375,0.0007916599906852796,2,2
"[1784513187.5504398,1786751920.06107], [-46.80233399999998,161.94813399999998], [-120.85749999999999,182.21349999999998], [63.359999999999985,252.64000000000001], [-1.286,1.514], [6.9399999999999995,13.06], [-17.735,40.214999999999996], [-35.88144248944158,30.061787499999998], [7.18,12.82]","time, longitude, depth, gap, rms, net, horizontalError, depthError, locationSource",4,1.0,1.0,1,85.878962601984,9986,9435,0.5625,0.0008877768001629129,16,16
"[4.534468666666996,79.871197], [-166.323825,-76.34517500000001], [-118.04699999999997,253.60325], 2.0, [-23.96,25.439999999999998], 1.0, [8.219999999999999,15.780000000000001]","latitude, longitude, depth, type, horizontalError, status, locationSource",2.0,0.00012860082304526745,0.16666666666666666,1,36.68,9899,9440,0.4375,0.00037711803192644225,1,6
"[34.450803,83.653864666667], [15.921218986447855,136.755], [114.22999999999999,225.77], [-11.653185,12.853185], [-0.992,1.472], [1786241253.648,1787743702.352], [-17.01,20.99], [10.277235499999996,52.9427645]","latitude, nst, gap, dmin, rms, updated, horizontalError, depthError",5,0.0,0.0,1,69.0,9440,9440,0.5,0.0007094096020426532,0,3
"[28.136266333332998,52.769436], [-129.54274999999996,167.59249999999997], [-108.04622669723001,168.46], 0.0, [-12.425,13.225000000000001], 1.0","latitude, depth, gap, type, horizontalError, status",0.0,0.018133251487416305,0.4484304932735426,1,80.39435721356244,9989,9443,0.375,0.011172931057240732,100,223
"[1787070015.16577,1788027776.87423], [28.136266333332998,52.769436], [-260.23912933332997,92.51438416290344], [-161.83249999999998,153.76274999999998], [-94.97,24.66671638479137], [-0.514,1.054], [1786747473.8419998,1788094496.818], 0.0, 1.0","time, latitude, longitude, depth, nst, rms, updated, type, status",0.0,0.10255278437793762,0.6341463414634146,1,78.02561771564635,9938,9443,0.5625,0.0007045981819818716,26,41
"[-48.542555224535974,161.32399999999996], [68.77,295.23], [-5.834735000000001,7.0019350000000005], 2.0, [7.5600000000000005,16.439999999999998]","depth, gap, dmin, type, locationSource",1.0,0.07775999999999998,0.6,1,37.6,9727,9446,0.3125,0.00038657682662034435,3,5
"[28.136266333332998,104.40165631328317], [-82.19624999999999,82.51624999999999], [-93.565,111.565], [2109.84,6166.735453024128], [-7.9176035,8.7776035], [0.7999999999999998,4.34]","latitude, depth, nst, place, depthError, locationSource",0.0,0.30428418794287027,0.788235294117647,1,102.726493929759,9942,9447,0.375,0.0010561617562021355,67,85
"[-252.54710496387,-58.193220963870004], [-172.38045,138.08425], [-35.25,105.25], [-0.976,1.604], [-4.32,4.32], [1785845858.03,1787011550.99], 0.0, [-16.215,20.97], 0.0, [-4.32,4.32]","longitude, depth, nst, rms, net, updated, type, horizontalError, status, locationSource",1.0,0.03125,0.5,1,77.0,9862,9448,0.625,0.0007916599906852796,1,2
"[1784534165.64312,1787320257.4858701], [-3.7128793333329995,83.074784], [-248.92237866667,-54.54989266667002], [-129.33849999999995,147.37849999999997], [-77.54,78.0705890966795], [-33.09,141.95], [-10.45817,10.547290000000002], [2.12,7.88], [-84.22000000000003,4456.5599999999995], 1.0","time, latitude, longitude, depth, nst, gap, dmin, net, place, status",1.0,0.036280637324889,0.5151515151515151,1,84.83289533965987,9987,9453,0.625,0.0008332079435177733,17,33
"[1784808407.8650298,1785921482.28297], [-200.83199999999997,72.31979571935472], [-55.640000000000015,133.64000000000001], [-8.018245,6.648365000000001], [6.1,13.9], [3784.12,7582.6176595496945], 0.0, [-13.527525,17.389525], 1.0, [6.9399999999999995,13.06]","time, depth, gap, dmin, net, place, type, depthError, status, locationSource",5.0,0.0,0.0,1,56.0,9455,9455,0.625,0.0005757527204983851,0,2
"[1784564584.98544,1786221253.8865602], [-224.630898,-131.05310200000002], [-120.18149999999999,130.18149999999997], [10.607030520954396,136.755], [186.54,378.57], [-0.886,1.2919999999999998], [-4.140000000000001,4.140000000000001], [3440.82,4977.18], 0.0, 1.0","time, longitude, depth, nst, gap, rms, net, place, type, status",2.0,1.0,1.0,2,78.85098239999999,9952,9461,0.625,0.0016213809868132244,11,11
"[72.14825477588737,79.871197], [-224.630898,-131.05310200000002], [-201.00324999999998,253.60325], [186.54,378.57], 0.0, 1.0","latitude, longitude, depth, gap, type, status",2.0,0.1,1.0,1,75.0,9461,9461,0.375,0.0007710973935246229,0,0
"[1784534165.64312,1787046005.37635], [-202.86498333332997,-93.038642], [-77.54,113.54], [-43.95,236.05], [-0.976,1.878], [6.0,13.620000000000001], [7.46,14.54]","time, longitude, nst, gap, rms, net, locationSource",1.0,0.05066085667059094,0.5507246376811594,1,77.15151008634633,9979,9463,0.4375,0.0007932177111209376,38,69
"[1785948328.55213,1787320257.4858701], [36.189215999999995,144.30681446552546], [-248.92237866667,-54.54989266667002], [-113.05830208052443,105.25], [-33.09,118.08], [-11.469700000000001,11.8697], [-0.8039999999999999,1.604], [-3.0,2.4000000000000004], [-2.88,2.88]","time, latitude, longitude, nst, gap, dmin, rms, net, locationSource",1.0,0.03525146660039371,0.5121951219512195,1,101.33941015481551,9925,9473,0.5625,0.0010419007337560127,21,41
"[1784936170.74329,1786204557.87071], [-73.63419,28.927990000000005], [457.14424999999994,661.38775], [-7.717165000000001,18.345165], [-1.016,2.456], [6.46,13.54], [-15.200423500000003,26.2284235], 1.0","time, latitude, depth, dmin, rms, net, depthError, status",5.0,0.0009765625,0.25,1,40.0,9478,9478,0.5,0.00041125194321313223,1,4
"[-12.298055000000005,82.938255], [-46.80233399999998,161.94813399999998], [-29.845,107.845], [63.359999999999985,252.64000000000001], [-10.551155000000001,11.7697], 0.0","latitude, longitude, nst, gap, dmin, type",4.0,1.0,1.0,3,82.53399610932897,9986,9481,0.375,0.0025343656532930635,25,25
"[1784534165.64312,1785636875.007363], [-69.47,143.47], [-11.469700000000001,11.8697], [2.9,7.1], 0.0, 0.0","time, gap, dmin, net, type, status",1.0,0.13168724279835387,0.6666666666666666,3,89.6976,9973,9487,0.375,0.002766623422616569,6,9
"[24.766114333333,148.50419828222147], [-94.97,24.66671638479137], [5.840000000000003,222.16], [-12.215005,12.291365], [-0.8839999999999999,1.2439999999999998], [-2.38,6.38], [1786827811.345,1788433877.201], [3060.52,6331.48], 0.0, [-30.610000000000003,32.09], [-18.705253000000003,22.105253], [0.7999999999999998,7.490452798138776]","latitude, nst, gap, dmin, rms, net, updated, place, type, horizontalError, depthError, locationSource",0.0,0.3882095537407485,0.8275862068965517,1,120.48973333121108,9915,9491,0.75,0.0012387909242423168,24,29
"[1784534165.64312,1785893104.9200199], [-405.7829721382727,-54.54989266667002], [27.828502625609133,107.94500000000001], [-63.25882918380863,118.08], [1784320030.786,1785733062.3000002], [-1654.8200000000002,1764.8200000000002], 1.0","time, longitude, nst, gap, updated, place, status",3,0.0,0.0,1,51.0,9495,9495,0.4375,0.0005243462275967436,0,5
"[-46.80233399999998,161.94813399999998], [-16.96,88.77000000000001], [63.359999999999985,252.64000000000001], [-1.286,1.514], [6.9399999999999995,13.06], [-16.3137875,30.061787499999998]","longitude, nst, gap, rms, net, depthError",4.0,1.0,1.0,1,83.98422795058937,9986,9507,0.375,0.0008634263843110598,22,22
"[1784513187.5504398,1786751920.06107], [-12.298055000000005,145.44920116046245], [-46.80233399999998,161.94813399999998], [-120.85749999999999,182.21349999999998], [63.359999999999985,252.64000000000001], [-10.551155000000001,11.7697], 0.0, [-17.735,40.214999999999996], [-16.3137875,30.061787499999998], [7.18,12.82]","time, latitude, longitude, depth, gap, dmin, type, horizontalError, depthError, locationSource",4,1.0,1.0,1,86.22685495296,9986,9507,0.625,0.0008922477815806587,15,15
"[36.189215999999995,196.78209408397018], [-248.92237866667,-54.54989266667002], [-113.05830208052443,105.25], [6.329999999999998,118.08], [-0.976,1.604], [-3.0,1.62], [4.5563741013800545,16.310000000000002], 1.0, [-2.88,3.0]","latitude, longitude, nst, gap, rms, net, horizontalError, status, locationSource",1.0,0.6472278485082303,0.9166666666666666,2,69.71167488,9934,9508,0.5625,0.001433453087952105,11,12
"[-6.807726916260002,84.03306108374], [-248.92237866667,-15.042915589976062], [-113.05830208052443,105.25], [2.12,7.88], [-142.07999999999993,1642.08], 0.0, 0.0","latitude, longitude, nst, net, place, type, status",1.0,0.0852316508323596,0.6111111111111112,1,69.96174718140416,9966,9513,0.4375,0.0007192976119734585,11,18
"[34.450803,79.871197], [-224.630898,-131.05310200000002], [-201.00324999999998,253.60325], [10.607030520954396,136.755], [186.54,378.57], [-4.140000000000001,4.2029417842099654], [3440.82,4977.18], 0.0, 1.0","latitude, longitude, depth, nst, gap, net, place, type, status",2.0,0.5549289573066435,0.8888888888888888,1,79.27909872418816,9952,9515,0.5625,0.0008150920851627034,16,18
"[1786632251.96788,1787357044.61212], [-75.82749999999999,121.82749999999999], [-27.680000000000007,129.68], [146.06,233.94], 0.0, [-21.875000000000004,22.775000000000002], [-7.906774,9.406774]","time, depth, nst, gap, type, horizontalError, depthError",4.0,2.2537480887159762e-05,0.11764705882352941,1,68.6234870636544,9640,9517,0.4375,0.0007055385601247279,2,17
"[24.766114333333,148.50419828222147], [-94.97,24.66671638479137], [5.840000000000003,222.16], [-12.215005,12.291365], [-0.8839999999999999,1.2439999999999998], [-2.38,6.38], 0.0, [-30.610000000000003,32.09], [-18.705253000000003,22.105253], 1.0, [0.7999999999999998,7.490452798138776]","latitude, nst, gap, dmin, rms, net, type, horizontalError, depthError, status, locationSource",0.0,0.4120254843139649,0.8375,1,113.81440861000635,9989,9519,0.6875,0.0011986453333032725,67,80
"[-248.92237866667,-54.54989266667002], [-172.38045,182.0505], [-113.05830208052443,105.25], [6.329999999999998,151.67000000000002], [0.8331671588853946,1.98], 0.0, [-16.215,20.97], [-17.731059499999997,27.380475999999998], [-3.0,4.32]","longitude, depth, nst, gap, rms, type, horizontalError, depthError, locationSource",1.0,0.21208362139917689,0.7333333333333333,1,36.8049148928,9918,9522,0.5625,0.00037840231923644876,11,15
"[1785247563.1918535,1786397918.1568801], [-3.7128793333329995,144.30681446552546], [-35.25,105.25], [-1.38,1.604], [1248.1799999999998,4667.82], 0.0, [-4.32,3.0]","time, latitude, nst, rms, place, status, locationSource",1.0,0.0,0.0,1,87.0,9522,9522,0.4375,0.0008944729764885626,0,1
"[1784534165.64312,1785636875.007363], [14.916258,108.40050300000001], [-405.7829721382727,-54.54989266667002], [-61.92,117.92], [-12.153185,12.353185], [6.0,13.620000000000001], [1785602281.2199998,1787103090.556], [-20.00727172341735,35.309999999999995], [-19.117741486,16.89408347072318]","time, latitude, longitude, nst, dmin, net, updated, horizontalError, depthError",1.0,0.004115226337448558,0.3333333333333333,1,62.28,9525,9525,0.5625,0.0006403192755828469,2,6
"[-18.105975,18.523375], [-41.53,160.26], [-5.286730000000001,16.333295], [-1.1119999999999997,2.472], [7.18,12.82], [1784287588.5249455,1786833685.568], [4115.26,4575.06], [-7.724999999999999,19.825], 1.0, [7.6,12.4]","latitude, gap, dmin, rms, net, updated, place, horizontalError, status, locationSource",5.0,0.0,0.0,1,76.0,9526,9526,0.625,0.0007813786921049513,0,3
"[-16.032516161132996,90.92518583886701], [-79.30625004768369,85.40624995231629], [-56.3,112.3], [-1.7599999999999998,1.88], [2.2399999999999998,7.76], [1786879260.264,1788303996.104], [817.5,2056.5], [-10.24764956,13.867649440000001], 0.0","latitude, depth, nst, rms, net, updated, place, depthError, status",2.0,0.0,0.0,1,67.0,9527,9527,0.5625,0.0006888470048819965,0,2
"[-94.97,24.66671638479137], [5.840000000000003,243.47], [-12.215005,12.291365], [-0.8839999999999999,1.2439999999999998], [1786827811.345,1787562212.9280002], [0.7999999999999998,7.490452798138776]","nst, gap, dmin, rms, updated, locationSource",0.0,0.1590361251087416,0.6923076923076923,1,106.17778799087702,9975,9528,0.375,0.001066399267336734,36,52
"[24.766114333333,148.50419828222147], [-260.23912933332997,-73.08353733333], [-94.97,24.66671638479137], [-12.215005,12.291365], [-0.8839999999999999,1.2439999999999998], 0.0, [-30.610000000000003,32.09], 1.0, [0.7999999999999998,4.34]","latitude, longitude, nst, dmin, rms, type, horizontalError, status, locationSource",0.0,0.44370531249999995,0.85,1,97.3712934843688,9989,9532,0.5625,0.0012304484138867995,68,80
"[-202.86498333332997,-54.54989266667002], [-43.95,141.95], [-12.153185,12.353185], [6.0,11.821186092069425], [1785602281.2199998,1787103090.556], [-20.00727172341735,20.84272827658265], 1.0","longitude, gap, dmin, net, updated, horizontalError, status",1.0,0.17525145137855438,0.7058823529411765,1,82.59323588908565,9979,9533,0.4375,0.0008491657188911772,24,34
"[-202.86498333332997,-54.54989266667002], [-12.153185,12.353185], [6.0,13.620000000000001], [1785602281.2199998,1787103090.556], [2918.16,4305.84], [-20.00727172341735,20.84272827658265], 1.0","longitude, dmin, net, updated, place, horizontalError, status",1.0,0.05292214940134466,0.5555555555555556,1,52.1904,9826,9533,0.4375,0.0005365850854267664,5,9
"[-283.37715299999996,-63.82924700000001], [171.60000000000002,374.4], [-13.420145,14.198144999999998], [-0.8039999999999999,1.6919999999999997], [6.58,16.82742818284668], [1784901910.6999998,1787485689.832], [3667.8999999999996,5898.1], 1.0","longitude, gap, dmin, rms, net, updated, place, status",3.0,0.07775999999999998,0.6,1,36.2,9943,9537,0.5,0.0003721830086078847,3,5
"[-141.9955,161.07549999999998], [-8.175000000000004,78.0705890966795], [-43.95,141.95], [-10.84303,10.940410000000002], [2.12,7.88], [-84.22000000000003,2344.2200000000003], [-34.99,20.84272827658265], [-17.731059499999997,26.09387081109015], 1.0","depth, nst, gap, dmin, net, place, horizontalError, depthError, status",1.0,0.05292214940134466,0.5555555555555556,1,76.85376,9987,9538,0.5625,0.0007306631024679079,5,9
"[-248.92237866667,-54.54989266667002], [-77.54,95.25], [-43.95,141.95], [-34.99,20.84272827658265], 1.0","longitude, nst, gap, horizontalError, status",1.0,0.02438662120096358,0.47580645161290325,1,78.14881968511118,9988,9539,0.3125,0.007678823427279658,118,248
"[1786627738.21572,1787456072.66628], [8.008367,94.453633], [99.81,272.19], [-0.8179999999999998,2.878], [7.6,12.4], 1.0, [8.26,10.18]","time, latitude, gap, rms, net, status, locationSource",3,0.004115226337448558,0.3333333333333333,2,40.0,9642,9550,0.4375,0.0008225038864262645,1,3
"[1786764856.20591,1788602723.26809], [-5.876806176024999,83.498807823975], [-42.985,60.985], [2427.0,4905.0], 0.0, [-16.234377519,22.010967100000002], 0.0, [1.5799999999999996,8.42]","time, latitude, nst, place, type, depthError, status, locationSource",1.0,0.0063582343481257495,0.36363636363636365,1,90.8443776,9961,9552,0.5,0.0009339981704496886,4,11
"[1786764856.20591,1788602723.26809], [-5.876806176024999,83.498807823975], [-42.985,60.985], [-30.230000000000004,196.23000000000002], [1786315506.081,1788025189.089], [2427.0,4905.0], 0.0, [-16.234377519,22.010967100000002], 0.0, [1.5799999999999996,8.42]","time, latitude, nst, gap, updated, place, type, depthError, status, locationSource",1.0,0.0024299999999999994,0.3,1,92.83667200000001,9961,9552,0.625,0.0009544815440360047,3,10
"[34.450803,79.871197], [-224.630898,-131.05310200000002], [-201.00324999999998,253.60325], [10.607030520954396,13.6393940072508], [186.54,378.57], [-0.886,1.42], [-1094.4600000000003,1730.4600000000003], 0.0, 1.0","latitude, longitude, depth, nst, gap, rms, place, type, status",2.0,1.0,1.0,1,50.0,9819,9554,0.5625,0.0005140649290164153,1,1
"[1784534165.64312,1787046005.37635], [-202.86498333332997,-93.038642], [-0.976,1.878], [7.46,14.54]","time, longitude, rms, locationSource",1.0,0.03381015364324406,0.5079365079365079,1,74.53186899244932,9979,9555,0.25,0.0007662843988612845,32,63
"[1784534165.64312,1787046005.37635], [-202.86498333332997,-26.50799600000002], [-77.54,113.54], [-43.95,236.05], [-11.569700000000001,11.530264999999998], [-1.538,1.878], [6.0,13.620000000000001], [7.46,14.54]","time, longitude, nst, gap, dmin, rms, net, locationSource",1.0,0.03389684629935409,0.5081967213114754,1,67.32132764745322,9979,9555,0.5,0.0007932192478971738,31,61
"[-19.35624999999999,145.35625], [73.05296480757335,136.755], [-1.5,1.5], [1785733639.2589998,1787054757.947], [2453.3999999999996,5922.6], 0.0, [-7.6952560000000005,12.091656], [-3.4799999999999995,3.4799999999999995]","depth, nst, net, updated, place, type, depthError, locationSource",0,0.0,0.0,1,79.5,9558,9558,0.5,0.0008173632371361003,0,2
"[34.450803,79.871197], [-224.630898,-131.05310200000002], [-201.00324999999998,253.60325], [10.607030520954396,136.755], [186.54,378.57], [-0.886,1.2919999999999998], [-4.140000000000001,4.140000000000001], 0.0, [-4.729679,18.767279], 1.0","latitude, longitude, depth, nst, gap, rms, net, type, depthError, status",2.0,0.4182119423999999,0.84,1,82.27327599047136,9952,9563,0.625,0.0008458761156397921,21,25
"[10.211272527343997,67.353058527344], [-172.38045,161.32399999999996], [-38.09,168.09], [-1.482,1.604], [1784828229.634,1786537912.642], [-16.215,20.97], [-14.26603661,18.50603639], 0.0","latitude, depth, gap, rms, updated, horizontalError, depthError, status",1.0,0.03748187928181567,0.5185185185185185,1,89.15669195116791,9973,9565,0.5,0.0009166465703843108,14,27
"[-115.235544,-14.459455999999996], [171.60000000000002,412.6750068807053], [-13.420145,14.198144999999998], [-0.8039999999999999,1.6919999999999997], [1784901910.6999998,1787485689.832], [3667.8999999999996,5898.1], [4.4863965,21.1816035], 1.0","longitude, gap, dmin, rms, updated, place, depthError, status",3.0,1.0,1.0,1,27.0,9943,9569,0.5,0.00027759506166886424,1,1
"[-283.37715299999996,-63.82924700000001], [171.60000000000002,374.4], [-0.8039999999999999,1.6919999999999997], [6.58,16.82742818284668], [1784901910.6999998,1787485689.832]","longitude, gap, rms, net, updated",3.0,0.016028404235839844,0.4375,1,36.863322537984,9943,9569,0.3125,0.0003790028256759593,7,16
"[1784534165.64312,1786751556.1701884], [36.189215999999995,180.8852276439589], [-248.92237866667,-54.54989266667002], [10.749500000000012,182.0505], [6.329999999999998,151.67000000000002], [-0.976,1.98], 0.0, [-17.731059499999997,27.380475999999998], 1.0, [-1.6800000000000002,1.6800000000000002]","time, latitude, longitude, depth, gap, rms, type, depthError, status, locationSource",1.0,0.2373046875,0.75,1,67.19208532201347,9934,9570,0.625,0.0006908218914305155,18,24
"[1784534165.64312,1786689871.50386], [59.78184762606352,144.30681446552546], [-248.92237866667,-227.42663674252657], [-45.25,105.25], [-11.420145,10.940410000000002], [-1.482,1.98], [1785423603.711,1787103090.556], [1248.1799999999998,3574.18], [-11.125,22.125], [-3.0,5.797754686643749]","time, latitude, longitude, nst, dmin, rms, updated, place, horizontalError, locationSource",1.0,0.01765140646801405,0.7068965517241379,1,69.00124158007586,9570,9570,0.625,0.0007094223670981244,0,0
"[1784513187.5504398,1786751920.06107], [-12.298055000000005,82.938255], [-46.80233399999998,161.94813399999998], [-120.85749999999999,182.21349999999998], [63.359999999999985,252.64000000000001], [-10.551155000000001,11.7697], [-1.286,1.514], [6.9399999999999995,13.06], [-17.735,40.214999999999996], [7.18,12.82]","time, latitude, longitude, depth, gap, dmin, rms, net, horizontalError, locationSource",4.0,1.0,1.0,1,86.35167744,9986,9575,0.625,0.0008938519531541554,13,13
"[-239.27179733332997,1.4229949909262132], [-12.215005,12.291365], [-0.8839999999999999,1.2439999999999998], [-0.6800000000000002,2.68], [1786541157.4459999,1787991797.5740001], [3739.26,6166.735453024128], [-16.468571,8.7776035], 1.0, [0.7999999999999998,4.34]","longitude, dmin, rms, net, updated, place, depthError, status, locationSource",0.0,0.34765472254481466,0.8095238095238095,1,111.08674937778339,9942,9576,0.5625,0.0011421160386710907,17,21
"[9.529149000000004,116.486851], [-273.319964,-28.578036000000026], [-121.23199999999997,300.43199999999996], [63.675,246.325], [-40.60000000000001,94.60000000000001], [1786667919.6629999,1787885421.1990001], [2569.92,4354.08], 0.0, [-19.0,22.799999999999997], [-18.538153,22.272353000000003]","latitude, longitude, depth, nst, gap, updated, place, type, horizontalError, depthError",3.0,5.949901826619859e-05,0.14285714285714285,1,40.128,9867,9585,0.625,0.00041256794943141426,1,7
"[1784534165.64312,1786397918.1568801], [24.183824,94.512176], [-248.92237866667,-54.54989266667002], [10.749500000000012,182.0505], [-113.05830208052443,105.25], [-0.976,1.98], [1785384284.148,1786596552.731], [1248.1799999999998,5108.18], [-17.731059499999997,27.380475999999998], [-1.6800000000000002,1.6800000000000002]","time, latitude, longitude, depth, nst, rms, updated, place, depthError, locationSource",1.0,0.03943364769872244,0.5238095238095238,1,70.95906277710364,9934,9588,0.625,0.0007295513113916628,11,21
"[1786047092.38207,1787781417.63793], [28.136266333332998,148.50419828222147], [-94.97,24.66671638479137], [-12.215005,12.291365], [-0.8839999999999999,1.2439999999999998], 0.0, [-30.610000000000003,32.09], [0.7999999999999998,4.34]","time, latitude, nst, dmin, rms, type, horizontalError, locationSource",0.0,0.29209816617096457,0.7818181818181819,1,108.23539054735805,9989,9591,0.5,0.0012349669432761507,43,55
"[-52.507685334963455,21.023880000000005], [-280.94553399999995,-72.19506600000003], [443.78525,700.7367499999999], 0.0, [-0.4712624999999999,14.9872625], 1.0, [8.5,11.5]","latitude, longitude, depth, type, depthError, status, locationSource",4,1.0,1.0,2,46.333333333333336,9853,9597,0.4375,0.0009527336684437564,3,3
"[34.450803,79.871197], [-201.00324999999998,253.60325], [186.54,378.57], [-0.886,1.2919999999999998], [1785697158.2559998,1787277319.8240001], 0.0, 1.0","latitude, depth, gap, rms, updated, type, status",2.0,0.03597678110311178,0.5142857142857142,1,68.38827860911583,9952,9606,0.4375,0.0007478138328195632,18,35
"[-201.00324999999998,253.60325], [-76.35000000000001,136.755], [186.54,378.57], [-11.653185,12.853185], [1785697158.2559998,1787277319.8240001], [2889.74,6210.26], [11.924999999999997,73.675], 1.0","depth, nst, gap, dmin, updated, place, horizontalError, status",2.0,0.401877572016461,0.8333333333333334,1,64.47999999999999,9831,9608,0.5,0.0006629381324595691,5,6
"[1784586263.8074384,1787537748.12624], [34.450803,79.871197], [186.54,378.57], [-0.886,1.2919999999999998], [-1.98,1.98], 0.0, 1.0, [-2.8200000000000003,2.8200000000000003]","time, latitude, gap, rms, net, type, status, locationSource",2.0,0.06504222973314074,0.5789473684210527,1,66.3309062683423,9952,9608,0.5,0.0008066145614589145,22,38
"[120.05,374.4], [6.58,10.3], [2069.48,3754.52], [-29.125,30.725]","gap, net, place, horizontalError",3.0,0.0009765625,0.25,1,58.24640000000001,9851,9609,0.25,0.0005326535168496489,2,8
"[-3.7128793333329995,196.78209408397018], [-248.92237866667,-77.2142903247286], [6.329999999999998,118.08], [-3.0,1.62], 0.0, 1.0, [-3.0,3.0]","latitude, longitude, gap, net, type, status, locationSource",1.0,0.049881473747554805,0.5490196078431373,1,80.17353554508914,9988,9611,0.4375,0.0008242880571796259,28,51
"[1784534165.64312,1787129419.20056], [36.189215999999995,144.30681446552546], [136.32681797084194,182.0505], [-113.05830208052443,105.25], [-0.976,3.9694770788823828], [-3.0,3.0], [4.5563741013800545,16.310000000000002]","time, latitude, depth, nst, rms, net, horizontalError",1.0,1.0,1.0,1,10.0,9903,9611,0.4375,0.00010281298580328306,1,1
"[28.136266333332998,148.50419828222147], [-94.97,24.66671638479137], [-60.67999999999999,243.47], [-1.006,1.466], 0.0, 1.0, [0.7999999999999998,9.08]","latitude, nst, gap, rms, type, status, locationSource",0.0,0.1277682615167675,0.6626506024096386,1,107.52568555479314,9989,9613,0.4375,0.0010976199592100829,55,83
"[28.136266333332998,148.50419828222147], [-260.23912933332997,-73.08353733333], [-94.97,24.66671638479137], [53.95,168.46], [-12.215005,12.291365], [-0.8839999999999999,1.2439999999999998], [2380.08,5551.92], 0.0, 1.0, [0.7999999999999998,4.34]","latitude, longitude, nst, gap, dmin, rms, place, type, status, locationSource",0.0,0.512908935546875,0.875,1,140.2598957788554,9942,9621,0.625,0.001442053867348142,21,24
"[34.450803,79.871197], [-118.04699999999997,253.60325], [-11.653185,12.853185], [0.6353308550880181,1.2919999999999998], [-3.4200000000000004,3.4200000000000004], [1786969900.415,1787721124.7670002], [-16.75,73.675]","latitude, depth, dmin, rms, net, updated, horizontalError",2.0,0.019403791345598595,0.45454545454545453,1,38.42848,9946,9622,0.4375,0.0003950946768681747,5,11
"[1784513187.5504398,1786751920.06107], [-12.298055000000005,145.44920116046245], [-46.80233399999998,161.94813399999998], [-120.85749999999999,182.21349999999998], [63.359999999999985,252.64000000000001], [-10.551155000000001,11.7697], 0.0, [-17.735,16.58173637973725], [-16.3137875,30.061787499999998], [7.18,12.82]","time, latitude, longitude, depth, gap, dmin, type, horizontalError, depthError, locationSource",4,1.0,1.0,1,86.10001919999999,9986,9626,0.625,0.0008906177362721054,12,12
"[8.199215999999996,55.084784], [-185.503785,-23.542215], [-96.03409999999998,101.62089999999999], [-29.540000000000006,193.54000000000002], [-9.141265,9.141265], [-1.3319999999999999,2.532], [6.18,11.82], [2703.8,4686.2], 0.0, [-25.175,25.175], 0.0, [5.76,12.24]","latitude, longitude, depth, gap, dmin, rms, net, place, type, horizontalError, status, locationSource",2.0,1.0,1.0,1,26.0,9630,9630,0.75,0.00026731376308853597,1,1
"[1785948328.55213,1787046005.37635], [-249.702515,-22.907683333330013], [10.379999999999999,12.0], [1786313206.712,1787142143.928], [-1002.1400000000001,2120.1400000000003], 0.0, [-22.6177875,0.8447237518166233]","time, longitude, net, updated, place, type, depthError",1.0,1.0,1.0,1,94.33333333333333,9979,9636,0.4375,0.0009698691660776368,3,3
"[-28.086936385033603,21.023880000000005], [-280.94553399999995,-72.19506600000003], [-6.770000000000003,88.77000000000001], [-8.692419975493083,12.87475], [6.82,13.18], [-7.145,42.644999999999996], 1.0, [8.5,11.5]","latitude, longitude, nst, dmin, net, horizontalError, status, locationSource",4,1.0,1.0,1,50.016,9853,9645,0.5,0.0005142294297937006,7,7
"[24.766114333333,148.50419828222147], [-94.97,24.66671638479137], [5.840000000000003,243.47], [-12.215005,12.291365], [-2.38,10.528006066426563], [-18.705253000000003,22.105253], [0.7999999999999998,7.490452798138776]","latitude, nst, gap, dmin, net, depthError, locationSource",0.0,0.1800134415442498,0.7096774193548387,1,109.02138678203448,9989,9646,0.4375,0.0011216476949979448,66,93
"[1784534165.64312,1785636875.007363], [-69.47,143.47], [-11.469700000000001,11.8697], [2.9,7.1], [1784313275.7419999,1786230193.0540001], 0.0, 0.0","time, gap, dmin, net, updated, type, status",1.0,0.095367431640625,0.625,1,88.4688,9973,9653,0.4375,0.0009095741478433489,5,8
"[1784751466.4805,1786045739.0595], [-193.72632499999997,-103.747675], [98.58500000000001,219.415], [-0.19199999999999984,1.992], [1785135246.392,1786870833.688], 0.0, [-9.0260265,11.379226500000001], 1.0, [-1.6800000000000002,1.6800000000000002]","time, longitude, nst, rms, updated, type, depthError, status, locationSource",3.0,1.0,1.0,1,25.0,9656,9656,0.5625,0.00025703246450820764,1,1
"[1787070015.16577,1788027776.87423], [-260.23912933332997,92.51438416290344], [-129.54274999999996,153.76274999999998], [-94.97,24.66671638479137], [1786747473.8419998,1788094496.818], 0.0, 1.0, [6.5600000000000005,15.44]","time, longitude, depth, nst, updated, type, status, locationSource",0.0,0.004115226337448558,0.3333333333333333,1,60.310896639999996,9938,9658,0.5,0.0006200743360031592,4,12
"[24.766114333333,148.50419828222147], [-94.97,24.66671638479137], [-13.269755838743945,12.291365], [-0.8839999999999999,1.2439999999999998], [-2.38,6.38], 0.0, [-30.610000000000003,32.09], [0.7999999999999998,4.34]","latitude, nst, dmin, rms, net, type, horizontalError, locationSource",0.0,0.47611301541420215,0.8620689655172413,1,97.1919091276937,9989,9662,0.5,0.0012268462573797351,50,58
"[34.450803,79.871197], [-201.00324999999998,253.60325], [0.6353308550880181,1.2919999999999998], [-3.4200000000000004,3.4200000000000004], [1784676524.8519998,1786023547.828], 0.0, 1.0","latitude, depth, rms, net, updated, type, status",2.0,0.004115226337448558,0.3333333333333333,1,53.28,9931,9664,0.4375,0.0005477875883598922,2,6
"[1784534165.64312,1785636875.007363], [14.916258,108.40050300000001], [-405.7829721382727,-54.54989266667002], [6.329999999999998,118.08], [-11.420145,10.940410000000002], [1784320030.786,1786029713.794], [-34.99,35.309999999999995], [-19.117741486,16.89408347072318], 1.0, [4.92,13.08]","time, latitude, longitude, gap, dmin, updated, horizontalError, depthError, status, locationSource",1.0,0.2373046875,0.75,1,67.75,9919,9666,0.625,0.0006965579788172427,3,4
"[34.450803,79.871197], [-201.00324999999998,253.60325], [186.54,215.36955837094024], [-0.886,1.2919999999999998], [1785697158.2559998,1787277319.8240001], 0.0, 1.0","latitude, depth, gap, rms, updated, type, status",2.0,0.004115226337448558,0.3333333333333333,1,71.67072,9952,9669,0.4375,0.0007368680717871076,3,9
"[36.189215999999995,196.78209408397018], [-248.92237866667,-54.54989266667002], [-113.05830208052443,105.25], [6.329999999999998,118.08], [-0.976,1.604], [-3.0,1.62], [4.5563741013800545,16.310000000000002], 1.0, [-2.88,3.0]","latitude, longitude, nst, gap, rms, net, horizontalError, status, locationSource",3,0.0,0.0,1,70.968,9670,9670,0.5625,0.0007296431976487393,0,7
"[24.766114333333,148.50419828222147], [-94.97,24.66671638479137], [-13.269755838743945,12.291365], [-0.8839999999999999,1.2439999999999998], [-2.38,6.38], 0.0, [-30.610000000000003,32.09], [-20.171935,23.111935], [0.7999999999999998,4.34]","latitude, nst, dmin, rms, net, type, horizontalError, depthError, locationSource",0.0,0.5417169694823225,0.8846153846153846,1,97.18048363657964,9989,9676,0.5625,0.0012266168259626052,46,52
"[24.766114333333,148.50419828222147], [-94.97,-70.13344029449534], [-13.269755838743945,12.291365], [-0.8839999999999999,1.2439999999999998], [-2.38,6.38], 0.0, [-30.610000000000003,32.09], [0.7999999999999998,4.34]","latitude, nst, dmin, rms, net, type, horizontalError, locationSource",0.0,0.1,1.0,1,86.25,9676,9676,0.5,0.0008867620025533164,0,0
"[171.60000000000002,374.4], [-0.8039999999999999,1.6919999999999997], [6.58,16.82742818284668], [-29.125,30.725]","gap, rms, net, horizontalError",3.0,0.01734152991583261,0.4444444444444444,1,36.176925097328635,9943,9680,0.25,0.00037194576864380837,8,18
"[1784534165.64312,1786397918.1568801], [3.860149,110.81785099999999], [-248.92237866667,-32.57166305538024], [10.749500000000012,182.0505], [-113.05830208052443,105.25], [6.329999999999998,151.67000000000002], [-3.0,3.0], [1248.1799999999998,4667.82], 0.0, [-1.6800000000000002,1.6800000000000002]","time, latitude, longitude, depth, nst, gap, net, place, type, locationSource",1.0,1.0,1.0,2,69.52000000000001,9934,9681,0.625,0.001429511754608848,6,6
"[-224.630898,-100.65695599999998], [10.607030520954396,136.755], [148.74,331.26], [-1.0919999999999999,1.8699999999999999], 0.0, 1.0, [5.5600000000000005,14.44]","longitude, nst, gap, rms, type, status, locationSource",2.0,0.007415771484375,0.375,1,42.4384,9920,9682,0.4375,0.0004363218616714048,3,8
"[-95.55024999999999,247.18599999999995], [-77.92,101.92], [55.769999999999996,282.23], [-7.779780000000001,9.335780000000002], [-13.003502000000001,14.203502], 1.0, [5.08,8.92]","depth, nst, gap, dmin, depthError, status, locationSource",2.0,0.0,0.0,1,26.5,9686,9686,0.4375,0.00027245441237870013,0,2
"[54.48922555190957,247.18599999999995], [-7.779780000000001,9.335780000000002], [-13.003502000000001,14.203502], 1.0, [5.08,8.92]","depth, dmin, depthError, status, locationSource",2.0,0.0010240000000000004,0.4,1,32.895720645440306,9686,9686,0.3125,0.00033821072597084196,0,0
"[34.450803,79.871197], [186.54,215.36955837094024], [-0.886,1.2919999999999998], [1785697158.2559998,1787277319.8240001], 0.0, 1.0","latitude, gap, rms, updated, type, status",2.0,0.0009765625,0.25,1,73.3296,9952,9690,0.375,0.0007539235123760425,2,8
"[-202.86498333332997,-26.50799600000002], [-43.95,151.67000000000002], [6.0,13.620000000000001]","longitude, gap, net",1.0,0.10255278437793762,0.6341463414634146,1,71.32043175628185,9979,9691,0.1875,0.0007332666537642624,26,41
"[-202.86498333332997,-54.54989266667002], [-43.95,141.95], [-12.153185,12.353185], [-1.538,1.878], [1785602281.2199998,1787103090.556], [-20.00727172341735,20.84272827658265], [-8.039291441942868,9.89259755805713], 1.0, [7.46,14.54]","longitude, gap, dmin, rms, updated, horizontalError, depthError, status, locationSource",1.0,0.46266436603796024,0.8571428571428571,2,81.36229673580102,9979,9691,0.5625,0.0016730201318440828,18,21
"[14.916258,83.074784], [-8.175000000000004,95.25], [-11.469700000000001,11.8697], [2.9,7.1], [2.1799999999999997,7.82]","latitude, nst, dmin, net, locationSource",1.0,0.025618576501813033,0.4805194805194805,1,89.14396722017734,9987,9692,0.3125,0.009465455944934836,37,77
"[1784534165.64312,1785636875.007363], [-196.11491999999998,-52.14908000000001], [-8.175000000000004,95.25], [-69.47,143.47], [-11.469700000000001,11.8697], [-17.105,18.044999999999998]","time, longitude, nst, gap, dmin, horizontalError",1.0,0.035467203205649944,0.5128205128205128,1,67.40965818332315,9988,9692,0.375,0.0007455182704069131,20,39
"[-46.80233399999998,161.94813399999998], [664.76,3539.24], 0.0, [8.5,11.5]","longitude, place, type, locationSource",4.0,0.5549289573066435,0.8888888888888888,1,80.59008,9986,9693,0.25,0.0008198060736787863,8,9
"[1784329262.33402,1786638451.01598], [-12.298055000000005,82.938255], [-46.80233399999998,161.94813399999998], [-295.9297425600585,182.21349999999998], [-29.845,107.845], [63.359999999999985,252.64000000000001], [-10.635135,17.761135], [-0.05400000000000005,1.514], [6.9399999999999995,13.06], 0.0","time, latitude, longitude, depth, nst, gap, dmin, rms, net, type",4.0,1.0,1.0,1,86.10001919999999,9986,9693,0.625,0.0008906177362721054,11,11
"[-52.507685334963455,21.023880000000005], [443.78525,700.7367499999999], [-74.54,116.54], [99.09,230.91], 1.0, [8.5,11.5]","latitude, depth, nst, gap, status, locationSource",4,1.0,1.0,1,42.0,9853,9695,0.375,0.0004318145403737889,3,3
"[-172.38045,138.08425], [-35.25,105.25], [-59.30000000000001,177.3], [-0.976,1.604], 0.0, 0.0, [-4.32,4.32]","depth, nst, gap, rms, type, status, locationSource",5,0.0,0.0,1,71.64672,9696,9696,0.4375,0.0007366213206211797,0,9
"[-172.38045,138.08425], [-0.976,1.604], 0.0, [-16.215,55.836037287660965], 0.0, [-6.775851996004741,4.32]","depth, rms, type, horizontalError, status, locationSource",1.0,0.18593443208187066,0.7142857142857143,1,69.25340672,9971,9696,0.375,0.0007120149521932348,10,14
"[28.136266333332998,148.50419828222147], [-117.27299994754787,119.91300005245208], [-94.97,24.66671638479137], [30.53,243.47], [-1.006,1.066], [0.7999999999999998,6.9446866724096905]","latitude, depth, nst, gap, rms, locationSource",0.0,0.16529662857527172,0.6976744186046512,1,109.01966563459479,9989,9698,0.375,0.0011216200455749319,60,86
"[24.766114333333,148.50419828222147], [-94.97,24.66671638479137], [1.5399999999999991,116.46000000000001], [-12.215005,12.291365], [-0.8839999999999999,1.2439999999999998], [-2.38,6.38], [1748.5399999999997,4573.46], 0.0, [-30.610000000000003,32.09], [0.7999999999999998,4.34]","latitude, nst, gap, dmin, rms, net, place, type, horizontalError, locationSource",0.0,0.43375716751999094,0.8461538461538461,1,136.75423744,9942,9699,0.625,0.001406011147245752,11,13
"[1786764856.20591,1788602723.26809], [-58.3,110.3], [-0.976,1.604], 0.0, [-16.215,55.836037287660965], 0.0","time, nst, rms, type, horizontalError, status",1.0,0.03125,0.5,1,84.49550188964085,9971,9704,0.375,0.0008687234836220922,10,20
"[-5.876806176024999,83.498807823975], [-172.38045,138.08425], [-42.985,60.985], [-30.230000000000004,196.23000000000002], [1786315506.081,1788025189.089], [2427.0,4905.0], 0.0, [-16.234377519,22.010967100000002], 0.0, [1.5799999999999996,4.32]","latitude, depth, nst, gap, updated, place, type, depthError, status, locationSource",1.0,0.03125,0.5,1,84.5,9961,9704,0.625,0.0008687697300377419,1,2
"[-52.507685334963455,21.023880000000005], [-67.54,123.54], [-10.635135,17.761135], 0.0, [-7.145,42.644999999999996], 1.0, [8.5,11.5]","latitude, nst, dmin, type, horizontalError, status, locationSource",4,0.620921323059155,0.9090909090909091,1,54.8470272,9996,9716,0.4375,0.0006329042385459369,10,11
"[-28.086936385033603,21.023880000000005], [342.49100000000004,685.0930000000001], [-74.54,116.54], [8.02,11.98], [8.5,11.5]","latitude, depth, nst, net, locationSource",4,1.0,1.0,1,47.5,9853,9716,0.3125,0.0004883616825655945,2,2
"[-141.9955,161.07549999999998], [6.329999999999998,141.95], [-10.84303,10.940410000000002], [2.12,7.88], [-84.22000000000003,2344.2200000000003], 0.0, [-17.731059499999997,26.09387081109015], 1.0","depth, gap, dmin, net, place, type, depthError, status",1.0,0.03125,0.5,1,75.03999999999999,9987,9718,0.5,0.0007073533423265874,3,6
"[-248.92237866667,-165.6693472141787], [-43.95,151.67000000000002], [-7.574295,8.374295], [-0.8839999999999999,1.376], [-3.0,3.0], 0.0, [-1.6800000000000002,1.6800000000000002]","longitude, gap, dmin, rms, net, type, locationSource",1.0,0.0003200000000000001,0.2,1,108.2,9719,9719,0.4375,0.0011124365063915227,1,5
"[-12.637981000000003,79.667981], [-239.27179733332997,-73.08353733333], [-12.215005,12.291365], [-0.8839999999999999,1.2439999999999998], [1786541157.4459999,1787991797.5740001], 1.0, [0.7999999999999998,4.34]","latitude, longitude, dmin, rms, updated, status, locationSource",0.0,0.1473475405306393,0.6818181818181818,1,94.38101821836997,9967,9720,0.4375,0.0009147916269435631,30,44
"[36.189215999999995,144.30681446552546], [-248.92237866667,-54.54989266667002], [-11.364195,12.364195], [-0.976,3.9694770788823828], [-1.62,2.4000000000000004], [338.11141047929925,1803.6399999999999], 0.0, [4.5563741013800545,16.310000000000002], 1.0, [-3.0,3.0]","latitude, longitude, dmin, rms, net, place, type, horizontalError, status, locationSource",1.0,0.13168724279835387,0.6666666666666666,1,59.333333333333336,9785,9722,0.625,0.0006100237157661462,2,3
"[-239.27179733332997,5.470130666669988], [30.53,218.98000000000002], [-1.006,1.2439999999999998], [1780.42,6166.735453024128], [-28.17,28.83], [0.7999999999999998,6.9446866724096905]","longitude, gap, rms, place, horizontalError, locationSource",0.0,0.08901194036090389,0.6164383561643836,1,84.8052241902397,9984,9725,0.375,0.000954316948642494,45,73
"[1784620538.92419,1785630071.53581], [10.211272527343997,83.074784], [-172.38045,161.32399999999996], [2.9,7.1], [-14.26603661,18.50603639]","time, latitude, depth, net, depthError",1.0,0.03125,0.5,1,78.23928425267201,9973,9726,0.3125,0.0008044014421128995,8,16
"[-48.542555224535974,161.32399999999996], [68.77,295.23], [-5.834735000000001,7.0019350000000005], [-1.0899999999999999,1.71], 2.0","depth, gap, dmin, rms, type",1.0,0.004115226337448558,0.3333333333333333,1,37.333333333333336,9727,9727,0.3125,0.00038383514699892346,1,3
"[1786764856.20591,1788602723.26809], [-241.74756134912,-0.6047793491200082], [-88.54,102.54], [1786315506.081,1788025189.089], [2230.36,4905.0], 0.0, [-16.669999999999998,17.529999999999998], [-16.234377519,22.010967100000002], 0.0, [1.5799999999999996,8.42]","time, longitude, nst, updated, place, type, horizontalError, depthError, status, locationSource",2,0.0,0.0,1,98.80152319999999,9728,9728,0.625,0.001015807960210434,0,11
"[-224.630898,-131.05310200000002], [-201.00324999999998,130.18149999999997], [10.607030520954396,136.755], [186.54,378.57], [-4.140000000000001,4.140000000000001], [1785697158.2559998,1787277319.8240001], [2889.74,6210.26], 1.0","longitude, depth, nst, gap, net, updated, place, status",2.0,1.0,1.0,2,76.3952,9952,9730,0.5,0.001570883722607794,11,11
"[1786303224.3066,1787856351.4014], [-12.298055000000005,82.938255], [-46.80233399999998,161.94813399999998], [-29.845,88.77000000000001], [63.359999999999985,252.64000000000001], [-10.551155000000001,11.7697], 0.0, [-12.368843,16.074843]","time, latitude, longitude, nst, gap, dmin, type, depthError",4.0,1.0,1.0,1,78.0,9970,9732,0.5,0.0008019412892656079,5,5
"[18.421193000000002,107.796807], [51.345,120.35000000000001], [-55.57000000000001,123.57000000000001], [-18.2,23.599999999999998], [-8.086774,9.226774]","latitude, nst, gap, horizontalError, depthError",2.0,0.048282842081079885,0.5454545454545454,1,47.1988736,9946,9735,0.3125,0.00048526571213677514,6,11
"[18.421193000000002,107.796807], [51.345,120.35000000000001], [-55.57000000000001,123.57000000000001], [-11.320004999999998,11.630405], [-18.2,23.599999999999998]","latitude, nst, gap, dmin, horizontalError",4,0.00012860082304526745,0.16666666666666666,1,47.230330880000004,9928,9735,0.3125,0.0004855891338249802,2,12
"[34.450803,79.871197], [-224.630898,-131.05310200000002], [-201.00324999999998,130.18149999999997], [0.6353308550880181,1.2919999999999998], [-4.140000000000001,4.140000000000001], [1784676524.8519998,1786023547.828], 0.0, 1.0","latitude, longitude, depth, rms, net, updated, type, status",2.0,0.0003200000000000001,0.2,1,50.6,9931,9737,0.5,0.0005202337081646123,1,5
"[1784564584.98544,1786221253.8865602], [-120.18149999999999,253.60325], [10.607030520954396,136.755], [186.54,378.57], [-0.886,1.2919999999999998], [3440.82,4977.18], 0.0, 1.0","time, depth, nst, gap, rms, place, type, status",2.0,0.3276800000000001,0.8,1,65.326336,9952,9737,0.5,0.0006716395655748499,8,10
"[10.160976999999999,52.651022999999995], [-202.86498333332997,-54.54989266667002], [-43.95,141.95], [-12.153185,12.353185], [-1.538,1.878], [1785602281.2199998,1787103090.556], [-20.00727172341735,20.84272827658265], [-8.039291441942868,9.89259755805713], 1.0, [7.46,14.54]","latitude, longitude, gap, dmin, rms, updated, horizontalError, depthError, status, locationSource",1.0,0.44370531249999995,0.85,1,81.18778225024042,9979,9738,0.625,0.0008347158303894005,17,20
"[1786784787.53471,1788104945.56529], [51.345,134.34], [-1.8299999999999996,2.3699999999999997], [-16.370188999999996,19.493589], 1.0, [-1.06,5.0600000000000005]","time, nst, rms, depthError, status, locationSource",2.0,0.0,0.0,1,49.5,9743,9743,0.375,0.0005089242797262512,0,2
"[-224.01730699999996,-131.05310200000002], [-201.00324999999998,130.18149999999997], [10.607030520954396,136.755], [-4.140000000000001,5.0600000000000005], [1785697158.2559998,1787277319.8240001], [2087.5,6235.26], 0.0, [-8.745944499999998,9.1859445], 1.0","longitude, depth, nst, net, updated, place, type, depthError, status",2.0,0.005252187499999998,0.35,1,60.252182638519905,9952,9744,0.5625,0.029960864186755358,7,20
"[-17.410851,89.546851], [-224.630898,-11.667693000000028], [186.54,378.57], [-1.06,4.140000000000001]","latitude, longitude, gap, net",2.0,0.037022548078608386,0.5172413793103449,1,64.76562548470459,9952,9744,0.25,0.0007814690628673059,15,29
"[1784534165.64312,1785636875.007363], [-405.7829721382727,-54.54989266667002], [27.828502625609133,107.94500000000001], [6.329999999999998,118.08], [-11.420145,10.940410000000002], [-1654.8200000000002,1764.8200000000002], [-34.99,35.309999999999995], 1.0","time, longitude, nst, gap, dmin, place, horizontalError, status",1.0,0.03125,0.5,1,49.0,9748,9748,0.5,0.000503783630436087,2,4
"[1784534165.64312,1785893104.9200199], [14.916258,108.40050300000001], [-63.25882918380863,118.08], [1784320030.786,1786029713.794], 0.0, [-19.117741486,16.89408347072318], 1.0","time, latitude, gap, updated, type, depthError, status",4,0.0,0.0,1,61.83780196643372,9748,9748,0.4375,0.017118916196911825,0,22
"[1786222614.2584,1787258032.3216], [-49.06,97.06], [-80.30000000000001,156.3], [-1.8879999999999997,2.0879999999999996], [1787322130.576,1788073354.9280002], [495.36,2378.64], [-11.285161,14.685160999999999], 1.0, [1.7599999999999998,8.24]","time, nst, gap, rms, updated, place, depthError, status, locationSource",2.0,0.0,0.0,1,96.5,9751,9751,0.5625,0.0009561607679705325,0,2
"[1786222614.2584,1787258032.3216], [-229.14821333332998,-13.199453333330013], [-49.06,97.06], [-80.30000000000001,156.3], [-1.8879999999999997,2.0879999999999996], [1787322130.576,1788073354.9280002], [495.36,2378.64], [-27.775,28.275], [-11.285161,14.685160999999999], [1.7599999999999998,8.24]","time, longitude, nst, gap, rms, updated, place, horizontalError, depthError, locationSource",2.0,0.0,0.0,1,96.5,9751,9751,0.625,0.0009561607679705325,0,2
"[-1.5132640000000066,103.979264], [-97.42749999999998,100.22749999999999], [-11.420145,12.364195], [-0.976,3.9694770788823828], [-3.0,3.0], [4.5563741013800545,16.310000000000002], [-3.0,3.0]","latitude, depth, dmin, rms, net, horizontalError, locationSource",1.0,0.01183710753970294,0.4117647058823529,1,74.1086113783808,9934,9753,0.4375,0.0007619327609546487,7,17
"[-12.637981000000003,79.667981], [-239.27179733332997,-73.08353733333], [-93.80599999999998,117.02599999999998], [-12.215005,12.291365], [-0.8839999999999999,1.2439999999999998], [1786541157.4459999,1787991797.5740001], 1.0, [0.7999999999999998,4.34]","latitude, longitude, depth, dmin, rms, updated, status, locationSource",0.0,0.13168724279835387,0.6666666666666666,1,94.39300883412668,9967,9754,0.5,0.000914945725819509,24,36
"[-46.80233399999998,161.94813399999998], [-295.9297425600585,182.21349999999998], [-0.05400000000000005,1.514], [-1286.1599999999999,2282.16], [-17.735,40.214999999999996], [7.18,12.82]","longitude, depth, rms, place, horizontalError, locationSource",4.0,0.401877572016461,0.8333333333333334,1,85.92,9986,9758,0.375,0.0008833691740218081,5,6
"[1784329262.33402,1786638451.01598], [-12.298055000000005,82.938255], [-46.80233399999998,161.94813399999998], [-120.85749999999999,182.21349999999998], [-29.845,107.845], [63.359999999999985,252.64000000000001], [-0.05400000000000005,1.514], [6.9399999999999995,13.06], 0.0, [-16.3137875,30.061787499999998]","time, latitude, longitude, depth, nst, gap, rms, net, type, depthError",4.0,1.0,1.0,1,83.49824000000001,9986,9758,0.625,0.000857180650277996,9,9
"[36.189215999999995,144.30681446552546], [-248.92237866667,-54.54989266667002], [-80.14475,97.74475], [-33.09,141.95], [-0.8839999999999999,1.604], [-3.0,2.4000000000000004], [338.11141047929925,1803.6399999999999], 0.0","latitude, longitude, depth, gap, rms, net, place, type",1.0,0.004115226337448558,0.3333333333333333,1,86.16,9918,9759,0.5,0.0008858366856810869,2,6
"[36.189215999999995,144.30681446552546], [-248.92237866667,-54.54989266667002], [-33.09,141.95], [-0.8839999999999999,1.604], [-3.0,2.4000000000000004], [1785669611.4169998,1787457007.289], [338.11141047929925,1803.6399999999999], 0.0","latitude, longitude, gap, rms, net, updated, place, type",1.0,0.010240000000000003,0.4,1,82.2,9918,9759,0.5,0.0008451227433029868,2,5
"[1784832765.54446,1785505787.2855399], [-166.425009,-47.65319100000001], [-77.92,101.92], [8.010000000000005,247.99], [-1.444,1.8039999999999998], [7.72,12.280000000000001], [1786510815.0619998,1787961455.19], [-976.3799999999999,2542.38], [-13.069999999999997,21.13], [-13.1393545,17.1593545], 1.0","time, longitude, nst, gap, rms, net, updated, place, horizontalError, depthError, status",2.0,1.0,1.0,1,63.0,9763,9763,0.6875,0.0006477218105606833,1,1
"[-242.16449998569487,245.38450001430505], [-8.175000000000004,95.25], [-11.469700000000001,11.8697], [-1.482,1.604], [0.4547716188052502,7.1], 0.0, [-16.779999999999998,17.419999999999998], [2.1799999999999997,7.82]","depth, nst, dmin, rms, net, type, horizontalError, locationSource",1.0,0.022132674897119342,0.4666666666666667,1,89.14710850253029,9987,9766,0.5,0.011247268121795637,28,60
"[1786018966.1237345,1786382364.29198], [1.2443459999999966,62.781654], [-184.87336766667,-31.255080000000007], [-207.79624999999996,220.45624999999998], [-1.5,167.5], [-11.653185,13.26293], [-1.3399999999999999,1.46], [4.5,13.5], 0.0, 1.0, [3.14,6.859999999999999]","time, latitude, longitude, depth, gap, dmin, rms, net, type, status, locationSource",1,1.0,1.0,1,76.0,9987,9767,0.6875,0.0007813786921049513,2,2
"[-42.82,105.25], [179.39999999999998,314.6], [-1.482,1.604], [-16.215,20.97], [-21.709446485999997,23.429446514], 0.0","nst, gap, rms, horizontalError, depthError, status",1.0,1.0,1.0,1,61.666666666666664,9966,9768,0.375,0.0006340134124535789,3,3
"[1784534165.64312,1786751556.1701884], [36.189215999999995,144.30681446552546], [-248.92237866667,-54.54989266667002], [-1.482,1.98], [1248.1799999999998,3574.18], [-3.0,5.797754686643749]","time, latitude, longitude, rms, place, locationSource",1.0,0.1043582467665522,0.6363636363636364,1,73.83650188424102,9988,9769,0.375,0.0007591351219988554,21,33
"[1784534165.64312,1786689871.50386], [59.78184762606352,144.30681446552546], [-248.92237866667,-54.54989266667002], [10.749500000000012,182.0505], [-45.25,105.25], [6.329999999999998,151.67000000000002], [-11.420145,10.940410000000002], [-0.976,1.98], [1785423603.711,1787103090.556], 0.0, [-11.125,22.125], [-17.731059499999997,27.380475999999998]","time, latitude, longitude, depth, nst, gap, dmin, rms, updated, type, horizontalError, depthError",1.0,0.3276800000000001,0.8,1,60.8,9925,9769,0.75,0.000625102953683961,4,5
"[1785941687.28267,1786640594.4753299], [34.450803,79.871197], [-224.630898,-131.05310200000002], [186.54,378.57], [2889.74,6210.26], 0.0, 1.0","time, latitude, longitude, gap, place, type, status",2.0,0.13168724279835387,0.6666666666666666,1,105.0,9952,9771,0.4375,0.001079536350934472,2,3
"[-224.630898,-131.05310200000002], [-201.00324999999998,253.60325], [10.607030520954396,136.755], [186.54,378.57], [-0.886,1.2919999999999998], [-4.140000000000001,4.140000000000001], [1785697158.2559998,1787277319.8240001], 1.0","longitude, depth, nst, gap, rms, net, updated, status",2.0,1.0,1.0,1,74.51104000000001,9952,9771,0.5,0.0007660702497707857,9,9
"[34.450803,79.871197], [10.607030520954396,136.755], [186.54,378.57], [-0.886,1.2919999999999998], 0.0, [-2.7265740000000003,14.586974000000001], 1.0","latitude, nst, gap, rms, type, depthError, status",2.0,0.19649623617673456,0.7222222222222222,1,72.935950839808,9952,9773,0.4375,0.0007498762878242132,13,18
"[-202.86498333332997,-54.54989266667002], [-43.95,141.95], [-12.153185,12.353185], [1785602281.2199998,1787103090.556], [-20.00727172341735,20.84272827658265], [9.89259755805713,13.479799424712699], 1.0, [2.030313492523084,14.54]","longitude, gap, dmin, updated, horizontalError, depthError, status, locationSource",1.0,0.0,0.0,1,48.0,9774,9774,0.5,0.0004935023318557587,0,1
"[10.160976999999999,52.651022999999995], [-202.86498333332997,-54.54989266667002], [-1.538,1.878], [-20.00727172341735,20.84272827658265], 1.0, [7.46,14.54]","latitude, longitude, rms, horizontalError, status, locationSource",1.0,0.08825375108068294,0.6153846153846154,1,69.72922451356872,9979,9774,0.375,0.0007169069769987479,24,39
"[1784534165.64312,1786397918.1568801], [3.860149,110.81785099999999], [-248.92237866667,-32.57166305538024], [10.749500000000012,182.0505], [-113.05830208052443,105.25], [6.329999999999998,151.67000000000002], [-3.0,3.0], [1248.1799999999998,4667.82], 0.0, [-4.056250451503063,-1.6800000000000002]","time, latitude, longitude, depth, nst, gap, net, place, type, locationSource",1.0,0.1,1.0,1,32.0,9778,9778,0.625,0.0003290015545705058,0,0
"[1784534165.64312,1786397918.1568801], [3.860149,110.81785099999999], [-248.92237866667,-32.57166305538024], [182.0505,217.03168372735956], [-113.05830208052443,105.25], [6.329999999999998,151.67000000000002], [-3.0,3.0], [1248.1799999999998,4667.82], 0.0, [-1.6800000000000002,1.6800000000000002]","time, latitude, longitude, depth, nst, gap, net, place, type, locationSource",1.0,0.1,1.0,1,32.0,9778,9778,0.625,0.0003290015545705058,0,0
"[1786242496.02139,1787769737.66461], [-200.63519,-92.66081], [-33.11,141.11], [-71.54,151.54000000000002], [-4.5,4.5], [1786050972.2399998,1787993793.8400002], [-868.3400000000001,1758.3400000000001], 0.0, [-27.6,33.2], 1.0, [-3.5999999999999996,3.5999999999999996]","time, longitude, nst, gap, net, updated, place, type, horizontalError, status, locationSource",3.0,4.0386107340619247e-07,0.05263157894736842,1,95.28304374854451,9782,9782,0.6875,0.0009263841191970674,1,19
"[1786784787.53471,1788104945.56529], [-224.01730699999996,-11.667693000000028], [-201.00324999999998,253.60325], [-1.3439999999999999,1.624], 1.0, [1.7599999999999998,8.24]","time, longitude, depth, rms, status, locationSource",2.0,5.292214940134463e-07,0.05555555555555555,1,87.97367108960256,9860,9784,0.375,0.0008324468157702293,1,18
"[1786018966.1237345,1786382364.29198], [-248.92237866667,-26.50799600000002], [-11.653185,13.26293], [4.5,13.5], 0.0, [-13.91,14.59], 1.0","time, longitude, dmin, net, type, horizontalError, status",2,5.949901826619859e-05,0.14285714285714285,1,67.848,9815,9786,0.4375,0.0006975655460781149,1,7
"[-239.27179733332997,-73.08353733333], [30.53,218.98000000000002], [1786541157.4459999,1787991797.5740001], [3739.26,6166.735453024128], [-16.025,17.225], [-16.468571,8.7776035], 1.0, [0.7999999999999998,4.34]","longitude, gap, updated, place, horizontalError, depthError, status, locationSource",0.0,1.0,1.0,1,133.0,9942,9787,0.5,0.0013674127111836648,5,5
"[-42.82,105.25], [179.39999999999998,314.6], [-1.482,1.604], [-16.215,20.97], [-24.225696859744758,23.429446514], 0.0","nst, gap, rms, horizontalError, depthError, status",1.0,1.0,1.0,1,65.0,9966,9796,0.375,0.0006682844077213399,2,2
"[-172.38045,138.08425], [-0.976,1.604], 0.0, [-16.215,55.836037287660965], [-8.23511504,10.315114959999999], 0.0, [-6.775851996004741,4.32]","depth, rms, type, horizontalError, depthError, status, locationSource",1.0,0.1043582467665522,0.6363636363636364,1,70.857728,9971,9796,0.4375,0.0007285094582916892,7,11
"[-28.086936385033603,21.023880000000005], [-280.94553399999995,-72.19506600000003], [-67.54,123.54], [-8.692419975493083,17.761135], [6.82,13.18]","latitude, longitude, nst, dmin, net",4,1.0,1.0,1,47.0,9853,9799,0.3125,0.0004832210332754304,3,3
"[-52.507685334963455,21.023880000000005], [-10.635135,12.87475], [3291.74,6612.26], 0.0, [-7.145,42.644999999999996], 1.0, [8.5,11.5]","latitude, dmin, place, type, horizontalError, status, locationSource",4,0.13168724279835387,0.6666666666666666,1,42.666666666666664,9906,9799,0.4375,0.00043866873942734105,2,3
"[-283.37715299999996,-60.46042800000002], [53.002500000000026,250.6575], [39.53,374.4], [-0.8039999999999999,1.6919999999999997], [2.5600000000000005,16.82742818284668], [1784901910.6999998,1787485689.832], [5.614667852941367,13.3]","longitude, depth, gap, rms, net, updated, locationSource",3.0,0.0,0.0,1,31.0,9801,9801,0.4375,0.0003495641517311624,0,2
"[171.60000000000002,374.4], [-12.762165000000001,13.300165000000002], [6.58,16.82742818284668], [656.9599999999998,4027.04], 0.0, [-16.700000000000003,44.1], [-4.6972855000000004,14.4712855]","gap, dmin, net, place, type, horizontalError, depthError",3.0,0.401877572016461,0.8333333333333334,1,38.2,9871,9801,0.4375,0.00039274560576854135,5,6
"[-28.086936385033603,21.023880000000005], [-280.94553399999995,-72.19506600000003], [-6.770000000000003,88.77000000000001], [-8.692419975493083,12.87475], [6.82,13.18], [-7.145,42.644999999999996], [-11.927912000000001,27.645912000000003], 1.0, [8.5,11.5]","latitude, longitude, nst, dmin, net, horizontalError, depthError, status, locationSource",4,1.0,1.0,1,49.0,9853,9802,0.5625,0.000503783630436087,2,2
"[1785948328.55213,1787320257.4858701], [-249.702515,-54.54989266667002], [-33.09,118.08], [-11.469700000000001,11.8697], [-0.8039999999999999,1.604], [338.11141047929925,4456.5599999999995]","time, longitude, gap, dmin, rms, place",1.0,0.05079704169054469,0.5510204081632653,1,95.78255075696771,9979,9804,0.375,0.0009089720293265099,27,49
"[18.421193000000002,107.796807], [51.345,120.35000000000001], [-21.97577505552333,123.57000000000001], [-3.9000000000000004,3.9000000000000004], 0.0, [-18.2,23.599999999999998], 1.0, [-1.6800000000000002,1.6800000000000002]","latitude, nst, gap, net, type, horizontalError, status, locationSource",2.0,0.0322527901445852,0.7974683544303798,1,53.16823027703046,9806,9806,0.5,0.0005466384504658017,0,0
"[7.899977,50.390023], [-248.92237866667,-26.50799600000002], [-94.02749999999999,189.98705], [-43.95,151.67000000000002], [-11.569700000000001,11.7697], 0.0","latitude, longitude, depth, gap, dmin, type",1.0,0.04491953779742454,0.5376344086021505,1,81.96698771333828,9987,9807,0.375,0.0008274635630405293,50,93
"[36.189215999999995,144.30681446552546], [-248.92237866667,-54.54989266667002], [-33.09,118.08], [-11.469700000000001,11.8697]","latitude, longitude, gap, dmin",1.0,0.06600153808263474,0.5806451612903226,1,74.06043302666797,9988,9811,0.25,0.000761437424935581,36,62
"[10.607030520954396,136.755], [186.54,378.57], [-4.140000000000001,4.140000000000001], [1785697158.2559998,1787277319.8240001], [2889.74,6210.26], 1.0","nst, gap, net, updated, place, status",2.0,1.0,1.0,2,79.47999999999999,9952,9812,0.375,0.0016343152223289874,6,6
"[10.607030520954396,136.755], [186.54,378.57], [-0.886,1.2919999999999998], 0.0, [-8.860000000000001,27.240000000000002], [-2.7265740000000003,14.586974000000001], 1.0","nst, gap, rms, type, horizontalError, depthError, status",2.0,0.06504222973314074,0.5789473684210527,1,74.09053966722662,9952,9815,0.4375,0.0007617469602964151,11,19
"[34.450803,79.871197], [-224.630898,-131.05310200000002], [186.54,378.57], 1.0","latitude, longitude, gap, status",2.0,0.13168724279835387,0.6666666666666666,1,64.47009593344,9952,9819,0.25,0.0007767215198112721,10,15
"[-0.886,1.42], [-1094.4600000000003,1730.4600000000003], 0.0, [11.924999999999997,73.675], [1.1247455000000013,31.4234545], 1.0, [-1.7999999999999998,1.7999999999999998]","rms, place, type, horizontalError, depthError, status, locationSource",2.0,0.07774644786533219,0.9444444444444444,1,53.291435107614724,9819,9819,0.4375,0.0005479051561155773,0,0
"[-46.80233399999998,161.94813399999998], [-16.96,88.77000000000001], [63.359999999999985,252.64000000000001], [-1.286,1.514], [6.9399999999999995,13.06], [-11.930000000000001,31.770000000000003], [-16.3137875,30.061787499999998], [8.08,11.92]","longitude, nst, gap, rms, net, horizontalError, depthError, locationSource",4.0,1.0,1.0,1,84.768,9986,9820,0.5,0.000873499127384693,8,8
"[19.495272,83.962928], [1784486349.9599998,1786299650.1200001], [-16.700000000000003,44.1], [-4.3452625000000005,14.4712855]","latitude, updated, horizontalError, depthError",3.0,0.0,0.0,1,57.38411452430511,9825,9825,0.25,0.01789830253426129,0,48
"[1784656850.0865,1785951122.6655], [106.52478,250.49061999999998], [171.60000000000002,374.4], [-12.762165000000001,13.300165000000002], [6.58,16.82742818284668], [656.9599999999998,4027.04], 0.0, [-4.6972855000000004,11.1132625], [7.42,12.58]","time, longitude, gap, dmin, net, place, type, depthError, locationSource",3.0,1.0,1.0,1,42.0,9825,9825,0.5625,0.0004318145403737889,1,1
"[-94.02749999999999,189.98705], [-43.95,141.95], [-1.538,1.878], [7.46,14.54]","depth, gap, rms, locationSource",1.0,0.03597678110311178,0.5142857142857142,1,75.64416345939178,9979,9826,0.25,0.0007562430177945644,18,35
"[7.899977,52.651022999999995], [-248.92237866667,-26.50799600000002], [-43.95,151.67000000000002], [-12.153185,12.353185], [1785602281.2199998,1787103090.556], 0.0, [-20.00727172341735,20.84272827658265], [-8.039291441942868,9.89259755805713], 1.0","latitude, longitude, gap, dmin, updated, type, horizontalError, depthError, status",1.0,0.0544971034054838,0.5588235294117647,1,84.6802768109969,9987,9826,0.5625,0.0008706232097587105,19,34
"[-17.094550999999996,82.938255], [-46.80233399999998,161.94813399999998], [-174.47799999999998,194.47799999999998], [-16.96,88.77000000000001], [63.359999999999985,337.6669859341124], 0.0, 1.0","latitude, longitude, depth, nst, gap, type, status",3,0.0,0.0,1,84.512,9827,9827,0.4375,0.0008702091118389879,0,7
"[-52.507685334963455,21.023880000000005], [-67.54,123.54], [-8.692419975493083,17.761135], [6.82,13.18], [3856.6800000000003,6037.32], 0.0, [-7.145,42.644999999999996], 1.0","latitude, nst, dmin, net, place, type, horizontalError, status",4,0.004115226337448558,0.3333333333333333,1,36.333333333333336,9906,9830,0.5,0.00037355384841859514,1,3
"[-224.630898,-131.05310200000002], [-201.00324999999998,253.60325], [10.607030520954396,136.755], [186.54,378.57], [-0.886,2.2666257386280626], [-4.140000000000001,4.140000000000001], [1785697158.2559998,1787277319.8240001], 1.0","longitude, depth, nst, gap, rms, net, updated, status",2.0,1.0,1.0,1,84.8,9952,9831,0.5,0.0008718541196118403,5,5
"[7.899977,50.390023], [-248.92237866667,-26.50799600000002], [-94.02749999999999,189.98705], [-43.95,-3.4332279062433315], [-11.569700000000001,11.7697], 0.0","latitude, longitude, depth, gap, dmin, type",1.0,0.05904900000000001,0.9,1,81.072,9834,9834,0.375,0.0008335254385043765,0,0
"[7.899977,50.390023], [-248.92237866667,-26.50799600000002], [-94.02749999999999,189.98705], [-43.95,151.67000000000002], [-11.569700000000001,11.7697], [-1.3519999999999999,1.392], 0.0, [-11.969999999999999,12.73]","latitude, longitude, depth, gap, dmin, rms, type, horizontalError",1.0,0.029412288803337433,0.4939759036144578,1,81.96698755347637,9987,9834,0.5,0.0008274635598303962,41,83
"[28.136266333332998,104.40165631328317], [-239.27179733332997,5.470130666669988], [2109.84,6166.735453024128], 0.0, [-7.9176035,8.7776035]","latitude, longitude, place, type, depthError",0.0,0.017604275579951156,0.4457831325301205,1,84.6620219525046,9984,9839,0.3125,0.011286043220391104,37,83
"[34.450803,79.871197], [-224.630898,-131.05310200000002], [-82.3505,88.95049999999999], [186.54,378.57], 1.0","latitude, longitude, depth, gap, status",2.0,0.08825375108068294,0.6153846153846154,1,65.37874995199999,9952,9840,0.3125,0.0007913186186722571,8,13
"[34.450803,79.871197], [-224.630898,-131.05310200000002], [186.54,378.57], [-0.24,1.44], 1.0","latitude, longitude, gap, rms, status",2.0,0.08825375108068294,0.6153846153846154,1,65.37874995199999,9952,9840,0.3125,0.0007913186186722571,8,13
"[51.345,134.34], [-11.469700000000001,11.8697], [0.46174389734077126,2.3699999999999997], [2087.5,6235.26], 0.0, [-15.505,20.9]","nst, dmin, rms, place, type, horizontalError",2.0,0.010240000000000003,0.4,1,52.6,9952,9845,0.375,0.0005407963053252689,2,5
"[1785948328.55213,1787320257.4858701], [-248.92237866667,-54.54989266667002], [-0.8039999999999999,1.604], 0.0","time, longitude, rms, type",1.0,0.014458261438686257,0.42857142857142855,1,89.52678385746981,9987,9846,0.25,0.015303772895666402,33,77
"[7.899977,50.390023], [-249.702515,-26.50799600000002], [-94.02749999999999,189.98705], [-43.95,151.67000000000002], [-11.569700000000001,11.8697], [338.11141047929925,4456.5599999999995]","latitude, longitude, depth, gap, dmin, place",1.0,0.0335810884056647,0.5072463768115942,1,81.9113172178267,9987,9846,0.375,0.000826345662676331,35,69
"[171.60000000000002,374.4], [6.58,16.82742818284668], [1784990223.42,1786933045.02], [656.9599999999998,4027.04], [-29.125,44.1]","gap, net, updated, place, horizontalError",3.0,1.0,1.0,2,43.0,9871,9851,0.3125,0.0008841916779082343,1,1
"[171.60000000000002,374.4], [-12.762165000000001,13.300165000000002], [-0.8039999999999999,1.6919999999999997], [6.58,16.82742818284668], [-4.6972855000000004,14.4712855]","gap, dmin, rms, net, depthError",3.0,1.0,1.0,1,39.333333333333336,9943,9851,0.3125,0.00040439774415958006,3,3
"[1784534165.64312,1785636875.007363], [17.557978403809,60.048024403808995], [-69.47,143.47], [-11.469700000000001,11.8697], [2.9,7.1], [1784313275.7419999,1786230193.0540001], 0.0, 0.0, [0.8599999999999994,9.14]","time, latitude, gap, dmin, net, updated, type, status, locationSource",1.0,0.0009765625,0.25,1,95.5,9973,9852,0.5625,0.0009818640144213533,1,4
"[1784534165.64312,1785636875.007363], [-69.47,143.47], [-11.469700000000001,11.8697], 0.0, 0.0","time, gap, dmin, type, status",1.0,0.0009765625,0.25,1,95.5,9973,9852,0.3125,0.0009818640144213533,1,4
"[-52.507685334963455,21.023880000000005], [-6.770000000000003,116.54], 1.0","latitude, nst, status",4,0.007415771484375,0.375,1,47.379200000000004,9996,9853,0.1875,0.0005369305370590655,3,8
"[-28.086936385033603,21.023880000000005], [-280.94553399999995,-72.19506600000003], [443.78525,700.7367499999999], [-74.54,88.77000000000001], [-8.692419975493083,12.87475], [6.82,13.18], [-7.145,42.644999999999996], 1.0, [8.5,11.5]","latitude, longitude, depth, nst, dmin, net, horizontalError, status, locationSource",4,0.1,1.0,1,50.016,9853,9853,0.5625,0.0005142294297937006,0,0
"[1785555994.8705,1786850267.4495], [-224.6575,236.5375], [-5.796390000000001,5.87331], 0.0, [-15.035,16.315], 1.0, [0.7999999999999998,4.34]","time, depth, dmin, type, horizontalError, status, locationSource",0.0,0.22059995870325735,0.7391304347826086,1,78.12582044373704,9989,9855,0.4375,0.0008729570516197863,17,23
"[24.766114333333,103.985886666667], [-260.23912933332997,-73.08353733333], [1785723342.468,1787266522.7310002], [3739.26,5374.74], 0.0, [-19.5860825,21.868571], 1.0, [0.7999999999999998,4.34]","latitude, longitude, updated, place, type, depthError, status, locationSource",0.0,0.5549289573066435,0.8888888888888888,1,115.91936000000001,9942,9855,0.5,0.001191801551400566,8,9
"[36.189215999999995,144.30681446552546], [-248.92237866667,-54.54989266667002], [-11.469700000000001,11.8697], [1785384284.148,1787103090.556]","latitude, longitude, dmin, updated",1.0,0.028510535420456874,0.4909090909090909,1,74.13232289688216,9988,9856,0.25,0.0008216341257960068,27,55
"[1785948328.55213,1786397918.1568801], [-249.702515,-149.6735164344734], [-33.09,118.08], [-11.469700000000001,11.8697], [-3.0,2.4000000000000004]","time, longitude, gap, dmin, net",1.0,0.0009765625,0.25,1,120.25,9856,9856,0.3125,0.001236326154284479,1,4
"[-12.298055000000005,82.938255], [-46.80233399999998,161.94813399999998], [9.048626446089134,13.06], [-20.07,50.23], [-16.3137875,30.061787499999998], [7.18,12.82]","latitude, longitude, net, horizontalError, depthError, locationSource",4,0.46266436603796024,0.8571428571428571,1,75.168,9986,9859,0.375,0.0007501235444207533,6,7
"[1785606122.6694398,1787262791.57056], [34.450803,79.871197], [-224.630898,-44.33246299999999], [10.607030520954396,136.755], [186.54,378.57], [-0.886,1.2919999999999998], [-4.140000000000001,3.4200000000000004], 1.0","time, latitude, longitude, nst, gap, rms, net, status",2.0,1.0,1.0,1,91.5,9952,9861,0.5,0.0009407388201000401,4,4
"[-292.673537,-131.05310200000002], [-201.00324999999998,253.60325], [15.921218986447855,136.755], [186.54,378.57], [-11.653185,12.853185], [-1.98,4.140000000000001], 0.0, 1.0","longitude, depth, nst, gap, dmin, net, type, status",2.0,0.46266436603796024,0.8571428571428571,1,71.768,9952,9861,0.5,0.0007378682365130019,6,7
"[-252.54710496387,-58.193220963870004], [-35.25,105.25], [-0.976,1.604], [-4.32,4.32], 0.0, [-16.215,20.97], 0.0","longitude, nst, rms, net, type, horizontalError, status",1.0,0.13168724279835387,0.6666666666666666,1,72.32,9971,9862,0.4375,0.0007435435133293431,4,6
"[-252.54710496387,-58.193220963870004], [-172.38045,138.08425], [-35.25,105.25], [179.39999999999998,314.6], [-1.482,1.604], [1785845858.03,1787011550.99], [-16.215,20.97], [-4.32,4.32]","longitude, depth, nst, gap, rms, updated, horizontalError, locationSource",3,0.0,0.0,1,90.32000000000001,9862,9862,0.5,0.0009286068877752527,0,7
"[1786791133.63861,1787852437.15339], [-195.58389799999998,-102.006102], [-11.364195,12.364195], 0.0, [4.5563741013800545,16.310000000000002], [-17.731059499999997,27.380475999999998], 1.0, [-3.0,3.0]","time, longitude, dmin, type, horizontalError, depthError, status, locationSource",1.0,0.03125,0.5,1,59.0,9863,9863,0.5,0.00060659661623937,1,2
"[36.189215999999995,144.30681446552546], [-113.05830208052443,105.25], [6.329999999999998,151.67000000000002], [-0.976,4.297885653341622], [-3.0,3.0], 0.0, [4.5563741013800545,16.310000000000002], [-3.0,5.398502133870794]","latitude, nst, gap, rms, net, type, horizontalError, locationSource",1.0,0.401877572016461,0.8333333333333334,2,66.36,9934,9863,0.5,0.0013645339475811728,5,6
"[-229.410526,-6.263474000000016], [-224.6575,236.5375], [30.53,243.47], [-12.215005,12.291365], [-1.4799999999999995,5.4799999999999995], 0.0, [-30.610000000000003,32.09], [0.7999999999999998,4.34]","longitude, depth, gap, dmin, net, type, horizontalError, locationSource",0.0,0.3173112237881989,0.7948717948717948,2,83.56696093774131,9989,9865,0.5,0.0017865992767049105,31,39
"[24.766114333333,148.50419828222147], [-94.97,24.66671638479137], [-0.8839999999999999,1.2439999999999998], [-2.38,6.38], 0.0, [-30.610000000000003,32.09]","latitude, nst, rms, net, type, horizontalError",0.0,0.12124135504590608,0.6557377049180327,1,86.43981231782838,9989,9865,0.375,0.0010066388394751997,40,61
"[-197.53774999999996,217.53774999999996], [171.60000000000002,374.4], [6.58,16.82742818284668], [1784990223.42,1786933045.02], [656.9599999999998,4027.04], [-29.125,44.1]","depth, gap, net, updated, place, horizontalError",3.0,0.1,1.0,1,43.0,9871,9871,0.375,0.00044209583895411716,0,0
"[36.189215999999995,144.30681446552546], [-133.32399999999996,182.92399999999998], [-113.05830208052443,105.25], [6.329999999999998,151.67000000000002], [-0.976,4.297885653341622], [-3.0,3.0], 0.0, [4.5563741013800545,16.310000000000002], [-3.0,5.398502133870794]","latitude, depth, nst, gap, rms, net, type, horizontalError, locationSource",1.0,0.2373046875,0.75,1,66.5,9934,9875,0.5625,0.0006837063555918324,3,4
"[1784534165.64312,1787633128.00476], [36.189215999999995,90.515307], [-172.38045,51.430871965576785], [-36.96,52.96], [12.950000000000003,165.05], [1784572630.9662864,1787103090.556], [-460.72,3206.7200000000003], [-33.919999999999995,31.5], [14.296451999999999,48.923548]","time, latitude, depth, nst, gap, updated, place, horizontalError, depthError",1.0,0.0,0.0,1,57.0,9879,9879,0.5625,0.0005860340190787135,0,1
"[1784534165.64312,1787633128.00476], [36.189215999999995,90.515307], [-172.38045,51.430871965576785], [12.950000000000003,165.05], [1784572630.9662864,1787103090.556], [-33.919999999999995,31.5], [14.296451999999999,48.923548], 1.0","time, latitude, depth, gap, updated, horizontalError, depthError, status",1.0,0.0,0.0,1,57.0,9879,9879,0.5,0.0005860340190787135,0,1
"[-82.19624999999999,236.5375], [-5.796390000000001,5.87331], [2109.84,6166.735453024128], [-15.035,16.315], 1.0, [0.7999999999999998,4.34]","depth, dmin, place, horizontalError, status, locationSource",0.0,0.3540925979614258,0.8125,1,95.301741428736,9942,9886,0.375,0.0009798256588540786,13,16
"[24.766114333333,148.50419828222147], [-260.23912933332997,-95.98842433332999], [-94.97,20.543497118747226], [5.840000000000003,222.16], [-12.215005,14.49263], [-0.8839999999999999,1.2439999999999998], 0.0, [16.842914032532736,32.09], [0.8599999999999994,7.490452798138776]","latitude, longitude, nst, gap, dmin, rms, type, horizontalError, locationSource",0.0,0.025067791187899688,0.7582608695652173,1,109.3803569288531,9888,9888,0.5625,0.0011245721084084208,0,0
"[1785976214.72575,1787917623.5942502], [-67.89510268410527,24.66671638479137], [-24.60161537335901,12.291365], [-2.38,6.38], 0.0, [-18.705253000000003,22.105253], 1.0, [0.7999999999999998,9.14]","time, nst, dmin, net, type, depthError, status, locationSource",0.0,0.401877572016461,0.8333333333333334,1,101.6963612147712,9989,9888,0.5,0.0011553681813958668,15,18
"[34.450803,79.871197], [15.921218986447855,136.755], [186.54,301.46], [-0.886,2.026], 0.0, 1.0, [2.7199999999999998,7.28]","latitude, nst, gap, rms, type, status, locationSource",2.0,0.02755060896858759,0.7727272727272727,1,72.2290539014245,9889,9889,0.4375,0.0007426084693351725,0,0
"[4.534468666666996,79.871197], [-166.323825,-76.34517500000001], [-118.04699999999997,253.60325], 2.0, [-23.96,25.439999999999998], [8.219999999999999,15.780000000000001]","latitude, longitude, depth, type, horizontalError, locationSource",2.0,0.0,0.0,1,57.0,9899,9899,0.375,0.0005860340190787135,0,1
"[4.534468666666996,79.871197], [-166.323825,-76.34517500000001], [-118.04699999999997,253.60325], [10.379999999999999,13.620000000000001], [-23.96,25.439999999999998], 1.0, [8.219999999999999,15.780000000000001]","latitude, longitude, depth, net, horizontalError, status, locationSource",2.0,0.0,0.0,1,66.83264,9899,9899,0.4375,0.0006871263267515927,0,9
"[59.78184762606352,144.30681446552546], [-248.92237866667,-54.54989266667002], [-113.05830208052443,105.25], [6.329999999999998,151.67000000000002], [0.8331671588853946,1.98], [-16.215,22.125], [-17.731059499999997,27.380475999999998], [-1.5,1.5]","latitude, longitude, nst, gap, rms, horizontalError, depthError, locationSource",1.0,0.03125,0.5,1,35.0,9918,9900,0.5,0.0003598454503114907,1,2
"[1784534165.64312,1787404428.146461], [-172.38045,182.0505], [-45.25,105.25], [-15.709999999999994,183.70999999999998], [-11.420145,10.940410000000002], [-1.482,1.98], [1785423603.711,1787103090.556], [1248.1799999999998,3574.18], 0.0, [-11.125,20.97], [-3.0,5.797754686643749]","time, depth, nst, gap, dmin, rms, updated, place, type, horizontalError, locationSource",1.0,0.5549289573066435,0.8888888888888888,1,64.48928,9988,9900,0.6875,0.0006630335429103945,8,9
"[1784534165.64312,1785636875.007363], [14.916258,83.074784], [-8.175000000000004,95.25], [-11.469700000000001,11.8697], [2.9,7.1], 0.0","time, latitude, nst, dmin, net, type",1.0,0.001903968584518355,0.2857142857142857,1,79.048,9973,9901,0.375,0.000812716090177792,2,7
"[-69.47,143.47], [2.9,7.1], [-17.105,18.044999999999998], [1.46,8.54]","gap, net, horizontalError, locationSource",1.0,0.04662947792084618,0.5416666666666666,1,91.6254547651835,9987,9901,0.25,0.0009205033579908131,13,24
"[-132.79850005722045,143.91849994277948], [-94.97,24.66671638479137], [105.61,222.16], [-9.869545,9.968945], 0.0, [-30.610000000000003,14.224999999999998], [0.7999999999999998,7.490452798138776]","depth, nst, gap, dmin, type, horizontalError, locationSource",0.0,0.11602906250000002,0.65,1,98.3122362277888,9984,9902,0.4375,0.001010777454757666,13,20
"[24.766114333333,148.50419828222147], [5.840000000000003,210.39], [-12.215005,12.291365], [-0.8839999999999999,1.2439999999999998], [-2.38,6.38], 0.0, [-13.325,32.09], [-18.705253000000003,22.105253]","latitude, gap, dmin, rms, net, type, horizontalError, depthError",0.0,0.04361827651634726,0.5344827586206896,1,82.04372313415551,9989,9902,0.5,0.0008290044610348827,31,58
"[1784534165.64312,1787129419.20056], [-248.92237866667,-54.54989266667002], [-3.0,3.0], 0.0, [4.5563741013800545,16.310000000000002], [-17.731059499999997,27.380475999999998]","time, longitude, net, type, horizontalError, depthError",1.0,0.0009765625,0.25,1,86.75,9934,9903,0.375,0.0008919026518434805,1,4
"[-3.7128793333329995,144.30681446552546], [10.749500000000012,182.0505], [-113.05830208052443,105.25], [-0.976,3.9694770788823828], [1248.1799999999998,4667.82], 0.0, [4.5563741013800545,16.310000000000002], [-3.0,3.0]","latitude, depth, nst, rms, place, type, horizontalError, locationSource",0,0.0,0.0,1,74.75,9903,9903,0.5,0.0007685270688795409,0,4
"[-52.507685334963455,21.023880000000005], [-236.29853599999998,-121.125864], [-67.54,123.54], [-8.692419975493083,17.761135], [6.82,13.18], [3856.6800000000003,6037.32], 1.0","latitude, longitude, nst, dmin, net, place, status",4,0.1,1.0,1,34.0,9906,9906,0.4375,0.0003495641517311624,0,0
"[1786758205.71803,1787871280.13597], [-52.507685334963455,21.023880000000005], 0.0, [-7.145,42.644999999999996], [1.0160555000000002,18.9479445], 1.0","time, latitude, type, horizontalError, depthError, status",4,0.0,0.0,1,48.0,9906,9906,0.375,0.0004935023318557587,0,1
"[-248.92237866667,-15.042915589976062], [-113.05830208052443,105.25], [-11.420145,10.940410000000002], [-3.443081563883778,7.88], 0.0, 0.0","longitude, nst, dmin, net, type, status",1.0,0.040386107340619246,0.5263157894736842,1,89.38309168172238,9973,9909,0.375,0.0009189742536126471,10,19
"[1785976214.72575,1787917623.5942502], [-96.20749999999998,101.44749999999999], [-67.89510268410527,24.66671638479137], [-24.60161537335901,12.291365], [-2.38,6.38], 0.0, [-18.705253000000003,22.105253], 1.0, [0.7999999999999998,9.14]","time, depth, nst, dmin, net, type, depthError, status, locationSource",0.0,0.3787874412704941,0.8235294117647058,2,101.62764173803518,9989,9910,0.5625,0.0023079764977190506,14,17
"[1785976214.72575,1787917623.5942502], [-96.20749999999998,101.44749999999999], [-67.89510268410527,24.66671638479137], [-24.60161537335901,12.291365], [-2.38,6.38], [3496.02,5527.9800000000005], 0.0, [-18.705253000000003,22.105253], 1.0, [0.7999999999999998,9.14]","time, depth, nst, dmin, net, place, type, depthError, status, locationSource",0.0,1.0,1.0,1,141.75,9942,9915,0.625,0.0014573740737615375,4,4
"[-248.92237866667,-15.042915589976062], [-113.05830208052443,105.25], [-69.47,143.47], [-11.420145,10.940410000000002], [-3.443081563883778,7.88], 0.0, [-17.105,18.044999999999998], 0.0","longitude, nst, gap, dmin, net, type, horizontalError, status",1.0,0.022132674897119342,0.4666666666666667,1,89.19521175552,9973,9916,0.5,0.0009170426039941104,7,15
"[53.95,243.47], [1786006011.958,1786860853.4620001], 0.0, 1.0, [0.7999999999999998,7.390263998785119]","gap, updated, type, status, locationSource",0.0,1.0,1.0,1,126.0,9989,9917,0.3125,0.0012954436211213667,5,5
"[28.136266333332998,148.50419828222147], [30.53,206.05], [-9.092495000000001,9.190035], 0.0, [-10.409308529999999,12.46930847], 1.0, [0.8599999999999994,6.9446866724096905]","latitude, gap, dmin, type, depthError, status, locationSource",0.0,0.3666478320532007,0.8181818181818182,1,89.03960325402578,9989,9917,0.4375,0.0009694863601453693,18,22
"[-405.7829721382727,-54.54989266667002], [-235.26459999999994,239.10739999999996], [-43.95,118.08], [-11.420145,10.940410000000002], [-0.976,3.9694770788823828], [6.0,13.620000000000001], [1784320030.786,1787103090.556], [-20.00727172341735,35.309999999999995], 1.0","longitude, depth, gap, dmin, rms, net, updated, horizontalError, status",1.0,0.46266436603796024,0.8571428571428571,1,82.41600000000001,9979,9919,0.5625,0.0008473435037963378,6,7
"[1784534165.64312,1785636875.007363], [14.916258,108.40050300000001], [-77.54,113.54], [6.329999999999998,236.05], [1785384284.148,1786029713.794], 0.0, [-34.99,20.84272827658265], [-19.117741486,16.89408347072318], 1.0","time, latitude, nst, gap, updated, type, horizontalError, depthError, status",1.0,0.004115226337448558,0.3333333333333333,1,75.03648,9988,9919,0.5625,0.0007714724552968333,3,9
"[-224.630898,-131.05310200000002], [6.46,13.54], 1.0","longitude, net, status",2.0,0.02373046875,0.75,1,72.4272,9920,9920,0.1875,0.0007446456685371543,0,0
"[1784534165.64312,1786689871.50386], [3.860149,144.30681446552546], [-248.92237866667,-54.54989266667002], [10.749500000000012,182.0505], [6.329999999999998,151.67000000000002], [-0.976,1.98], [1248.1799999999998,4667.82], 0.0, [-11.125,22.125], [-17.731059499999997,27.380475999999998], [-1.6800000000000002,1.6800000000000002]","time, latitude, longitude, depth, gap, rms, place, type, horizontalError, depthError, locationSource",1.0,1.0,1.0,2,86.0,9934,9925,0.6875,0.0017683833558164686,1,1
"[1784534165.64312,1786397918.1568801], [-248.92237866667,-32.57166305538024], [10.749500000000012,182.0505], [-113.05830208052443,105.25], [6.329999999999998,151.67000000000002], [-11.420145,10.940410000000002], [-3.0,3.0], [1785423603.711,1787103090.556], 0.0","time, longitude, depth, nst, gap, dmin, net, updated, type",1.0,0.03125,0.5,1,71.5,9934,9925,0.5625,0.000735112848493474,1,2
"[1786303224.3066,1787856351.4014], [13.216977000000004,55.70702300000001], [-46.80233399999998,161.94813399999998], [-29.845,88.77000000000001], [-1.286,1.514], 0.0, [-16.3137875,16.074843], [8.08,11.92]","time, latitude, longitude, nst, rms, type, depthError, locationSource",4.0,1.0,1.0,1,76.5,9970,9928,0.5,0.0007865193413951155,2,2
"[-12.298055000000005,82.938255], [-46.80233399999998,161.94813399999998], [-16.96,88.77000000000001], [63.359999999999985,252.64000000000001], [-10.551155000000001,11.7697], [6.9399999999999995,13.06], [-11.930000000000001,31.770000000000003], [-12.368843,30.061787499999998]","latitude, longitude, nst, gap, dmin, net, horizontalError, depthError",4.0,1.0,1.0,1,86.6,9986,9928,0.5,0.0008970433011336448,5,5
"[1785953462.97261,1787014766.48739], [36.189215999999995,144.30681446552546], [-248.92237866667,-54.54989266667002], [-149.0854999523163,153.98550004768367], [-33.09,118.08], [-11.469700000000001,11.8697], [0.40000000000000036,7.6], [-5.700000000000001,20.9]","time, latitude, longitude, depth, gap, dmin, net, horizontalError",2,0.0,0.0,1,127.75,9929,9929,0.5,0.001313435893636941,0,4
"[36.189215999999995,144.30681446552546], [-94.25242856490033,-54.54989266667002], [-33.09,118.08], [-11.469700000000001,11.8697], [0.40000000000000036,7.6], [-5.700000000000001,20.9]","latitude, longitude, gap, dmin, net, horizontalError",2,9.5367431640625e-08,0.0625,1,89.57612488294401,9929,9929,0.375,0.0009209588855903233,0,0
"[1784534165.64312,1786689871.50386], [10.749500000000012,182.0505], [6.329999999999998,151.67000000000002], [-9.23576,9.43576], [-0.976,1.98], [1248.1799999999998,4667.82], 0.0, [-11.125,22.125], [-17.731059499999997,27.380475999999998], [-1.6800000000000002,1.6800000000000002]","time, depth, gap, dmin, rms, place, type, horizontalError, depthError, locationSource",1.0,0.1,1.0,1,86.0,9934,9934,0.625,0.0008841916779082343,0,0
"[28.136266333332998,52.769436], [-260.23912933332997,17.803816998676147], [-129.54274999999996,153.76274999999998], [-94.97,24.66671638479137], [53.95,168.46], [-0.514,1.054], [1939.38,3376.62], 0.0, 1.0","latitude, longitude, depth, nst, gap, rms, place, type, status",0.0,0.13168724279835387,0.6666666666666666,1,80.0,9938,9935,0.5625,0.0007196909006229814,2,3
"[24.766114333333,103.985886666667], [-239.27179733332997,-73.08353733333], [1785723342.468,1787991797.5740001], [3739.26,6166.735453024128], [-16.025,17.225], 1.0, [0.7999999999999998,4.34]","latitude, longitude, updated, place, horizontalError, status, locationSource",0.0,0.13168724279835387,0.6666666666666666,1,91.33333333333333,9942,9942,0.4375,0.000939025270336652,2,3
"[-260.23912933332997,-73.08353733333], [30.53,218.98000000000002], [1786541157.4459999,1787266522.7310002], [3739.26,5374.74], 0.0, [-19.5860825,21.868571], 1.0, [0.7999999999999998,4.34]","longitude, gap, updated, place, type, depthError, status, locationSource",0.0,1.0,1.0,1,85.0,9942,9942,0.5,0.000873910379327906,1,1
"[-405.7829721382727,-54.54989266667002], [-235.26459999999994,239.10739999999996], [-43.95,118.08], [-0.976,3.9694770788823828], [6.0,13.620000000000001], [1784320030.786,1787103090.556], [90.11999999999989,2369.88], [-20.00727172341735,35.309999999999995], 1.0","longitude, depth, gap, rms, net, updated, place, horizontalError, status",1.0,0.13168724279835387,0.6666666666666666,1,84.0,9979,9947,0.5625,0.0008636290807475778,2,3
"[-248.92237866667,-15.042915589976062], [-113.05830208052443,105.25], [2.12,7.88], 0.0, 0.0","longitude, nst, net, type, status",1.0,0.05292214940134466,0.5555555555555556,1,86.90272,9973,9949,0.3125,0.0008934728117626683,5,9
"[-6.807726916260002,84.03306108374], [-248.92237866667,-15.042915589976062], [-113.05830208052443,105.25], [-11.420145,10.940410000000002], [2.12,7.88], [-142.07999999999993,1642.08], 0.0, 0.0","latitude, longitude, nst, dmin, net, place, type, status",1.0,0.13168724279835387,0.6666666666666666,1,63.333333333333336,9966,9949,0.5,0.0006511489100874594,2,3
"[1784513187.5504398,1786638451.01598], [-12.298055000000005,145.44920116046245], [83.46608000000002,227.43192], [-295.9297425600585,182.21349999999998], [-29.845,107.845], [63.359999999999985,252.64000000000001], [-10.635135,11.7697], [-0.05400000000000005,1.514], [6.9399999999999995,13.06], 0.0, [-20.940000000000005,43.660000000000004], [-16.3137875,30.061787499999998], 1.0, [7.18,12.82]","time, latitude, longitude, depth, nst, gap, dmin, rms, net, type, horizontalError, depthError, status, locationSource",4,1.0,1.0,1,88.0,9986,9951,0.875,0.000904754275068891,2,2
"[1784329262.33402,1786751920.06107], [-12.298055000000005,82.938255], [-46.80233399999998,122.33539111956078], [-120.85749999999999,182.21349999999998], [63.359999999999985,252.64000000000001], [-10.551155000000001,17.761135], 0.0, [-17.735,40.214999999999996]","time, latitude, longitude, depth, gap, dmin, type, horizontalError",4.0,1.0,1.0,1,86.0,9951,9951,0.5,0.000904754275068891,2,2
"[1783805505.1875982,1786221253.8865602], [-224.630898,-131.05310200000002], [-120.18149999999999,130.18149999999997], [10.607030520954396,136.755], [186.54,378.57], [-0.886,1.2919999999999998], [-4.140000000000001,4.140000000000001], [3440.82,4977.18], 0.0, 1.0","time, longitude, depth, nst, gap, rms, net, place, type, status",2.0,0.1,1.0,1,78.85098239999999,9952,9952,0.625,0.0008106904934066122,0,0
"[-252.54710496387,-15.042915589976062], [-172.38045,161.32399999999996], [-113.05830208052443,105.25], [179.39999999999998,314.6], 0.0, 0.0","longitude, depth, nst, gap, type, status",1.0,0.1,1.0,1,58.4,9966,9966,0.375,0.000600427837091173,0,0
"[2.12,7.88], 0.0, [-16.215,20.97], 0.0","net, type, horizontalError, status",1.0,0.0003200000000000001,0.2,1,91.4,9973,9966,0.25,0.0009397106902420073,1,5
"[28.136266333332998,148.50419828222147], [-224.6575,236.5375], [-1.35,1.73], 0.0, [-11.188479,12.308479], 1.0, [0.7999999999999998,4.34]","latitude, depth, rms, type, depthError, status, locationSource",0.0,0.401877572016461,0.8333333333333334,1,70.209216,9989,9967,0.4375,0.0008015300373223948,10,12
"[1784513187.5504398,1786751920.06107], [-46.80233399999998,227.43192], [-120.85749999999999,182.21349999999998], [63.359999999999985,252.64000000000001], [6.9399999999999995,13.06], [7.18,12.82]","time, longitude, depth, gap, net, locationSource",4.0,1.0,1.0,1,96.0,9986,9970,0.375,0.001110380246675457,2,2
"[1784513187.5504398,1786638451.01598], [-12.298055000000005,114.56295017084476], [83.46608000000002,161.94813399999998], [-295.9297425600585,182.21349999999998], [-29.845,107.845], [63.359999999999985,252.64000000000001], [-10.635135,11.7697], [-1.286,3.29673232704802], 0.0, [-20.940000000000005,43.660000000000004], [-16.3137875,30.061787499999998], 1.0","time, latitude, longitude, depth, nst, gap, dmin, rms, type, horizontalError, depthError, status",0,0.0,0.0,1,108.0,9970,9970,0.75,0.001110380246675457,0,1
"[-248.92237866667,-15.042915589976062], [-69.47,143.47], [2.12,7.1], 0.0, [-31.110000000000003,31.59], 0.0, [3.2,6.8]","longitude, gap, net, type, horizontalError, status, locationSource",1.0,0.0,0.0,1,97.33333333333333,9973,9973,0.4375,0.0010007130618186217,0,3
"[1784534165.64312,1785636875.007363], [-113.05830208052443,105.25], [-11.469700000000001,11.8697], [2.9,7.88], 0.0, 0.0","time, nst, dmin, net, type, status",3,0.0,0.0,1,105.0,9973,9973,0.375,0.001079536350934472,0,1
"[28.136266333332998,148.50419828222147], [-94.97,24.66671638479137], [30.53,243.47], 0.0, [0.7999999999999998,6.9446866724096905]","latitude, nst, gap, type, locationSource",0.0,0.28462802079628785,0.7777777777777778,1,110.15808,9989,9975,0.3125,0.00113990813619816,7,9
"[28.136266333332998,148.50419828222147], [-162.53249993324278,166.89250006675718], [-94.97,24.66671638479137], [-8.926720000000001,8.96682], 0.0, [-34.61,35.69], [-13.660184049999998,16.02018395]","latitude, depth, nst, dmin, type, horizontalError, depthError",0.0,0.07775999999999998,0.6,1,84.40551112704,9989,9975,0.4375,0.0009555761980083716,9,15
"[9.659999999999997,88.34], [152.16,273.84], [-12.31358,12.58178], [-1.56,1.7999999999999998], [-0.54,6.54], [1786841791.863,1787877963.383], [-3.259999999999991,3317.26], [-26.595000000000002,27.555000000000003], 1.0, [-0.06000000000000005,6.0600000000000005]","nst, gap, dmin, rms, net, updated, place, horizontalError, status, locationSource",3.0,1.0,1.0,1,39.0,9977,9977,0.625,0.00040097064463280396,1,1
"[-43.95,141.95], [-12.153185,10.940410000000002], [-0.976,1.878], [6.0,13.620000000000001], [1784320030.786,1787103090.556], [-20.00727172341735,35.309999999999995], 1.0, [7.46,14.54]","gap, dmin, rms, net, updated, horizontalError, status, locationSource",1.0,0.004115226337448558,0.3333333333333333,1,76.66666666666667,9979,9979,0.5,0.0007882328911585035,1,3
"[10.160976999999999,52.651022999999995], [-405.7829721382727,-54.54989266667002], [-235.26459999999994,239.10739999999996], [-11.420145,12.353185], [-1.538,3.9694770788823828], [-20.00727172341735,20.84272827658265], [-8.039291441942868,9.89259755805713], 1.0","latitude, longitude, depth, dmin, rms, horizontalError, depthError, status",1.0,0.012558674125514407,0.4166666666666667,1,77.51082751999999,9987,9979,0.5,0.0008678567507238087,5,12
"[66.85195362224843,148.50419828222147], [-94.97,24.66671638479137], [30.53,243.47], [2990.3199999999997,5765.68], 0.0, [0.7999999999999998,6.9446866724096905]","latitude, nst, gap, place, type, locationSource",0.0,0.02488222127684893,0.7571428571428571,1,114.3798569406472,9984,9984,0.375,0.0011759734607820309,0,0
"[28.136266333332998,148.50419828222147], [30.53,243.47], [-12.215005,12.291365], 0.0, [-22.663926730217092,32.09], [0.7999999999999998,6.9446866724096905]","latitude, gap, dmin, type, horizontalError, locationSource",0.0,0.13168724279835387,0.6666666666666666,1,88.92,9989,9984,0.375,0.0009630149670240847,4,6
"[1784329262.33402,1786638451.01598], [-46.80233399999998,226.38726899999997], [-295.9297425600585,182.21349999999998], [63.359999999999985,252.64000000000001], [-0.05400000000000005,1.514], 0.0","time, longitude, depth, gap, rms, type",4.0,1.0,1.0,1,84.0,9986,9986,0.375,0.000940615444517076,1,1
"[1785033553.01802,1786638451.01598], [-16.96,88.77000000000001], [63.359999999999985,252.64000000000001], [-592.9800000000001,3539.24], [-17.735,40.214999999999996], [-16.3137875,30.061787499999998], [8.5,11.5]","time, nst, gap, place, horizontalError, depthError, locationSource",4.0,1.0,1.0,1,56.0,9996,9986,0.4375,0.0009619347452532449,2,2
"[1.2443459999999966,144.30681446552546], [-207.79624999999996,220.45624999999998], [-1.5,167.5], [-11.653185,13.26293], [-1.482,1.98], [4.5,13.5], [1248.1799999999998,3574.18], 0.0","latitude, depth, gap, dmin, rms, net, place, type",0,0.0,0.0,1,92.0,9987,9987,0.5,0.0008255433195346297,0,2
"[1784534165.64312,1786751556.1701884], [36.189215999999995,62.781654], [-248.92237866667,-31.255080000000007], 1.0, [-3.0,6.859999999999999]","time, latitude, longitude, status, locationSource",1,0.0,0.0,1,44.0,9987,9987,0.3125,0.0007813786921049513,0,2
"[1784534165.64312,1787404428.146461], [41.198216,88.08378400000001], [-420.9684399017239,182.0505], [-45.25,105.25], [-15.709999999999994,183.70999999999998], [-11.420145,10.940410000000002], [-2.0970398120204417,1.98], [1785423603.711,1787103090.556], [1248.1799999999998,3574.18], 0.0, [-11.125,20.97], [-3.0,5.797754686643749]","time, latitude, depth, nst, gap, dmin, rms, updated, place, type, horizontalError, locationSource",1.0,0.1,1.0,1,66.3616,9988,9988,0.75,0.0006822834238683149,0,0
"[1784534165.64312,1787404428.146461], [-172.38045,182.0505], [-45.25,105.25], [-15.709999999999994,183.70999999999998], [-11.420145,10.940410000000002], [-1.482,1.98], [1248.1799999999998,3574.18], 0.0, [-11.125,20.97], [-3.0,5.797754686643749]","time, depth, nst, gap, dmin, rms, place, type, horizontalError, locationSource",1.0,0.0009765625,0.25,1,80.0,9988,9988,0.625,0.0005860340190787135,1,4
"[-94.97,24.66671638479137], [-0.8839999999999999,1.2439999999999998], 0.0, 1.0, [0.7999999999999998,7.390263998785119]","nst, rms, type, status, locationSource",0.0,0.2373046875,0.75,1,76.0,9989,9989,0.3125,0.0012266168259626052,3,4
"[24.766114333333,148.50419828222147], [53.95,243.47], [-13.269755838743945,12.291365], [1786006011.958,1786860853.4620001], 0.0, [-30.610000000000003,32.09], [-20.171935,23.111935]","latitude, gap, dmin, updated, type, horizontalError, depthError",0.0,0.07602147330083422,0.9387755102040816,1,126.0,9989,9989,0.4375,0.0012954436211213667,0,0
"[-18.105975,18.523375], [66.30931000000001,174.28368999999998], [-41.53,83.53], [-5.286730000000001,15.71873], [-1.1119999999999997,2.472], [7.18,12.82], [3236.94,4575.06], [-8.8219675,12.8199675], 1.0","latitude, longitude, gap, dmin, rms, net, place, depthError, status",5.0,0.001734152991583261,0.4444444444444444,1,62.670133472788486,9992,9992,0.5625,0.0006443303543027658,0,0
"[1786147970.24623,1787778753.69577], [-3.8781368930103053,18.523375], [-44.413917999999995,174.28368999999998], [31.18,154.82], [-5.286730000000001,15.71873], [-11.674888999999999,24.188888999999996]","time, latitude, longitude, nst, dmin, depthError",5.0,0.0010240000000000004,0.4,1,60.26079050331587,9992,9992,0.375,0.0006195591798512029,0,0
